experiment,task,symbol,prediction,n_voters,n_valid_votes,vote_distribution,voters_used
GPT-core-ensemble,binary,AAPL,UP,3,3,{'UP': 3},"['GPT-few-CoT', 'GPT-zero-CoT', 'GPT-rag-few']"
GPT-core-ensemble,binary,ABBV,UP,3,3,{'UP': 3},"['GPT-few-CoT', 'GPT-zero-CoT', 'GPT-rag-few']"
GPT-core-ensemble,binary,ABNB,DOWN,3,3,"{'DOWN': 2, 'UP': 1}","['GPT-few-CoT', 'GPT-zero-CoT', 'GPT-rag-few']"
GPT-core-ensemble,binary,ABT,UP,3,3,{'UP': 3},"['GPT-few-CoT', 'GPT-zero-CoT', 'GPT-rag-few']"
GPT-core-ensemble,binary,AEP,UP,3,3,{'UP': 3},"['GPT-few-CoT', 'GPT-zero-CoT', 'GPT-rag-few']"
GPT-core-ensemble,binary,AMAT,UP,3,3,{'UP': 3},"['GPT-few-CoT', 'GPT-zero-CoT', 'GPT-rag-few']"
GPT-core-ensemble,binary,AMD,UP,3,3,{'UP': 3},"['GPT-few-CoT', 'GPT-zero-CoT', 'GPT-rag-few']"
GPT-core-ensemble,binary,AMGN,UP,3,3,{'UP': 3},"['GPT-few-CoT', 'GPT-zero-CoT', 'GPT-rag-few']"
GPT-core-ensemble,binary,AMT,UP,3,3,{'UP': 3},"['GPT-few-CoT', 'GPT-zero-CoT', 'GPT-rag-few']"
GPT-core-ensemble,binary,AMZN,UP,3,3,{'UP': 3},"['GPT-few-CoT', 'GPT-zero-CoT', 'GPT-rag-few']"
GPT-core-ensemble,binary,APD,DOWN,3,3,{'DOWN': 3},"['GPT-few-CoT', 'GPT-zero-CoT', 'GPT-rag-few']"
GPT-core-ensemble,binary,AVGO,UP,3,3,{'UP': 3},"['GPT-few-CoT', 'GPT-zero-CoT', 'GPT-rag-few']"
GPT-core-ensemble,binary,AXP,UP,3,3,{'UP': 3},"['GPT-few-CoT', 'GPT-zero-CoT', 'GPT-rag-few']"
GPT-core-ensemble,binary,BA,UP,3,3,{'UP': 3},"['GPT-few-CoT', 'GPT-zero-CoT', 'GPT-rag-few']"
GPT-core-ensemble,binary,BAC,UP,3,3,{'UP': 3},"['GPT-few-CoT', 'GPT-zero-CoT', 'GPT-rag-few']"
GPT-core-ensemble,binary,BKNG,UP,3,3,{'UP': 3},"['GPT-few-CoT', 'GPT-zero-CoT', 'GPT-rag-few']"
GPT-core-ensemble,binary,BLK,UP,3,3,{'UP': 3},"['GPT-few-CoT', 'GPT-zero-CoT', 'GPT-rag-few']"
GPT-core-ensemble,binary,C,UP,3,3,{'UP': 3},"['GPT-few-CoT', 'GPT-zero-CoT', 'GPT-rag-few']"
GPT-core-ensemble,binary,CAT,DOWN,3,3,"{'UP': 1, 'DOWN': 2}","['GPT-few-CoT', 'GPT-zero-CoT', 'GPT-rag-few']"
GPT-core-ensemble,binary,CB,DOWN,3,3,"{'DOWN': 2, 'UP': 1}","['GPT-few-CoT', 'GPT-zero-CoT', 'GPT-rag-few']"
GPT-core-ensemble,binary,CEG,UP,3,3,{'UP': 3},"['GPT-few-CoT', 'GPT-zero-CoT', 'GPT-rag-few']"
GPT-core-ensemble,binary,COF,UP,3,3,{'UP': 3},"['GPT-few-CoT', 'GPT-zero-CoT', 'GPT-rag-few']"
GPT-core-ensemble,binary,COP,UP,3,3,{'UP': 3},"['GPT-few-CoT', 'GPT-zero-CoT', 'GPT-rag-few']"
GPT-core-ensemble,binary,COST,UP,3,3,{'UP': 3},"['GPT-few-CoT', 'GPT-zero-CoT', 'GPT-rag-few']"
GPT-core-ensemble,binary,CSCO,UP,3,3,{'UP': 3},"['GPT-few-CoT', 'GPT-zero-CoT', 'GPT-rag-few']"
GPT-core-ensemble,binary,CVX,UP,3,3,"{'DOWN': 1, 'UP': 2}","['GPT-few-CoT', 'GPT-zero-CoT', 'GPT-rag-few']"
GPT-core-ensemble,binary,DE,DOWN,3,3,{'DOWN': 3},"['GPT-few-CoT', 'GPT-zero-CoT', 'GPT-rag-few']"
GPT-core-ensemble,binary,DHR,UP,3,3,{'UP': 3},"['GPT-few-CoT', 'GPT-zero-CoT', 'GPT-rag-few']"
GPT-core-ensemble,binary,DLR,UP,3,3,{'UP': 3},"['GPT-few-CoT', 'GPT-zero-CoT', 'GPT-rag-few']"
GPT-core-ensemble,binary,DUK,UP,3,3,{'UP': 3},"['GPT-few-CoT', 'GPT-zero-CoT', 'GPT-rag-few']"
GPT-core-ensemble,binary,ECL,UP,3,3,{'UP': 3},"['GPT-few-CoT', 'GPT-zero-CoT', 'GPT-rag-few']"
GPT-core-ensemble,binary,EQIX,UP,3,3,{'UP': 3},"['GPT-few-CoT', 'GPT-zero-CoT', 'GPT-rag-few']"
GPT-core-ensemble,binary,ETN,UP,3,3,{'UP': 3},"['GPT-few-CoT', 'GPT-zero-CoT', 'GPT-rag-few']"
GPT-core-ensemble,binary,FCX,UP,3,3,{'UP': 3},"['GPT-few-CoT', 'GPT-zero-CoT', 'GPT-rag-few']"
GPT-core-ensemble,binary,FDX,DOWN,3,3,{'DOWN': 3},"['GPT-few-CoT', 'GPT-zero-CoT', 'GPT-rag-few']"
GPT-core-ensemble,binary,GE,UP,3,3,{'UP': 3},"['GPT-few-CoT', 'GPT-zero-CoT', 'GPT-rag-few']"
GPT-core-ensemble,binary,GEV,UP,3,3,{'UP': 3},"['GPT-few-CoT', 'GPT-zero-CoT', 'GPT-rag-few']"
GPT-core-ensemble,binary,GILD,UP,3,3,"{'DOWN': 1, 'UP': 2}","['GPT-few-CoT', 'GPT-zero-CoT', 'GPT-rag-few']"
GPT-core-ensemble,binary,GOOGL,UP,3,3,{'UP': 3},"['GPT-few-CoT', 'GPT-zero-CoT', 'GPT-rag-few']"
GPT-core-ensemble,binary,GS,UP,3,3,{'UP': 3},"['GPT-few-CoT', 'GPT-zero-CoT', 'GPT-rag-few']"
GPT-core-ensemble,binary,HD,DOWN,3,3,{'DOWN': 3},"['GPT-few-CoT', 'GPT-zero-CoT', 'GPT-rag-few']"
GPT-core-ensemble,binary,HON,UP,3,3,{'UP': 3},"['GPT-few-CoT', 'GPT-zero-CoT', 'GPT-rag-few']"
GPT-core-ensemble,binary,HWM,UP,3,3,{'UP': 3},"['GPT-few-CoT', 'GPT-zero-CoT', 'GPT-rag-few']"
GPT-core-ensemble,binary,INTC,DOWN,3,3,{'DOWN': 3},"['GPT-few-CoT', 'GPT-zero-CoT', 'GPT-rag-few']"
GPT-core-ensemble,binary,ISRG,UP,3,3,{'UP': 3},"['GPT-few-CoT', 'GPT-zero-CoT', 'GPT-rag-few']"
GPT-core-ensemble,binary,JNJ,UP,3,3,{'UP': 3},"['GPT-few-CoT', 'GPT-zero-CoT', 'GPT-rag-few']"
GPT-core-ensemble,binary,JPM,DOWN,3,3,{'DOWN': 3},"['GPT-few-CoT', 'GPT-zero-CoT', 'GPT-rag-few']"
GPT-core-ensemble,binary,KLAC,UP,3,3,{'UP': 3},"['GPT-few-CoT', 'GPT-zero-CoT', 'GPT-rag-few']"
GPT-core-ensemble,binary,KO,DOWN,3,3,"{'DOWN': 2, 'UP': 1}","['GPT-few-CoT', 'GPT-zero-CoT', 'GPT-rag-few']"
GPT-core-ensemble,binary,LIN,DOWN,3,3,{'DOWN': 3},"['GPT-few-CoT', 'GPT-zero-CoT', 'GPT-rag-few']"
GPT-core-ensemble,binary,LLY,UP,3,3,{'UP': 3},"['GPT-few-CoT', 'GPT-zero-CoT', 'GPT-rag-few']"
GPT-core-ensemble,binary,LMT,UP,3,3,{'UP': 3},"['GPT-few-CoT', 'GPT-zero-CoT', 'GPT-rag-few']"
GPT-core-ensemble,binary,LOW,UP,3,3,{'UP': 3},"['GPT-few-CoT', 'GPT-zero-CoT', 'GPT-rag-few']"
GPT-core-ensemble,binary,LRCX,UP,3,3,{'UP': 3},"['GPT-few-CoT', 'GPT-zero-CoT', 'GPT-rag-few']"
GPT-core-ensemble,binary,MA,UP,3,3,{'UP': 3},"['GPT-few-CoT', 'GPT-zero-CoT', 'GPT-rag-few']"
GPT-core-ensemble,binary,MAR,DOWN,3,3,{'DOWN': 3},"['GPT-few-CoT', 'GPT-zero-CoT', 'GPT-rag-few']"
GPT-core-ensemble,binary,MCD,DOWN,3,3,{'DOWN': 3},"['GPT-few-CoT', 'GPT-zero-CoT', 'GPT-rag-few']"
GPT-core-ensemble,binary,META,DOWN,3,3,"{'DOWN': 2, 'UP': 1}","['GPT-few-CoT', 'GPT-zero-CoT', 'GPT-rag-few']"
GPT-core-ensemble,binary,MO,DOWN,3,3,{'DOWN': 3},"['GPT-few-CoT', 'GPT-zero-CoT', 'GPT-rag-few']"
GPT-core-ensemble,binary,MRK,DOWN,3,3,"{'DOWN': 2, 'UP': 1}","['GPT-few-CoT', 'GPT-zero-CoT', 'GPT-rag-few']"
GPT-core-ensemble,binary,MS,UP,3,3,{'UP': 3},"['GPT-few-CoT', 'GPT-zero-CoT', 'GPT-rag-few']"
GPT-core-ensemble,binary,MSFT,UP,3,3,{'UP': 3},"['GPT-few-CoT', 'GPT-zero-CoT', 'GPT-rag-few']"
GPT-core-ensemble,binary,MU,UP,3,3,{'UP': 3},"['GPT-few-CoT', 'GPT-zero-CoT', 'GPT-rag-few']"
GPT-core-ensemble,binary,NEE,UP,3,3,{'UP': 3},"['GPT-few-CoT', 'GPT-zero-CoT', 'GPT-rag-few']"
GPT-core-ensemble,binary,NEM,UP,3,3,{'UP': 3},"['GPT-few-CoT', 'GPT-zero-CoT', 'GPT-rag-few']"
GPT-core-ensemble,binary,NFLX,UP,3,3,{'UP': 3},"['GPT-few-CoT', 'GPT-zero-CoT', 'GPT-rag-few']"
GPT-core-ensemble,binary,NVDA,UP,3,3,"{'DOWN': 1, 'UP': 2}","['GPT-few-CoT', 'GPT-zero-CoT', 'GPT-rag-few']"
GPT-core-ensemble,binary,ORCL,UP,3,3,{'UP': 3},"['GPT-few-CoT', 'GPT-zero-CoT', 'GPT-rag-few']"
GPT-core-ensemble,binary,PEP,DOWN,3,3,{'DOWN': 3},"['GPT-few-CoT', 'GPT-zero-CoT', 'GPT-rag-few']"
GPT-core-ensemble,binary,PFE,UP,3,3,{'UP': 3},"['GPT-few-CoT', 'GPT-zero-CoT', 'GPT-rag-few']"
GPT-core-ensemble,binary,PG,DOWN,3,3,{'DOWN': 3},"['GPT-few-CoT', 'GPT-zero-CoT', 'GPT-rag-few']"
GPT-core-ensemble,binary,PH,UP,3,3,{'UP': 3},"['GPT-few-CoT', 'GPT-zero-CoT', 'GPT-rag-few']"
GPT-core-ensemble,binary,PLD,DOWN,3,3,"{'DOWN': 2, 'UP': 1}","['GPT-few-CoT', 'GPT-zero-CoT', 'GPT-rag-few']"
GPT-core-ensemble,binary,PLTR,UP,3,3,{'UP': 3},"['GPT-few-CoT', 'GPT-zero-CoT', 'GPT-rag-few']"
GPT-core-ensemble,binary,PM,UP,3,3,{'UP': 3},"['GPT-few-CoT', 'GPT-zero-CoT', 'GPT-rag-few']"
GPT-core-ensemble,binary,PWR,UP,3,3,{'UP': 3},"['GPT-few-CoT', 'GPT-zero-CoT', 'GPT-rag-few']"
GPT-core-ensemble,binary,RTX,UP,3,3,{'UP': 3},"['GPT-few-CoT', 'GPT-zero-CoT', 'GPT-rag-few']"
GPT-core-ensemble,binary,SBUX,DOWN,3,3,{'DOWN': 3},"['GPT-few-CoT', 'GPT-zero-CoT', 'GPT-rag-few']"
GPT-core-ensemble,binary,SCHW,UP,3,3,{'UP': 3},"['GPT-few-CoT', 'GPT-zero-CoT', 'GPT-rag-few']"
GPT-core-ensemble,binary,SHW,UP,3,3,{'UP': 3},"['GPT-few-CoT', 'GPT-zero-CoT', 'GPT-rag-few']"
GPT-core-ensemble,binary,SO,UP,3,3,{'UP': 3},"['GPT-few-CoT', 'GPT-zero-CoT', 'GPT-rag-few']"
GPT-core-ensemble,binary,SPG,UP,3,3,"{'DOWN': 1, 'UP': 2}","['GPT-few-CoT', 'GPT-zero-CoT', 'GPT-rag-few']"
GPT-core-ensemble,binary,SPGI,UP,3,3,"{'UP': 2, 'DOWN': 1}","['GPT-few-CoT', 'GPT-zero-CoT', 'GPT-rag-few']"
GPT-core-ensemble,binary,SRE,UP,3,3,{'UP': 3},"['GPT-few-CoT', 'GPT-zero-CoT', 'GPT-rag-few']"
GPT-core-ensemble,binary,SYK,UP,3,3,{'UP': 3},"['GPT-few-CoT', 'GPT-zero-CoT', 'GPT-rag-few']"
GPT-core-ensemble,binary,TJX,DOWN,3,3,"{'DOWN': 2, 'UP': 1}","['GPT-few-CoT', 'GPT-zero-CoT', 'GPT-rag-few']"
GPT-core-ensemble,binary,TMO,DOWN,3,3,{'DOWN': 3},"['GPT-few-CoT', 'GPT-zero-CoT', 'GPT-rag-few']"
GPT-core-ensemble,binary,TMUS,UP,3,3,{'UP': 3},"['GPT-few-CoT', 'GPT-zero-CoT', 'GPT-rag-few']"
GPT-core-ensemble,binary,TSLA,DOWN,3,3,{'DOWN': 3},"['GPT-few-CoT', 'GPT-zero-CoT', 'GPT-rag-few']"
GPT-core-ensemble,binary,TT,UP,3,3,{'UP': 3},"['GPT-few-CoT', 'GPT-zero-CoT', 'GPT-rag-few']"
GPT-core-ensemble,binary,TXN,UP,3,3,{'UP': 3},"['GPT-few-CoT', 'GPT-zero-CoT', 'GPT-rag-few']"
GPT-core-ensemble,binary,UBER,UP,3,3,{'UP': 3},"['GPT-few-CoT', 'GPT-zero-CoT', 'GPT-rag-few']"
GPT-core-ensemble,binary,UNH,DOWN,3,3,{'DOWN': 3},"['GPT-few-CoT', 'GPT-zero-CoT', 'GPT-rag-few']"
GPT-core-ensemble,binary,UNP,UP,3,3,{'UP': 3},"['GPT-few-CoT', 'GPT-zero-CoT', 'GPT-rag-few']"
GPT-core-ensemble,binary,V,UP,3,3,{'UP': 3},"['GPT-few-CoT', 'GPT-zero-CoT', 'GPT-rag-few']"
GPT-core-ensemble,binary,WELL,UP,3,3,{'UP': 3},"['GPT-few-CoT', 'GPT-zero-CoT', 'GPT-rag-few']"
GPT-core-ensemble,binary,WFC,UP,3,3,"{'DOWN': 1, 'UP': 2}","['GPT-few-CoT', 'GPT-zero-CoT', 'GPT-rag-few']"
GPT-core-ensemble,binary,WMB,UP,3,3,{'UP': 3},"['GPT-few-CoT', 'GPT-zero-CoT', 'GPT-rag-few']"
GPT-core-ensemble,binary,WMT,UP,3,3,{'UP': 3},"['GPT-few-CoT', 'GPT-zero-CoT', 'GPT-rag-few']"
GPT-core-ensemble,binary,XOM,UP,3,3,{'UP': 3},"['GPT-few-CoT', 'GPT-zero-CoT', 'GPT-rag-few']"
GPT-hybrid-ensemble,binary,AAPL,UP,3,3,"{'UP': 2, 'DOWN': 1}","['GPT-xgb-inject', 'GPT-feat-inject', 'GPT-speaker-seg']"
GPT-hybrid-ensemble,binary,ABBV,UP,3,3,"{'UP': 2, 'DOWN': 1}","['GPT-xgb-inject', 'GPT-feat-inject', 'GPT-speaker-seg']"
GPT-hybrid-ensemble,binary,ABNB,UP,3,3,"{'UP': 2, 'DOWN': 1}","['GPT-xgb-inject', 'GPT-feat-inject', 'GPT-speaker-seg']"
GPT-hybrid-ensemble,binary,ABT,UP,3,3,"{'UP': 2, 'DOWN': 1}","['GPT-xgb-inject', 'GPT-feat-inject', 'GPT-speaker-seg']"
GPT-hybrid-ensemble,binary,AEP,UP,3,3,{'UP': 3},"['GPT-xgb-inject', 'GPT-feat-inject', 'GPT-speaker-seg']"
GPT-hybrid-ensemble,binary,AMAT,UP,3,3,{'UP': 3},"['GPT-xgb-inject', 'GPT-feat-inject', 'GPT-speaker-seg']"
GPT-hybrid-ensemble,binary,AMD,UP,3,3,{'UP': 3},"['GPT-xgb-inject', 'GPT-feat-inject', 'GPT-speaker-seg']"
GPT-hybrid-ensemble,binary,AMGN,UP,3,3,"{'UP': 2, 'DOWN': 1}","['GPT-xgb-inject', 'GPT-feat-inject', 'GPT-speaker-seg']"
GPT-hybrid-ensemble,binary,AMT,UP,3,3,"{'UP': 2, 'DOWN': 1}","['GPT-xgb-inject', 'GPT-feat-inject', 'GPT-speaker-seg']"
GPT-hybrid-ensemble,binary,AMZN,UP,3,3,"{'UP': 2, 'DOWN': 1}","['GPT-xgb-inject', 'GPT-feat-inject', 'GPT-speaker-seg']"
GPT-hybrid-ensemble,binary,APD,DOWN,3,3,{'DOWN': 3},"['GPT-xgb-inject', 'GPT-feat-inject', 'GPT-speaker-seg']"
GPT-hybrid-ensemble,binary,AVGO,UP,3,3,{'UP': 3},"['GPT-xgb-inject', 'GPT-feat-inject', 'GPT-speaker-seg']"
GPT-hybrid-ensemble,binary,AXP,UP,3,3,"{'UP': 2, 'DOWN': 1}","['GPT-xgb-inject', 'GPT-feat-inject', 'GPT-speaker-seg']"
GPT-hybrid-ensemble,binary,BA,UP,3,3,{'UP': 3},"['GPT-xgb-inject', 'GPT-feat-inject', 'GPT-speaker-seg']"
GPT-hybrid-ensemble,binary,BAC,UP,3,3,"{'UP': 2, 'DOWN': 1}","['GPT-xgb-inject', 'GPT-feat-inject', 'GPT-speaker-seg']"
GPT-hybrid-ensemble,binary,BKNG,DOWN,3,2,{'DOWN': 2},"['GPT-xgb-inject', 'GPT-feat-inject', 'GPT-speaker-seg']"
GPT-hybrid-ensemble,binary,BLK,UP,3,3,{'UP': 3},"['GPT-xgb-inject', 'GPT-feat-inject', 'GPT-speaker-seg']"
GPT-hybrid-ensemble,binary,C,UP,3,3,"{'UP': 2, 'DOWN': 1}","['GPT-xgb-inject', 'GPT-feat-inject', 'GPT-speaker-seg']"
GPT-hybrid-ensemble,binary,CAT,DOWN,3,3,"{'UP': 1, 'DOWN': 2}","['GPT-xgb-inject', 'GPT-feat-inject', 'GPT-speaker-seg']"
GPT-hybrid-ensemble,binary,CB,UP,3,3,"{'UP': 2, 'DOWN': 1}","['GPT-xgb-inject', 'GPT-feat-inject', 'GPT-speaker-seg']"
GPT-hybrid-ensemble,binary,CEG,UP,3,3,"{'UP': 2, 'DOWN': 1}","['GPT-xgb-inject', 'GPT-feat-inject', 'GPT-speaker-seg']"
GPT-hybrid-ensemble,binary,COF,DOWN,3,3,"{'DOWN': 2, 'UP': 1}","['GPT-xgb-inject', 'GPT-feat-inject', 'GPT-speaker-seg']"
GPT-hybrid-ensemble,binary,COP,UP,3,3,"{'UP': 2, 'DOWN': 1}","['GPT-xgb-inject', 'GPT-feat-inject', 'GPT-speaker-seg']"
GPT-hybrid-ensemble,binary,COST,UP,3,3,"{'UP': 2, 'DOWN': 1}","['GPT-xgb-inject', 'GPT-feat-inject', 'GPT-speaker-seg']"
GPT-hybrid-ensemble,binary,CSCO,UP,3,3,"{'UP': 2, 'DOWN': 1}","['GPT-xgb-inject', 'GPT-feat-inject', 'GPT-speaker-seg']"
GPT-hybrid-ensemble,binary,CVX,UP,3,3,"{'UP': 2, 'DOWN': 1}","['GPT-xgb-inject', 'GPT-feat-inject', 'GPT-speaker-seg']"
GPT-hybrid-ensemble,binary,DE,DOWN,3,3,"{'UP': 1, 'DOWN': 2}","['GPT-xgb-inject', 'GPT-feat-inject', 'GPT-speaker-seg']"
GPT-hybrid-ensemble,binary,DHR,UP,3,3,"{'UP': 2, 'DOWN': 1}","['GPT-xgb-inject', 'GPT-feat-inject', 'GPT-speaker-seg']"
GPT-hybrid-ensemble,binary,DLR,UP,3,3,"{'UP': 2, 'DOWN': 1}","['GPT-xgb-inject', 'GPT-feat-inject', 'GPT-speaker-seg']"
GPT-hybrid-ensemble,binary,DUK,UP,3,3,{'UP': 3},"['GPT-xgb-inject', 'GPT-feat-inject', 'GPT-speaker-seg']"
GPT-hybrid-ensemble,binary,ECL,UP,3,3,"{'DOWN': 1, 'UP': 2}","['GPT-xgb-inject', 'GPT-feat-inject', 'GPT-speaker-seg']"
GPT-hybrid-ensemble,binary,EQIX,UP,3,3,"{'UP': 2, 'DOWN': 1}","['GPT-xgb-inject', 'GPT-feat-inject', 'GPT-speaker-seg']"
GPT-hybrid-ensemble,binary,ETN,UP,3,3,{'UP': 3},"['GPT-xgb-inject', 'GPT-feat-inject', 'GPT-speaker-seg']"
GPT-hybrid-ensemble,binary,FCX,UP,3,3,{'UP': 3},"['GPT-xgb-inject', 'GPT-feat-inject', 'GPT-speaker-seg']"
GPT-hybrid-ensemble,binary,FDX,DOWN,3,3,{'DOWN': 3},"['GPT-xgb-inject', 'GPT-feat-inject', 'GPT-speaker-seg']"
GPT-hybrid-ensemble,binary,GE,UP,3,3,"{'UP': 2, 'DOWN': 1}","['GPT-xgb-inject', 'GPT-feat-inject', 'GPT-speaker-seg']"
GPT-hybrid-ensemble,binary,GEV,UP,3,3,"{'UP': 2, 'DOWN': 1}","['GPT-xgb-inject', 'GPT-feat-inject', 'GPT-speaker-seg']"
GPT-hybrid-ensemble,binary,GILD,UP,3,3,"{'UP': 2, 'DOWN': 1}","['GPT-xgb-inject', 'GPT-feat-inject', 'GPT-speaker-seg']"
GPT-hybrid-ensemble,binary,GOOGL,UP,3,3,{'UP': 3},"['GPT-xgb-inject', 'GPT-feat-inject', 'GPT-speaker-seg']"
GPT-hybrid-ensemble,binary,GS,UP,3,3,{'UP': 3},"['GPT-xgb-inject', 'GPT-feat-inject', 'GPT-speaker-seg']"
GPT-hybrid-ensemble,binary,HD,UP,3,3,"{'UP': 2, 'DOWN': 1}","['GPT-xgb-inject', 'GPT-feat-inject', 'GPT-speaker-seg']"
GPT-hybrid-ensemble,binary,HON,UP,3,3,"{'UP': 2, 'DOWN': 1}","['GPT-xgb-inject', 'GPT-feat-inject', 'GPT-speaker-seg']"
GPT-hybrid-ensemble,binary,HWM,UP,3,3,"{'UP': 2, 'DOWN': 1}","['GPT-xgb-inject', 'GPT-feat-inject', 'GPT-speaker-seg']"
GPT-hybrid-ensemble,binary,INTC,DOWN,3,3,"{'DOWN': 2, 'UP': 1}","['GPT-xgb-inject', 'GPT-feat-inject', 'GPT-speaker-seg']"
GPT-hybrid-ensemble,binary,ISRG,UP,3,3,"{'UP': 2, 'DOWN': 1}","['GPT-xgb-inject', 'GPT-feat-inject', 'GPT-speaker-seg']"
GPT-hybrid-ensemble,binary,JNJ,UP,3,3,"{'UP': 2, 'DOWN': 1}","['GPT-xgb-inject', 'GPT-feat-inject', 'GPT-speaker-seg']"
GPT-hybrid-ensemble,binary,JPM,DOWN,3,3,"{'UP': 1, 'DOWN': 2}","['GPT-xgb-inject', 'GPT-feat-inject', 'GPT-speaker-seg']"
GPT-hybrid-ensemble,binary,KLAC,UP,3,3,"{'UP': 2, 'DOWN': 1}","['GPT-xgb-inject', 'GPT-feat-inject', 'GPT-speaker-seg']"
GPT-hybrid-ensemble,binary,KO,UP,3,3,"{'UP': 2, 'DOWN': 1}","['GPT-xgb-inject', 'GPT-feat-inject', 'GPT-speaker-seg']"
GPT-hybrid-ensemble,binary,LIN,DOWN,3,3,"{'UP': 1, 'DOWN': 2}","['GPT-xgb-inject', 'GPT-feat-inject', 'GPT-speaker-seg']"
GPT-hybrid-ensemble,binary,LLY,UP,3,3,"{'UP': 2, 'DOWN': 1}","['GPT-xgb-inject', 'GPT-feat-inject', 'GPT-speaker-seg']"
GPT-hybrid-ensemble,binary,LMT,UP,3,3,"{'UP': 2, 'DOWN': 1}","['GPT-xgb-inject', 'GPT-feat-inject', 'GPT-speaker-seg']"
GPT-hybrid-ensemble,binary,LOW,UP,3,3,{'UP': 3},"['GPT-xgb-inject', 'GPT-feat-inject', 'GPT-speaker-seg']"
GPT-hybrid-ensemble,binary,LRCX,UP,3,3,{'UP': 3},"['GPT-xgb-inject', 'GPT-feat-inject', 'GPT-speaker-seg']"
GPT-hybrid-ensemble,binary,MA,UP,3,3,{'UP': 3},"['GPT-xgb-inject', 'GPT-feat-inject', 'GPT-speaker-seg']"
GPT-hybrid-ensemble,binary,MAR,DOWN,3,3,{'DOWN': 3},"['GPT-xgb-inject', 'GPT-feat-inject', 'GPT-speaker-seg']"
GPT-hybrid-ensemble,binary,MCD,DOWN,3,3,{'DOWN': 3},"['GPT-xgb-inject', 'GPT-feat-inject', 'GPT-speaker-seg']"
GPT-hybrid-ensemble,binary,META,UP,3,3,{'UP': 3},"['GPT-xgb-inject', 'GPT-feat-inject', 'GPT-speaker-seg']"
GPT-hybrid-ensemble,binary,MO,DOWN,3,3,"{'UP': 1, 'DOWN': 2}","['GPT-xgb-inject', 'GPT-feat-inject', 'GPT-speaker-seg']"
GPT-hybrid-ensemble,binary,MRK,DOWN,3,3,"{'DOWN': 2, 'UP': 1}","['GPT-xgb-inject', 'GPT-feat-inject', 'GPT-speaker-seg']"
GPT-hybrid-ensemble,binary,MS,UP,3,3,"{'UP': 2, 'DOWN': 1}","['GPT-xgb-inject', 'GPT-feat-inject', 'GPT-speaker-seg']"
GPT-hybrid-ensemble,binary,MSFT,UP,3,3,"{'UP': 2, 'DOWN': 1}","['GPT-xgb-inject', 'GPT-feat-inject', 'GPT-speaker-seg']"
GPT-hybrid-ensemble,binary,MU,UP,3,3,{'UP': 3},"['GPT-xgb-inject', 'GPT-feat-inject', 'GPT-speaker-seg']"
GPT-hybrid-ensemble,binary,NEE,UP,3,3,"{'UP': 2, 'DOWN': 1}","['GPT-xgb-inject', 'GPT-feat-inject', 'GPT-speaker-seg']"
GPT-hybrid-ensemble,binary,NEM,UP,3,3,"{'UP': 2, 'DOWN': 1}","['GPT-xgb-inject', 'GPT-feat-inject', 'GPT-speaker-seg']"
GPT-hybrid-ensemble,binary,NFLX,UP,3,3,{'UP': 3},"['GPT-xgb-inject', 'GPT-feat-inject', 'GPT-speaker-seg']"
GPT-hybrid-ensemble,binary,NVDA,UP,3,3,{'UP': 3},"['GPT-xgb-inject', 'GPT-feat-inject', 'GPT-speaker-seg']"
GPT-hybrid-ensemble,binary,ORCL,UP,3,3,"{'UP': 2, 'DOWN': 1}","['GPT-xgb-inject', 'GPT-feat-inject', 'GPT-speaker-seg']"
GPT-hybrid-ensemble,binary,PEP,DOWN,3,3,"{'DOWN': 2, 'UP': 1}","['GPT-xgb-inject', 'GPT-feat-inject', 'GPT-speaker-seg']"
GPT-hybrid-ensemble,binary,PFE,UP,3,3,"{'DOWN': 1, 'UP': 2}","['GPT-xgb-inject', 'GPT-feat-inject', 'GPT-speaker-seg']"
GPT-hybrid-ensemble,binary,PG,DOWN,3,3,"{'DOWN': 2, 'UP': 1}","['GPT-xgb-inject', 'GPT-feat-inject', 'GPT-speaker-seg']"
GPT-hybrid-ensemble,binary,PH,UP,3,3,"{'UP': 2, 'DOWN': 1}","['GPT-xgb-inject', 'GPT-feat-inject', 'GPT-speaker-seg']"
GPT-hybrid-ensemble,binary,PLD,UP,3,3,"{'UP': 2, 'DOWN': 1}","['GPT-xgb-inject', 'GPT-feat-inject', 'GPT-speaker-seg']"
GPT-hybrid-ensemble,binary,PLTR,UP,3,3,"{'UP': 2, 'DOWN': 1}","['GPT-xgb-inject', 'GPT-feat-inject', 'GPT-speaker-seg']"
GPT-hybrid-ensemble,binary,PM,UP,3,3,"{'UP': 2, 'DOWN': 1}","['GPT-xgb-inject', 'GPT-feat-inject', 'GPT-speaker-seg']"
GPT-hybrid-ensemble,binary,PWR,UP,3,3,"{'UP': 2, 'DOWN': 1}","['GPT-xgb-inject', 'GPT-feat-inject', 'GPT-speaker-seg']"
GPT-hybrid-ensemble,binary,RTX,UP,3,3,"{'UP': 2, 'DOWN': 1}","['GPT-xgb-inject', 'GPT-feat-inject', 'GPT-speaker-seg']"
GPT-hybrid-ensemble,binary,SBUX,DOWN,3,3,{'DOWN': 3},"['GPT-xgb-inject', 'GPT-feat-inject', 'GPT-speaker-seg']"
GPT-hybrid-ensemble,binary,SCHW,UP,3,3,{'UP': 3},"['GPT-xgb-inject', 'GPT-feat-inject', 'GPT-speaker-seg']"
GPT-hybrid-ensemble,binary,SHW,UP,3,3,"{'UP': 2, 'DOWN': 1}","['GPT-xgb-inject', 'GPT-feat-inject', 'GPT-speaker-seg']"
GPT-hybrid-ensemble,binary,SO,UP,3,3,"{'UP': 2, 'DOWN': 1}","['GPT-xgb-inject', 'GPT-feat-inject', 'GPT-speaker-seg']"
GPT-hybrid-ensemble,binary,SPG,DOWN,3,3,{'DOWN': 3},"['GPT-xgb-inject', 'GPT-feat-inject', 'GPT-speaker-seg']"
GPT-hybrid-ensemble,binary,SPGI,DOWN,3,3,"{'DOWN': 2, 'UP': 1}","['GPT-xgb-inject', 'GPT-feat-inject', 'GPT-speaker-seg']"
GPT-hybrid-ensemble,binary,SRE,UP,3,3,"{'UP': 2, 'DOWN': 1}","['GPT-xgb-inject', 'GPT-feat-inject', 'GPT-speaker-seg']"
GPT-hybrid-ensemble,binary,SYK,UP,3,3,"{'UP': 2, 'DOWN': 1}","['GPT-xgb-inject', 'GPT-feat-inject', 'GPT-speaker-seg']"
GPT-hybrid-ensemble,binary,TJX,DOWN,3,3,"{'DOWN': 2, 'UP': 1}","['GPT-xgb-inject', 'GPT-feat-inject', 'GPT-speaker-seg']"
GPT-hybrid-ensemble,binary,TMO,DOWN,3,3,{'DOWN': 3},"['GPT-xgb-inject', 'GPT-feat-inject', 'GPT-speaker-seg']"
GPT-hybrid-ensemble,binary,TMUS,UP,3,3,"{'UP': 2, 'DOWN': 1}","['GPT-xgb-inject', 'GPT-feat-inject', 'GPT-speaker-seg']"
GPT-hybrid-ensemble,binary,TSLA,UP,3,3,"{'UP': 2, 'DOWN': 1}","['GPT-xgb-inject', 'GPT-feat-inject', 'GPT-speaker-seg']"
GPT-hybrid-ensemble,binary,TT,UP,3,3,"{'UP': 2, 'DOWN': 1}","['GPT-xgb-inject', 'GPT-feat-inject', 'GPT-speaker-seg']"
GPT-hybrid-ensemble,binary,TXN,UP,3,3,"{'UP': 2, 'DOWN': 1}","['GPT-xgb-inject', 'GPT-feat-inject', 'GPT-speaker-seg']"
GPT-hybrid-ensemble,binary,UBER,DOWN,3,3,"{'DOWN': 2, 'UP': 1}","['GPT-xgb-inject', 'GPT-feat-inject', 'GPT-speaker-seg']"
GPT-hybrid-ensemble,binary,UNH,DOWN,3,3,"{'DOWN': 2, 'UP': 1}","['GPT-xgb-inject', 'GPT-feat-inject', 'GPT-speaker-seg']"
GPT-hybrid-ensemble,binary,UNP,UP,3,3,"{'UP': 2, 'DOWN': 1}","['GPT-xgb-inject', 'GPT-feat-inject', 'GPT-speaker-seg']"
GPT-hybrid-ensemble,binary,V,UP,3,3,"{'UP': 2, 'DOWN': 1}","['GPT-xgb-inject', 'GPT-feat-inject', 'GPT-speaker-seg']"
GPT-hybrid-ensemble,binary,WELL,UP,3,3,{'UP': 3},"['GPT-xgb-inject', 'GPT-feat-inject', 'GPT-speaker-seg']"
GPT-hybrid-ensemble,binary,WFC,DOWN,3,3,"{'UP': 1, 'DOWN': 2}","['GPT-xgb-inject', 'GPT-feat-inject', 'GPT-speaker-seg']"
GPT-hybrid-ensemble,binary,WMB,UP,3,3,{'UP': 3},"['GPT-xgb-inject', 'GPT-feat-inject', 'GPT-speaker-seg']"
GPT-hybrid-ensemble,binary,WMT,UP,3,3,{'UP': 3},"['GPT-xgb-inject', 'GPT-feat-inject', 'GPT-speaker-seg']"
GPT-hybrid-ensemble,binary,XOM,UP,3,3,"{'UP': 2, 'DOWN': 1}","['GPT-xgb-inject', 'GPT-feat-inject', 'GPT-speaker-seg']"
GPT-enhanced-ensemble,binary,AAPL,UP,3,3,{'UP': 3},"['GPT-two-stage-CoT', 'GPT-few-CoT-sector', 'GPT-few-CoT']"
GPT-enhanced-ensemble,binary,ABBV,UP,3,3,{'UP': 3},"['GPT-two-stage-CoT', 'GPT-few-CoT-sector', 'GPT-few-CoT']"
GPT-enhanced-ensemble,binary,ABNB,DOWN,3,3,"{'DOWN': 2, 'UP': 1}","['GPT-two-stage-CoT', 'GPT-few-CoT-sector', 'GPT-few-CoT']"
GPT-enhanced-ensemble,binary,ABT,UP,3,3,{'UP': 3},"['GPT-two-stage-CoT', 'GPT-few-CoT-sector', 'GPT-few-CoT']"
GPT-enhanced-ensemble,binary,AEP,UP,3,3,{'UP': 3},"['GPT-two-stage-CoT', 'GPT-few-CoT-sector', 'GPT-few-CoT']"
GPT-enhanced-ensemble,binary,AMAT,UP,3,3,{'UP': 3},"['GPT-two-stage-CoT', 'GPT-few-CoT-sector', 'GPT-few-CoT']"
GPT-enhanced-ensemble,binary,AMD,UP,3,3,{'UP': 3},"['GPT-two-stage-CoT', 'GPT-few-CoT-sector', 'GPT-few-CoT']"
GPT-enhanced-ensemble,binary,AMGN,UP,3,3,{'UP': 3},"['GPT-two-stage-CoT', 'GPT-few-CoT-sector', 'GPT-few-CoT']"
GPT-enhanced-ensemble,binary,AMT,UP,3,3,{'UP': 3},"['GPT-two-stage-CoT', 'GPT-few-CoT-sector', 'GPT-few-CoT']"
GPT-enhanced-ensemble,binary,AMZN,UP,3,3,{'UP': 3},"['GPT-two-stage-CoT', 'GPT-few-CoT-sector', 'GPT-few-CoT']"
GPT-enhanced-ensemble,binary,APD,DOWN,3,3,{'DOWN': 3},"['GPT-two-stage-CoT', 'GPT-few-CoT-sector', 'GPT-few-CoT']"
GPT-enhanced-ensemble,binary,AVGO,UP,3,3,{'UP': 3},"['GPT-two-stage-CoT', 'GPT-few-CoT-sector', 'GPT-few-CoT']"
GPT-enhanced-ensemble,binary,AXP,UP,3,3,"{'DOWN': 1, 'UP': 2}","['GPT-two-stage-CoT', 'GPT-few-CoT-sector', 'GPT-few-CoT']"
GPT-enhanced-ensemble,binary,BA,UP,3,3,{'UP': 3},"['GPT-two-stage-CoT', 'GPT-few-CoT-sector', 'GPT-few-CoT']"
GPT-enhanced-ensemble,binary,BAC,UP,3,3,"{'DOWN': 1, 'UP': 2}","['GPT-two-stage-CoT', 'GPT-few-CoT-sector', 'GPT-few-CoT']"
GPT-enhanced-ensemble,binary,BKNG,UP,3,3,{'UP': 3},"['GPT-two-stage-CoT', 'GPT-few-CoT-sector', 'GPT-few-CoT']"
GPT-enhanced-ensemble,binary,BLK,UP,3,3,{'UP': 3},"['GPT-two-stage-CoT', 'GPT-few-CoT-sector', 'GPT-few-CoT']"
GPT-enhanced-ensemble,binary,C,UP,3,3,"{'DOWN': 1, 'UP': 2}","['GPT-two-stage-CoT', 'GPT-few-CoT-sector', 'GPT-few-CoT']"
GPT-enhanced-ensemble,binary,CAT,DOWN,3,3,"{'DOWN': 2, 'UP': 1}","['GPT-two-stage-CoT', 'GPT-few-CoT-sector', 'GPT-few-CoT']"
GPT-enhanced-ensemble,binary,CB,DOWN,3,3,"{'DOWN': 2, 'UP': 1}","['GPT-two-stage-CoT', 'GPT-few-CoT-sector', 'GPT-few-CoT']"
GPT-enhanced-ensemble,binary,CEG,UP,3,3,"{'DOWN': 1, 'UP': 2}","['GPT-two-stage-CoT', 'GPT-few-CoT-sector', 'GPT-few-CoT']"
GPT-enhanced-ensemble,binary,COF,UP,3,3,"{'DOWN': 1, 'UP': 2}","['GPT-two-stage-CoT', 'GPT-few-CoT-sector', 'GPT-few-CoT']"
GPT-enhanced-ensemble,binary,COP,UP,3,3,{'UP': 3},"['GPT-two-stage-CoT', 'GPT-few-CoT-sector', 'GPT-few-CoT']"
GPT-enhanced-ensemble,binary,COST,UP,3,3,"{'DOWN': 1, 'UP': 2}","['GPT-two-stage-CoT', 'GPT-few-CoT-sector', 'GPT-few-CoT']"
GPT-enhanced-ensemble,binary,CSCO,UP,3,3,{'UP': 3},"['GPT-two-stage-CoT', 'GPT-few-CoT-sector', 'GPT-few-CoT']"
GPT-enhanced-ensemble,binary,CVX,DOWN,3,3,"{'DOWN': 2, 'UP': 1}","['GPT-two-stage-CoT', 'GPT-few-CoT-sector', 'GPT-few-CoT']"
GPT-enhanced-ensemble,binary,DE,DOWN,3,3,{'DOWN': 3},"['GPT-two-stage-CoT', 'GPT-few-CoT-sector', 'GPT-few-CoT']"
GPT-enhanced-ensemble,binary,DHR,UP,3,3,{'UP': 3},"['GPT-two-stage-CoT', 'GPT-few-CoT-sector', 'GPT-few-CoT']"
GPT-enhanced-ensemble,binary,DLR,UP,3,3,{'UP': 3},"['GPT-two-stage-CoT', 'GPT-few-CoT-sector', 'GPT-few-CoT']"
GPT-enhanced-ensemble,binary,DUK,UP,3,3,{'UP': 3},"['GPT-two-stage-CoT', 'GPT-few-CoT-sector', 'GPT-few-CoT']"
GPT-enhanced-ensemble,binary,ECL,UP,3,3,{'UP': 3},"['GPT-two-stage-CoT', 'GPT-few-CoT-sector', 'GPT-few-CoT']"
GPT-enhanced-ensemble,binary,EQIX,UP,3,3,{'UP': 3},"['GPT-two-stage-CoT', 'GPT-few-CoT-sector', 'GPT-few-CoT']"
GPT-enhanced-ensemble,binary,ETN,UP,3,3,{'UP': 3},"['GPT-two-stage-CoT', 'GPT-few-CoT-sector', 'GPT-few-CoT']"
GPT-enhanced-ensemble,binary,FCX,UP,3,3,{'UP': 3},"['GPT-two-stage-CoT', 'GPT-few-CoT-sector', 'GPT-few-CoT']"
GPT-enhanced-ensemble,binary,FDX,DOWN,3,3,{'DOWN': 3},"['GPT-two-stage-CoT', 'GPT-few-CoT-sector', 'GPT-few-CoT']"
GPT-enhanced-ensemble,binary,GE,UP,3,3,{'UP': 3},"['GPT-two-stage-CoT', 'GPT-few-CoT-sector', 'GPT-few-CoT']"
GPT-enhanced-ensemble,binary,GEV,UP,3,3,{'UP': 3},"['GPT-two-stage-CoT', 'GPT-few-CoT-sector', 'GPT-few-CoT']"
GPT-enhanced-ensemble,binary,GILD,DOWN,3,3,"{'DOWN': 2, 'UP': 1}","['GPT-two-stage-CoT', 'GPT-few-CoT-sector', 'GPT-few-CoT']"
GPT-enhanced-ensemble,binary,GOOGL,UP,3,3,"{'DOWN': 1, 'UP': 2}","['GPT-two-stage-CoT', 'GPT-few-CoT-sector', 'GPT-few-CoT']"
GPT-enhanced-ensemble,binary,GS,UP,3,3,{'UP': 3},"['GPT-two-stage-CoT', 'GPT-few-CoT-sector', 'GPT-few-CoT']"
GPT-enhanced-ensemble,binary,HD,DOWN,3,3,{'DOWN': 3},"['GPT-two-stage-CoT', 'GPT-few-CoT-sector', 'GPT-few-CoT']"
GPT-enhanced-ensemble,binary,HON,UP,3,3,{'UP': 3},"['GPT-two-stage-CoT', 'GPT-few-CoT-sector', 'GPT-few-CoT']"
GPT-enhanced-ensemble,binary,HWM,UP,3,3,{'UP': 3},"['GPT-two-stage-CoT', 'GPT-few-CoT-sector', 'GPT-few-CoT']"
GPT-enhanced-ensemble,binary,INTC,DOWN,3,3,{'DOWN': 3},"['GPT-two-stage-CoT', 'GPT-few-CoT-sector', 'GPT-few-CoT']"
GPT-enhanced-ensemble,binary,ISRG,UP,3,3,"{'DOWN': 1, 'UP': 2}","['GPT-two-stage-CoT', 'GPT-few-CoT-sector', 'GPT-few-CoT']"
GPT-enhanced-ensemble,binary,JNJ,UP,3,3,{'UP': 3},"['GPT-two-stage-CoT', 'GPT-few-CoT-sector', 'GPT-few-CoT']"
GPT-enhanced-ensemble,binary,JPM,DOWN,3,3,"{'UP': 1, 'DOWN': 2}","['GPT-two-stage-CoT', 'GPT-few-CoT-sector', 'GPT-few-CoT']"
GPT-enhanced-ensemble,binary,KLAC,UP,3,3,{'UP': 3},"['GPT-two-stage-CoT', 'GPT-few-CoT-sector', 'GPT-few-CoT']"
GPT-enhanced-ensemble,binary,KO,DOWN,3,3,"{'DOWN': 2, 'UP': 1}","['GPT-two-stage-CoT', 'GPT-few-CoT-sector', 'GPT-few-CoT']"
GPT-enhanced-ensemble,binary,LIN,DOWN,3,3,{'DOWN': 3},"['GPT-two-stage-CoT', 'GPT-few-CoT-sector', 'GPT-few-CoT']"
GPT-enhanced-ensemble,binary,LLY,UP,3,3,"{'DOWN': 1, 'UP': 2}","['GPT-two-stage-CoT', 'GPT-few-CoT-sector', 'GPT-few-CoT']"
GPT-enhanced-ensemble,binary,LMT,UP,3,3,{'UP': 3},"['GPT-two-stage-CoT', 'GPT-few-CoT-sector', 'GPT-few-CoT']"
GPT-enhanced-ensemble,binary,LOW,UP,3,3,{'UP': 3},"['GPT-two-stage-CoT', 'GPT-few-CoT-sector', 'GPT-few-CoT']"
GPT-enhanced-ensemble,binary,LRCX,UP,3,3,{'UP': 3},"['GPT-two-stage-CoT', 'GPT-few-CoT-sector', 'GPT-few-CoT']"
GPT-enhanced-ensemble,binary,MA,UP,3,3,{'UP': 3},"['GPT-two-stage-CoT', 'GPT-few-CoT-sector', 'GPT-few-CoT']"
GPT-enhanced-ensemble,binary,MAR,DOWN,3,3,{'DOWN': 3},"['GPT-two-stage-CoT', 'GPT-few-CoT-sector', 'GPT-few-CoT']"
GPT-enhanced-ensemble,binary,MCD,DOWN,3,3,{'DOWN': 3},"['GPT-two-stage-CoT', 'GPT-few-CoT-sector', 'GPT-few-CoT']"
GPT-enhanced-ensemble,binary,META,DOWN,3,3,"{'DOWN': 2, 'UP': 1}","['GPT-two-stage-CoT', 'GPT-few-CoT-sector', 'GPT-few-CoT']"
GPT-enhanced-ensemble,binary,MO,DOWN,3,3,"{'DOWN': 2, 'UP': 1}","['GPT-two-stage-CoT', 'GPT-few-CoT-sector', 'GPT-few-CoT']"
GPT-enhanced-ensemble,binary,MRK,UP,3,3,"{'UP': 2, 'DOWN': 1}","['GPT-two-stage-CoT', 'GPT-few-CoT-sector', 'GPT-few-CoT']"
GPT-enhanced-ensemble,binary,MS,UP,3,3,"{'DOWN': 1, 'UP': 2}","['GPT-two-stage-CoT', 'GPT-few-CoT-sector', 'GPT-few-CoT']"
GPT-enhanced-ensemble,binary,MSFT,UP,3,3,{'UP': 3},"['GPT-two-stage-CoT', 'GPT-few-CoT-sector', 'GPT-few-CoT']"
GPT-enhanced-ensemble,binary,MU,UP,3,3,{'UP': 3},"['GPT-two-stage-CoT', 'GPT-few-CoT-sector', 'GPT-few-CoT']"
GPT-enhanced-ensemble,binary,NEE,UP,3,3,{'UP': 3},"['GPT-two-stage-CoT', 'GPT-few-CoT-sector', 'GPT-few-CoT']"
GPT-enhanced-ensemble,binary,NEM,UP,3,3,"{'DOWN': 1, 'UP': 2}","['GPT-two-stage-CoT', 'GPT-few-CoT-sector', 'GPT-few-CoT']"
GPT-enhanced-ensemble,binary,NFLX,UP,3,3,{'UP': 3},"['GPT-two-stage-CoT', 'GPT-few-CoT-sector', 'GPT-few-CoT']"
GPT-enhanced-ensemble,binary,NVDA,UP,3,3,"{'UP': 2, 'DOWN': 1}","['GPT-two-stage-CoT', 'GPT-few-CoT-sector', 'GPT-few-CoT']"
GPT-enhanced-ensemble,binary,ORCL,UP,3,3,{'UP': 3},"['GPT-two-stage-CoT', 'GPT-few-CoT-sector', 'GPT-few-CoT']"
GPT-enhanced-ensemble,binary,PEP,DOWN,3,3,{'DOWN': 3},"['GPT-two-stage-CoT', 'GPT-few-CoT-sector', 'GPT-few-CoT']"
GPT-enhanced-ensemble,binary,PFE,UP,3,3,{'UP': 3},"['GPT-two-stage-CoT', 'GPT-few-CoT-sector', 'GPT-few-CoT']"
GPT-enhanced-ensemble,binary,PG,DOWN,3,3,{'DOWN': 3},"['GPT-two-stage-CoT', 'GPT-few-CoT-sector', 'GPT-few-CoT']"
GPT-enhanced-ensemble,binary,PH,UP,3,3,{'UP': 3},"['GPT-two-stage-CoT', 'GPT-few-CoT-sector', 'GPT-few-CoT']"
GPT-enhanced-ensemble,binary,PLD,DOWN,3,3,"{'DOWN': 2, 'UP': 1}","['GPT-two-stage-CoT', 'GPT-few-CoT-sector', 'GPT-few-CoT']"
GPT-enhanced-ensemble,binary,PLTR,UP,3,3,{'UP': 3},"['GPT-two-stage-CoT', 'GPT-few-CoT-sector', 'GPT-few-CoT']"
GPT-enhanced-ensemble,binary,PM,UP,3,3,{'UP': 3},"['GPT-two-stage-CoT', 'GPT-few-CoT-sector', 'GPT-few-CoT']"
GPT-enhanced-ensemble,binary,PWR,UP,3,3,{'UP': 3},"['GPT-two-stage-CoT', 'GPT-few-CoT-sector', 'GPT-few-CoT']"
GPT-enhanced-ensemble,binary,RTX,UP,3,3,"{'DOWN': 1, 'UP': 2}","['GPT-two-stage-CoT', 'GPT-few-CoT-sector', 'GPT-few-CoT']"
GPT-enhanced-ensemble,binary,SBUX,DOWN,3,3,{'DOWN': 3},"['GPT-two-stage-CoT', 'GPT-few-CoT-sector', 'GPT-few-CoT']"
GPT-enhanced-ensemble,binary,SCHW,UP,3,3,{'UP': 3},"['GPT-two-stage-CoT', 'GPT-few-CoT-sector', 'GPT-few-CoT']"
GPT-enhanced-ensemble,binary,SHW,UP,3,3,"{'DOWN': 1, 'UP': 2}","['GPT-two-stage-CoT', 'GPT-few-CoT-sector', 'GPT-few-CoT']"
GPT-enhanced-ensemble,binary,SO,UP,3,3,{'UP': 3},"['GPT-two-stage-CoT', 'GPT-few-CoT-sector', 'GPT-few-CoT']"
GPT-enhanced-ensemble,binary,SPG,UP,3,3,"{'UP': 2, 'DOWN': 1}","['GPT-two-stage-CoT', 'GPT-few-CoT-sector', 'GPT-few-CoT']"
GPT-enhanced-ensemble,binary,SPGI,UP,3,3,"{'DOWN': 1, 'UP': 2}","['GPT-two-stage-CoT', 'GPT-few-CoT-sector', 'GPT-few-CoT']"
GPT-enhanced-ensemble,binary,SRE,UP,3,3,"{'DOWN': 1, 'UP': 2}","['GPT-two-stage-CoT', 'GPT-few-CoT-sector', 'GPT-few-CoT']"
GPT-enhanced-ensemble,binary,SYK,UP,3,3,{'UP': 3},"['GPT-two-stage-CoT', 'GPT-few-CoT-sector', 'GPT-few-CoT']"
GPT-enhanced-ensemble,binary,TJX,UP,3,3,"{'UP': 2, 'DOWN': 1}","['GPT-two-stage-CoT', 'GPT-few-CoT-sector', 'GPT-few-CoT']"
GPT-enhanced-ensemble,binary,TMO,DOWN,3,3,{'DOWN': 3},"['GPT-two-stage-CoT', 'GPT-few-CoT-sector', 'GPT-few-CoT']"
GPT-enhanced-ensemble,binary,TMUS,UP,3,3,{'UP': 3},"['GPT-two-stage-CoT', 'GPT-few-CoT-sector', 'GPT-few-CoT']"
GPT-enhanced-ensemble,binary,TSLA,DOWN,3,3,{'DOWN': 3},"['GPT-two-stage-CoT', 'GPT-few-CoT-sector', 'GPT-few-CoT']"
GPT-enhanced-ensemble,binary,TT,UP,3,3,{'UP': 3},"['GPT-two-stage-CoT', 'GPT-few-CoT-sector', 'GPT-few-CoT']"
GPT-enhanced-ensemble,binary,TXN,UP,3,3,{'UP': 3},"['GPT-two-stage-CoT', 'GPT-few-CoT-sector', 'GPT-few-CoT']"
GPT-enhanced-ensemble,binary,UBER,UP,3,3,{'UP': 3},"['GPT-two-stage-CoT', 'GPT-few-CoT-sector', 'GPT-few-CoT']"
GPT-enhanced-ensemble,binary,UNH,DOWN,3,3,{'DOWN': 3},"['GPT-two-stage-CoT', 'GPT-few-CoT-sector', 'GPT-few-CoT']"
GPT-enhanced-ensemble,binary,UNP,UP,3,3,"{'DOWN': 1, 'UP': 2}","['GPT-two-stage-CoT', 'GPT-few-CoT-sector', 'GPT-few-CoT']"
GPT-enhanced-ensemble,binary,V,UP,3,3,{'UP': 3},"['GPT-two-stage-CoT', 'GPT-few-CoT-sector', 'GPT-few-CoT']"
GPT-enhanced-ensemble,binary,WELL,UP,3,3,{'UP': 3},"['GPT-two-stage-CoT', 'GPT-few-CoT-sector', 'GPT-few-CoT']"
GPT-enhanced-ensemble,binary,WFC,DOWN,3,3,"{'DOWN': 2, 'UP': 1}","['GPT-two-stage-CoT', 'GPT-few-CoT-sector', 'GPT-few-CoT']"
GPT-enhanced-ensemble,binary,WMB,UP,3,3,{'UP': 3},"['GPT-two-stage-CoT', 'GPT-few-CoT-sector', 'GPT-few-CoT']"
GPT-enhanced-ensemble,binary,WMT,UP,3,3,{'UP': 3},"['GPT-two-stage-CoT', 'GPT-few-CoT-sector', 'GPT-few-CoT']"
GPT-enhanced-ensemble,binary,XOM,UP,3,3,"{'DOWN': 1, 'UP': 2}","['GPT-two-stage-CoT', 'GPT-few-CoT-sector', 'GPT-few-CoT']"
GPT-full-ensemble,binary,AAPL,UP,9,9,"{'UP': 8, 'DOWN': 1}","['GPT-few-CoT', 'GPT-zero-CoT', 'GPT-rag-few', 'GPT-two-stage-CoT', 'GPT-few-CoT-sector', 'GPT-xgb-inject', 'GPT-feat-inject', 'GPT-contrastive', 'GPT-speaker-seg']"
GPT-full-ensemble,binary,ABBV,UP,9,9,"{'UP': 8, 'DOWN': 1}","['GPT-few-CoT', 'GPT-zero-CoT', 'GPT-rag-few', 'GPT-two-stage-CoT', 'GPT-few-CoT-sector', 'GPT-xgb-inject', 'GPT-feat-inject', 'GPT-contrastive', 'GPT-speaker-seg']"
GPT-full-ensemble,binary,ABNB,UP,9,9,"{'DOWN': 4, 'UP': 5}","['GPT-few-CoT', 'GPT-zero-CoT', 'GPT-rag-few', 'GPT-two-stage-CoT', 'GPT-few-CoT-sector', 'GPT-xgb-inject', 'GPT-feat-inject', 'GPT-contrastive', 'GPT-speaker-seg']"
GPT-full-ensemble,binary,ABT,UP,9,9,"{'UP': 8, 'DOWN': 1}","['GPT-few-CoT', 'GPT-zero-CoT', 'GPT-rag-few', 'GPT-two-stage-CoT', 'GPT-few-CoT-sector', 'GPT-xgb-inject', 'GPT-feat-inject', 'GPT-contrastive', 'GPT-speaker-seg']"
GPT-full-ensemble,binary,AEP,UP,9,9,{'UP': 9},"['GPT-few-CoT', 'GPT-zero-CoT', 'GPT-rag-few', 'GPT-two-stage-CoT', 'GPT-few-CoT-sector', 'GPT-xgb-inject', 'GPT-feat-inject', 'GPT-contrastive', 'GPT-speaker-seg']"
GPT-full-ensemble,binary,AMAT,UP,9,9,{'UP': 9},"['GPT-few-CoT', 'GPT-zero-CoT', 'GPT-rag-few', 'GPT-two-stage-CoT', 'GPT-few-CoT-sector', 'GPT-xgb-inject', 'GPT-feat-inject', 'GPT-contrastive', 'GPT-speaker-seg']"
GPT-full-ensemble,binary,AMD,UP,9,9,{'UP': 9},"['GPT-few-CoT', 'GPT-zero-CoT', 'GPT-rag-few', 'GPT-two-stage-CoT', 'GPT-few-CoT-sector', 'GPT-xgb-inject', 'GPT-feat-inject', 'GPT-contrastive', 'GPT-speaker-seg']"
GPT-full-ensemble,binary,AMGN,UP,9,9,"{'UP': 8, 'DOWN': 1}","['GPT-few-CoT', 'GPT-zero-CoT', 'GPT-rag-few', 'GPT-two-stage-CoT', 'GPT-few-CoT-sector', 'GPT-xgb-inject', 'GPT-feat-inject', 'GPT-contrastive', 'GPT-speaker-seg']"
GPT-full-ensemble,binary,AMT,UP,9,9,"{'UP': 8, 'DOWN': 1}","['GPT-few-CoT', 'GPT-zero-CoT', 'GPT-rag-few', 'GPT-two-stage-CoT', 'GPT-few-CoT-sector', 'GPT-xgb-inject', 'GPT-feat-inject', 'GPT-contrastive', 'GPT-speaker-seg']"
GPT-full-ensemble,binary,AMZN,UP,9,9,"{'UP': 8, 'DOWN': 1}","['GPT-few-CoT', 'GPT-zero-CoT', 'GPT-rag-few', 'GPT-two-stage-CoT', 'GPT-few-CoT-sector', 'GPT-xgb-inject', 'GPT-feat-inject', 'GPT-contrastive', 'GPT-speaker-seg']"
GPT-full-ensemble,binary,APD,DOWN,9,9,{'DOWN': 9},"['GPT-few-CoT', 'GPT-zero-CoT', 'GPT-rag-few', 'GPT-two-stage-CoT', 'GPT-few-CoT-sector', 'GPT-xgb-inject', 'GPT-feat-inject', 'GPT-contrastive', 'GPT-speaker-seg']"
GPT-full-ensemble,binary,AVGO,UP,9,9,{'UP': 9},"['GPT-few-CoT', 'GPT-zero-CoT', 'GPT-rag-few', 'GPT-two-stage-CoT', 'GPT-few-CoT-sector', 'GPT-xgb-inject', 'GPT-feat-inject', 'GPT-contrastive', 'GPT-speaker-seg']"
GPT-full-ensemble,binary,AXP,UP,9,9,"{'UP': 7, 'DOWN': 2}","['GPT-few-CoT', 'GPT-zero-CoT', 'GPT-rag-few', 'GPT-two-stage-CoT', 'GPT-few-CoT-sector', 'GPT-xgb-inject', 'GPT-feat-inject', 'GPT-contrastive', 'GPT-speaker-seg']"
GPT-full-ensemble,binary,BA,UP,9,9,{'UP': 9},"['GPT-few-CoT', 'GPT-zero-CoT', 'GPT-rag-few', 'GPT-two-stage-CoT', 'GPT-few-CoT-sector', 'GPT-xgb-inject', 'GPT-feat-inject', 'GPT-contrastive', 'GPT-speaker-seg']"
GPT-full-ensemble,binary,BAC,UP,9,9,"{'UP': 7, 'DOWN': 2}","['GPT-few-CoT', 'GPT-zero-CoT', 'GPT-rag-few', 'GPT-two-stage-CoT', 'GPT-few-CoT-sector', 'GPT-xgb-inject', 'GPT-feat-inject', 'GPT-contrastive', 'GPT-speaker-seg']"
GPT-full-ensemble,binary,BKNG,UP,9,8,"{'UP': 5, 'DOWN': 3}","['GPT-few-CoT', 'GPT-zero-CoT', 'GPT-rag-few', 'GPT-two-stage-CoT', 'GPT-few-CoT-sector', 'GPT-xgb-inject', 'GPT-feat-inject', 'GPT-contrastive', 'GPT-speaker-seg']"
GPT-full-ensemble,binary,BLK,UP,9,9,{'UP': 9},"['GPT-few-CoT', 'GPT-zero-CoT', 'GPT-rag-few', 'GPT-two-stage-CoT', 'GPT-few-CoT-sector', 'GPT-xgb-inject', 'GPT-feat-inject', 'GPT-contrastive', 'GPT-speaker-seg']"
GPT-full-ensemble,binary,C,UP,9,9,"{'UP': 7, 'DOWN': 2}","['GPT-few-CoT', 'GPT-zero-CoT', 'GPT-rag-few', 'GPT-two-stage-CoT', 'GPT-few-CoT-sector', 'GPT-xgb-inject', 'GPT-feat-inject', 'GPT-contrastive', 'GPT-speaker-seg']"
GPT-full-ensemble,binary,CAT,DOWN,9,9,"{'UP': 2, 'DOWN': 7}","['GPT-few-CoT', 'GPT-zero-CoT', 'GPT-rag-few', 'GPT-two-stage-CoT', 'GPT-few-CoT-sector', 'GPT-xgb-inject', 'GPT-feat-inject', 'GPT-contrastive', 'GPT-speaker-seg']"
GPT-full-ensemble,binary,CB,DOWN,9,9,"{'DOWN': 5, 'UP': 4}","['GPT-few-CoT', 'GPT-zero-CoT', 'GPT-rag-few', 'GPT-two-stage-CoT', 'GPT-few-CoT-sector', 'GPT-xgb-inject', 'GPT-feat-inject', 'GPT-contrastive', 'GPT-speaker-seg']"
GPT-full-ensemble,binary,CEG,UP,9,9,"{'UP': 7, 'DOWN': 2}","['GPT-few-CoT', 'GPT-zero-CoT', 'GPT-rag-few', 'GPT-two-stage-CoT', 'GPT-few-CoT-sector', 'GPT-xgb-inject', 'GPT-feat-inject', 'GPT-contrastive', 'GPT-speaker-seg']"
GPT-full-ensemble,binary,COF,UP,9,9,"{'UP': 6, 'DOWN': 3}","['GPT-few-CoT', 'GPT-zero-CoT', 'GPT-rag-few', 'GPT-two-stage-CoT', 'GPT-few-CoT-sector', 'GPT-xgb-inject', 'GPT-feat-inject', 'GPT-contrastive', 'GPT-speaker-seg']"
GPT-full-ensemble,binary,COP,UP,9,9,"{'UP': 8, 'DOWN': 1}","['GPT-few-CoT', 'GPT-zero-CoT', 'GPT-rag-few', 'GPT-two-stage-CoT', 'GPT-few-CoT-sector', 'GPT-xgb-inject', 'GPT-feat-inject', 'GPT-contrastive', 'GPT-speaker-seg']"
GPT-full-ensemble,binary,COST,UP,9,9,"{'UP': 7, 'DOWN': 2}","['GPT-few-CoT', 'GPT-zero-CoT', 'GPT-rag-few', 'GPT-two-stage-CoT', 'GPT-few-CoT-sector', 'GPT-xgb-inject', 'GPT-feat-inject', 'GPT-contrastive', 'GPT-speaker-seg']"
GPT-full-ensemble,binary,CSCO,UP,9,9,"{'UP': 8, 'DOWN': 1}","['GPT-few-CoT', 'GPT-zero-CoT', 'GPT-rag-few', 'GPT-two-stage-CoT', 'GPT-few-CoT-sector', 'GPT-xgb-inject', 'GPT-feat-inject', 'GPT-contrastive', 'GPT-speaker-seg']"
GPT-full-ensemble,binary,CVX,UP,9,9,"{'DOWN': 3, 'UP': 6}","['GPT-few-CoT', 'GPT-zero-CoT', 'GPT-rag-few', 'GPT-two-stage-CoT', 'GPT-few-CoT-sector', 'GPT-xgb-inject', 'GPT-feat-inject', 'GPT-contrastive', 'GPT-speaker-seg']"
GPT-full-ensemble,binary,DE,DOWN,9,9,"{'DOWN': 8, 'UP': 1}","['GPT-few-CoT', 'GPT-zero-CoT', 'GPT-rag-few', 'GPT-two-stage-CoT', 'GPT-few-CoT-sector', 'GPT-xgb-inject', 'GPT-feat-inject', 'GPT-contrastive', 'GPT-speaker-seg']"
GPT-full-ensemble,binary,DHR,UP,9,9,"{'UP': 8, 'DOWN': 1}","['GPT-few-CoT', 'GPT-zero-CoT', 'GPT-rag-few', 'GPT-two-stage-CoT', 'GPT-few-CoT-sector', 'GPT-xgb-inject', 'GPT-feat-inject', 'GPT-contrastive', 'GPT-speaker-seg']"
GPT-full-ensemble,binary,DLR,UP,9,9,"{'UP': 8, 'DOWN': 1}","['GPT-few-CoT', 'GPT-zero-CoT', 'GPT-rag-few', 'GPT-two-stage-CoT', 'GPT-few-CoT-sector', 'GPT-xgb-inject', 'GPT-feat-inject', 'GPT-contrastive', 'GPT-speaker-seg']"
GPT-full-ensemble,binary,DUK,UP,9,9,{'UP': 9},"['GPT-few-CoT', 'GPT-zero-CoT', 'GPT-rag-few', 'GPT-two-stage-CoT', 'GPT-few-CoT-sector', 'GPT-xgb-inject', 'GPT-feat-inject', 'GPT-contrastive', 'GPT-speaker-seg']"
GPT-full-ensemble,binary,ECL,UP,9,9,"{'UP': 8, 'DOWN': 1}","['GPT-few-CoT', 'GPT-zero-CoT', 'GPT-rag-few', 'GPT-two-stage-CoT', 'GPT-few-CoT-sector', 'GPT-xgb-inject', 'GPT-feat-inject', 'GPT-contrastive', 'GPT-speaker-seg']"
GPT-full-ensemble,binary,EQIX,UP,9,9,"{'UP': 8, 'DOWN': 1}","['GPT-few-CoT', 'GPT-zero-CoT', 'GPT-rag-few', 'GPT-two-stage-CoT', 'GPT-few-CoT-sector', 'GPT-xgb-inject', 'GPT-feat-inject', 'GPT-contrastive', 'GPT-speaker-seg']"
GPT-full-ensemble,binary,ETN,UP,9,9,{'UP': 9},"['GPT-few-CoT', 'GPT-zero-CoT', 'GPT-rag-few', 'GPT-two-stage-CoT', 'GPT-few-CoT-sector', 'GPT-xgb-inject', 'GPT-feat-inject', 'GPT-contrastive', 'GPT-speaker-seg']"
GPT-full-ensemble,binary,FCX,UP,9,9,{'UP': 9},"['GPT-few-CoT', 'GPT-zero-CoT', 'GPT-rag-few', 'GPT-two-stage-CoT', 'GPT-few-CoT-sector', 'GPT-xgb-inject', 'GPT-feat-inject', 'GPT-contrastive', 'GPT-speaker-seg']"
GPT-full-ensemble,binary,FDX,DOWN,9,9,{'DOWN': 9},"['GPT-few-CoT', 'GPT-zero-CoT', 'GPT-rag-few', 'GPT-two-stage-CoT', 'GPT-few-CoT-sector', 'GPT-xgb-inject', 'GPT-feat-inject', 'GPT-contrastive', 'GPT-speaker-seg']"
GPT-full-ensemble,binary,GE,UP,9,9,"{'UP': 8, 'DOWN': 1}","['GPT-few-CoT', 'GPT-zero-CoT', 'GPT-rag-few', 'GPT-two-stage-CoT', 'GPT-few-CoT-sector', 'GPT-xgb-inject', 'GPT-feat-inject', 'GPT-contrastive', 'GPT-speaker-seg']"
GPT-full-ensemble,binary,GEV,UP,9,9,"{'UP': 8, 'DOWN': 1}","['GPT-few-CoT', 'GPT-zero-CoT', 'GPT-rag-few', 'GPT-two-stage-CoT', 'GPT-few-CoT-sector', 'GPT-xgb-inject', 'GPT-feat-inject', 'GPT-contrastive', 'GPT-speaker-seg']"
GPT-full-ensemble,binary,GILD,UP,9,9,"{'DOWN': 3, 'UP': 6}","['GPT-few-CoT', 'GPT-zero-CoT', 'GPT-rag-few', 'GPT-two-stage-CoT', 'GPT-few-CoT-sector', 'GPT-xgb-inject', 'GPT-feat-inject', 'GPT-contrastive', 'GPT-speaker-seg']"
GPT-full-ensemble,binary,GOOGL,UP,9,9,"{'UP': 8, 'DOWN': 1}","['GPT-few-CoT', 'GPT-zero-CoT', 'GPT-rag-few', 'GPT-two-stage-CoT', 'GPT-few-CoT-sector', 'GPT-xgb-inject', 'GPT-feat-inject', 'GPT-contrastive', 'GPT-speaker-seg']"
GPT-full-ensemble,binary,GS,UP,9,9,{'UP': 9},"['GPT-few-CoT', 'GPT-zero-CoT', 'GPT-rag-few', 'GPT-two-stage-CoT', 'GPT-few-CoT-sector', 'GPT-xgb-inject', 'GPT-feat-inject', 'GPT-contrastive', 'GPT-speaker-seg']"
GPT-full-ensemble,binary,HD,DOWN,9,9,"{'DOWN': 7, 'UP': 2}","['GPT-few-CoT', 'GPT-zero-CoT', 'GPT-rag-few', 'GPT-two-stage-CoT', 'GPT-few-CoT-sector', 'GPT-xgb-inject', 'GPT-feat-inject', 'GPT-contrastive', 'GPT-speaker-seg']"
GPT-full-ensemble,binary,HON,UP,9,9,"{'UP': 8, 'DOWN': 1}","['GPT-few-CoT', 'GPT-zero-CoT', 'GPT-rag-few', 'GPT-two-stage-CoT', 'GPT-few-CoT-sector', 'GPT-xgb-inject', 'GPT-feat-inject', 'GPT-contrastive', 'GPT-speaker-seg']"
GPT-full-ensemble,binary,HWM,UP,9,9,"{'UP': 8, 'DOWN': 1}","['GPT-few-CoT', 'GPT-zero-CoT', 'GPT-rag-few', 'GPT-two-stage-CoT', 'GPT-few-CoT-sector', 'GPT-xgb-inject', 'GPT-feat-inject', 'GPT-contrastive', 'GPT-speaker-seg']"
GPT-full-ensemble,binary,INTC,DOWN,9,9,"{'DOWN': 8, 'UP': 1}","['GPT-few-CoT', 'GPT-zero-CoT', 'GPT-rag-few', 'GPT-two-stage-CoT', 'GPT-few-CoT-sector', 'GPT-xgb-inject', 'GPT-feat-inject', 'GPT-contrastive', 'GPT-speaker-seg']"
GPT-full-ensemble,binary,ISRG,UP,9,9,"{'UP': 7, 'DOWN': 2}","['GPT-few-CoT', 'GPT-zero-CoT', 'GPT-rag-few', 'GPT-two-stage-CoT', 'GPT-few-CoT-sector', 'GPT-xgb-inject', 'GPT-feat-inject', 'GPT-contrastive', 'GPT-speaker-seg']"
GPT-full-ensemble,binary,JNJ,UP,9,9,"{'UP': 8, 'DOWN': 1}","['GPT-few-CoT', 'GPT-zero-CoT', 'GPT-rag-few', 'GPT-two-stage-CoT', 'GPT-few-CoT-sector', 'GPT-xgb-inject', 'GPT-feat-inject', 'GPT-contrastive', 'GPT-speaker-seg']"
GPT-full-ensemble,binary,JPM,DOWN,9,9,"{'DOWN': 7, 'UP': 2}","['GPT-few-CoT', 'GPT-zero-CoT', 'GPT-rag-few', 'GPT-two-stage-CoT', 'GPT-few-CoT-sector', 'GPT-xgb-inject', 'GPT-feat-inject', 'GPT-contrastive', 'GPT-speaker-seg']"
GPT-full-ensemble,binary,KLAC,UP,9,9,"{'UP': 8, 'DOWN': 1}","['GPT-few-CoT', 'GPT-zero-CoT', 'GPT-rag-few', 'GPT-two-stage-CoT', 'GPT-few-CoT-sector', 'GPT-xgb-inject', 'GPT-feat-inject', 'GPT-contrastive', 'GPT-speaker-seg']"
GPT-full-ensemble,binary,KO,DOWN,9,9,"{'DOWN': 5, 'UP': 4}","['GPT-few-CoT', 'GPT-zero-CoT', 'GPT-rag-few', 'GPT-two-stage-CoT', 'GPT-few-CoT-sector', 'GPT-xgb-inject', 'GPT-feat-inject', 'GPT-contrastive', 'GPT-speaker-seg']"
GPT-full-ensemble,binary,LIN,DOWN,9,9,"{'DOWN': 8, 'UP': 1}","['GPT-few-CoT', 'GPT-zero-CoT', 'GPT-rag-few', 'GPT-two-stage-CoT', 'GPT-few-CoT-sector', 'GPT-xgb-inject', 'GPT-feat-inject', 'GPT-contrastive', 'GPT-speaker-seg']"
GPT-full-ensemble,binary,LLY,UP,9,9,"{'UP': 7, 'DOWN': 2}","['GPT-few-CoT', 'GPT-zero-CoT', 'GPT-rag-few', 'GPT-two-stage-CoT', 'GPT-few-CoT-sector', 'GPT-xgb-inject', 'GPT-feat-inject', 'GPT-contrastive', 'GPT-speaker-seg']"
GPT-full-ensemble,binary,LMT,UP,9,9,"{'UP': 8, 'DOWN': 1}","['GPT-few-CoT', 'GPT-zero-CoT', 'GPT-rag-few', 'GPT-two-stage-CoT', 'GPT-few-CoT-sector', 'GPT-xgb-inject', 'GPT-feat-inject', 'GPT-contrastive', 'GPT-speaker-seg']"
GPT-full-ensemble,binary,LOW,UP,9,9,"{'UP': 8, 'DOWN': 1}","['GPT-few-CoT', 'GPT-zero-CoT', 'GPT-rag-few', 'GPT-two-stage-CoT', 'GPT-few-CoT-sector', 'GPT-xgb-inject', 'GPT-feat-inject', 'GPT-contrastive', 'GPT-speaker-seg']"
GPT-full-ensemble,binary,LRCX,UP,9,9,{'UP': 9},"['GPT-few-CoT', 'GPT-zero-CoT', 'GPT-rag-few', 'GPT-two-stage-CoT', 'GPT-few-CoT-sector', 'GPT-xgb-inject', 'GPT-feat-inject', 'GPT-contrastive', 'GPT-speaker-seg']"
GPT-full-ensemble,binary,MA,UP,9,9,{'UP': 9},"['GPT-few-CoT', 'GPT-zero-CoT', 'GPT-rag-few', 'GPT-two-stage-CoT', 'GPT-few-CoT-sector', 'GPT-xgb-inject', 'GPT-feat-inject', 'GPT-contrastive', 'GPT-speaker-seg']"
GPT-full-ensemble,binary,MAR,DOWN,9,9,{'DOWN': 9},"['GPT-few-CoT', 'GPT-zero-CoT', 'GPT-rag-few', 'GPT-two-stage-CoT', 'GPT-few-CoT-sector', 'GPT-xgb-inject', 'GPT-feat-inject', 'GPT-contrastive', 'GPT-speaker-seg']"
GPT-full-ensemble,binary,MCD,DOWN,9,9,{'DOWN': 9},"['GPT-few-CoT', 'GPT-zero-CoT', 'GPT-rag-few', 'GPT-two-stage-CoT', 'GPT-few-CoT-sector', 'GPT-xgb-inject', 'GPT-feat-inject', 'GPT-contrastive', 'GPT-speaker-seg']"
GPT-full-ensemble,binary,META,UP,9,9,"{'DOWN': 3, 'UP': 6}","['GPT-few-CoT', 'GPT-zero-CoT', 'GPT-rag-few', 'GPT-two-stage-CoT', 'GPT-few-CoT-sector', 'GPT-xgb-inject', 'GPT-feat-inject', 'GPT-contrastive', 'GPT-speaker-seg']"
GPT-full-ensemble,binary,MO,DOWN,9,9,"{'DOWN': 7, 'UP': 2}","['GPT-few-CoT', 'GPT-zero-CoT', 'GPT-rag-few', 'GPT-two-stage-CoT', 'GPT-few-CoT-sector', 'GPT-xgb-inject', 'GPT-feat-inject', 'GPT-contrastive', 'GPT-speaker-seg']"
GPT-full-ensemble,binary,MRK,DOWN,9,9,"{'DOWN': 5, 'UP': 4}","['GPT-few-CoT', 'GPT-zero-CoT', 'GPT-rag-few', 'GPT-two-stage-CoT', 'GPT-few-CoT-sector', 'GPT-xgb-inject', 'GPT-feat-inject', 'GPT-contrastive', 'GPT-speaker-seg']"
GPT-full-ensemble,binary,MS,UP,9,9,"{'UP': 7, 'DOWN': 2}","['GPT-few-CoT', 'GPT-zero-CoT', 'GPT-rag-few', 'GPT-two-stage-CoT', 'GPT-few-CoT-sector', 'GPT-xgb-inject', 'GPT-feat-inject', 'GPT-contrastive', 'GPT-speaker-seg']"
GPT-full-ensemble,binary,MSFT,UP,9,9,"{'UP': 8, 'DOWN': 1}","['GPT-few-CoT', 'GPT-zero-CoT', 'GPT-rag-few', 'GPT-two-stage-CoT', 'GPT-few-CoT-sector', 'GPT-xgb-inject', 'GPT-feat-inject', 'GPT-contrastive', 'GPT-speaker-seg']"
GPT-full-ensemble,binary,MU,UP,9,9,{'UP': 9},"['GPT-few-CoT', 'GPT-zero-CoT', 'GPT-rag-few', 'GPT-two-stage-CoT', 'GPT-few-CoT-sector', 'GPT-xgb-inject', 'GPT-feat-inject', 'GPT-contrastive', 'GPT-speaker-seg']"
GPT-full-ensemble,binary,NEE,UP,9,9,"{'UP': 8, 'DOWN': 1}","['GPT-few-CoT', 'GPT-zero-CoT', 'GPT-rag-few', 'GPT-two-stage-CoT', 'GPT-few-CoT-sector', 'GPT-xgb-inject', 'GPT-feat-inject', 'GPT-contrastive', 'GPT-speaker-seg']"
GPT-full-ensemble,binary,NEM,UP,9,9,"{'UP': 7, 'DOWN': 2}","['GPT-few-CoT', 'GPT-zero-CoT', 'GPT-rag-few', 'GPT-two-stage-CoT', 'GPT-few-CoT-sector', 'GPT-xgb-inject', 'GPT-feat-inject', 'GPT-contrastive', 'GPT-speaker-seg']"
GPT-full-ensemble,binary,NFLX,UP,9,9,{'UP': 9},"['GPT-few-CoT', 'GPT-zero-CoT', 'GPT-rag-few', 'GPT-two-stage-CoT', 'GPT-few-CoT-sector', 'GPT-xgb-inject', 'GPT-feat-inject', 'GPT-contrastive', 'GPT-speaker-seg']"
GPT-full-ensemble,binary,NVDA,UP,9,9,"{'DOWN': 1, 'UP': 8}","['GPT-few-CoT', 'GPT-zero-CoT', 'GPT-rag-few', 'GPT-two-stage-CoT', 'GPT-few-CoT-sector', 'GPT-xgb-inject', 'GPT-feat-inject', 'GPT-contrastive', 'GPT-speaker-seg']"
GPT-full-ensemble,binary,ORCL,UP,9,9,"{'UP': 8, 'DOWN': 1}","['GPT-few-CoT', 'GPT-zero-CoT', 'GPT-rag-few', 'GPT-two-stage-CoT', 'GPT-few-CoT-sector', 'GPT-xgb-inject', 'GPT-feat-inject', 'GPT-contrastive', 'GPT-speaker-seg']"
GPT-full-ensemble,binary,PEP,DOWN,9,9,"{'DOWN': 8, 'UP': 1}","['GPT-few-CoT', 'GPT-zero-CoT', 'GPT-rag-few', 'GPT-two-stage-CoT', 'GPT-few-CoT-sector', 'GPT-xgb-inject', 'GPT-feat-inject', 'GPT-contrastive', 'GPT-speaker-seg']"
GPT-full-ensemble,binary,PFE,UP,9,9,"{'UP': 8, 'DOWN': 1}","['GPT-few-CoT', 'GPT-zero-CoT', 'GPT-rag-few', 'GPT-two-stage-CoT', 'GPT-few-CoT-sector', 'GPT-xgb-inject', 'GPT-feat-inject', 'GPT-contrastive', 'GPT-speaker-seg']"
GPT-full-ensemble,binary,PG,DOWN,9,9,"{'DOWN': 8, 'UP': 1}","['GPT-few-CoT', 'GPT-zero-CoT', 'GPT-rag-few', 'GPT-two-stage-CoT', 'GPT-few-CoT-sector', 'GPT-xgb-inject', 'GPT-feat-inject', 'GPT-contrastive', 'GPT-speaker-seg']"
GPT-full-ensemble,binary,PH,UP,9,9,"{'UP': 8, 'DOWN': 1}","['GPT-few-CoT', 'GPT-zero-CoT', 'GPT-rag-few', 'GPT-two-stage-CoT', 'GPT-few-CoT-sector', 'GPT-xgb-inject', 'GPT-feat-inject', 'GPT-contrastive', 'GPT-speaker-seg']"
GPT-full-ensemble,binary,PLD,UP,9,9,"{'DOWN': 4, 'UP': 5}","['GPT-few-CoT', 'GPT-zero-CoT', 'GPT-rag-few', 'GPT-two-stage-CoT', 'GPT-few-CoT-sector', 'GPT-xgb-inject', 'GPT-feat-inject', 'GPT-contrastive', 'GPT-speaker-seg']"
GPT-full-ensemble,binary,PLTR,UP,9,9,"{'UP': 8, 'DOWN': 1}","['GPT-few-CoT', 'GPT-zero-CoT', 'GPT-rag-few', 'GPT-two-stage-CoT', 'GPT-few-CoT-sector', 'GPT-xgb-inject', 'GPT-feat-inject', 'GPT-contrastive', 'GPT-speaker-seg']"
GPT-full-ensemble,binary,PM,UP,9,9,"{'UP': 8, 'DOWN': 1}","['GPT-few-CoT', 'GPT-zero-CoT', 'GPT-rag-few', 'GPT-two-stage-CoT', 'GPT-few-CoT-sector', 'GPT-xgb-inject', 'GPT-feat-inject', 'GPT-contrastive', 'GPT-speaker-seg']"
GPT-full-ensemble,binary,PWR,UP,9,9,"{'UP': 8, 'DOWN': 1}","['GPT-few-CoT', 'GPT-zero-CoT', 'GPT-rag-few', 'GPT-two-stage-CoT', 'GPT-few-CoT-sector', 'GPT-xgb-inject', 'GPT-feat-inject', 'GPT-contrastive', 'GPT-speaker-seg']"
GPT-full-ensemble,binary,RTX,UP,9,9,"{'UP': 7, 'DOWN': 2}","['GPT-few-CoT', 'GPT-zero-CoT', 'GPT-rag-few', 'GPT-two-stage-CoT', 'GPT-few-CoT-sector', 'GPT-xgb-inject', 'GPT-feat-inject', 'GPT-contrastive', 'GPT-speaker-seg']"
GPT-full-ensemble,binary,SBUX,DOWN,9,9,{'DOWN': 9},"['GPT-few-CoT', 'GPT-zero-CoT', 'GPT-rag-few', 'GPT-two-stage-CoT', 'GPT-few-CoT-sector', 'GPT-xgb-inject', 'GPT-feat-inject', 'GPT-contrastive', 'GPT-speaker-seg']"
GPT-full-ensemble,binary,SCHW,UP,9,9,{'UP': 9},"['GPT-few-CoT', 'GPT-zero-CoT', 'GPT-rag-few', 'GPT-two-stage-CoT', 'GPT-few-CoT-sector', 'GPT-xgb-inject', 'GPT-feat-inject', 'GPT-contrastive', 'GPT-speaker-seg']"
GPT-full-ensemble,binary,SHW,UP,9,9,"{'UP': 7, 'DOWN': 2}","['GPT-few-CoT', 'GPT-zero-CoT', 'GPT-rag-few', 'GPT-two-stage-CoT', 'GPT-few-CoT-sector', 'GPT-xgb-inject', 'GPT-feat-inject', 'GPT-contrastive', 'GPT-speaker-seg']"
GPT-full-ensemble,binary,SO,UP,9,9,"{'UP': 8, 'DOWN': 1}","['GPT-few-CoT', 'GPT-zero-CoT', 'GPT-rag-few', 'GPT-two-stage-CoT', 'GPT-few-CoT-sector', 'GPT-xgb-inject', 'GPT-feat-inject', 'GPT-contrastive', 'GPT-speaker-seg']"
GPT-full-ensemble,binary,SPG,DOWN,9,9,"{'DOWN': 5, 'UP': 4}","['GPT-few-CoT', 'GPT-zero-CoT', 'GPT-rag-few', 'GPT-two-stage-CoT', 'GPT-few-CoT-sector', 'GPT-xgb-inject', 'GPT-feat-inject', 'GPT-contrastive', 'GPT-speaker-seg']"
GPT-full-ensemble,binary,SPGI,UP,9,9,"{'UP': 5, 'DOWN': 4}","['GPT-few-CoT', 'GPT-zero-CoT', 'GPT-rag-few', 'GPT-two-stage-CoT', 'GPT-few-CoT-sector', 'GPT-xgb-inject', 'GPT-feat-inject', 'GPT-contrastive', 'GPT-speaker-seg']"
GPT-full-ensemble,binary,SRE,UP,9,9,"{'UP': 7, 'DOWN': 2}","['GPT-few-CoT', 'GPT-zero-CoT', 'GPT-rag-few', 'GPT-two-stage-CoT', 'GPT-few-CoT-sector', 'GPT-xgb-inject', 'GPT-feat-inject', 'GPT-contrastive', 'GPT-speaker-seg']"
GPT-full-ensemble,binary,SYK,UP,9,9,"{'UP': 8, 'DOWN': 1}","['GPT-few-CoT', 'GPT-zero-CoT', 'GPT-rag-few', 'GPT-two-stage-CoT', 'GPT-few-CoT-sector', 'GPT-xgb-inject', 'GPT-feat-inject', 'GPT-contrastive', 'GPT-speaker-seg']"
GPT-full-ensemble,binary,TJX,DOWN,9,9,"{'DOWN': 5, 'UP': 4}","['GPT-few-CoT', 'GPT-zero-CoT', 'GPT-rag-few', 'GPT-two-stage-CoT', 'GPT-few-CoT-sector', 'GPT-xgb-inject', 'GPT-feat-inject', 'GPT-contrastive', 'GPT-speaker-seg']"
GPT-full-ensemble,binary,TMO,DOWN,9,9,{'DOWN': 9},"['GPT-few-CoT', 'GPT-zero-CoT', 'GPT-rag-few', 'GPT-two-stage-CoT', 'GPT-few-CoT-sector', 'GPT-xgb-inject', 'GPT-feat-inject', 'GPT-contrastive', 'GPT-speaker-seg']"
GPT-full-ensemble,binary,TMUS,UP,9,9,"{'UP': 8, 'DOWN': 1}","['GPT-few-CoT', 'GPT-zero-CoT', 'GPT-rag-few', 'GPT-two-stage-CoT', 'GPT-few-CoT-sector', 'GPT-xgb-inject', 'GPT-feat-inject', 'GPT-contrastive', 'GPT-speaker-seg']"
GPT-full-ensemble,binary,TSLA,DOWN,9,9,"{'DOWN': 6, 'UP': 3}","['GPT-few-CoT', 'GPT-zero-CoT', 'GPT-rag-few', 'GPT-two-stage-CoT', 'GPT-few-CoT-sector', 'GPT-xgb-inject', 'GPT-feat-inject', 'GPT-contrastive', 'GPT-speaker-seg']"
GPT-full-ensemble,binary,TT,UP,9,9,"{'UP': 8, 'DOWN': 1}","['GPT-few-CoT', 'GPT-zero-CoT', 'GPT-rag-few', 'GPT-two-stage-CoT', 'GPT-few-CoT-sector', 'GPT-xgb-inject', 'GPT-feat-inject', 'GPT-contrastive', 'GPT-speaker-seg']"
GPT-full-ensemble,binary,TXN,UP,9,9,"{'UP': 7, 'DOWN': 2}","['GPT-few-CoT', 'GPT-zero-CoT', 'GPT-rag-few', 'GPT-two-stage-CoT', 'GPT-few-CoT-sector', 'GPT-xgb-inject', 'GPT-feat-inject', 'GPT-contrastive', 'GPT-speaker-seg']"
GPT-full-ensemble,binary,UBER,UP,9,9,"{'UP': 7, 'DOWN': 2}","['GPT-few-CoT', 'GPT-zero-CoT', 'GPT-rag-few', 'GPT-two-stage-CoT', 'GPT-few-CoT-sector', 'GPT-xgb-inject', 'GPT-feat-inject', 'GPT-contrastive', 'GPT-speaker-seg']"
GPT-full-ensemble,binary,UNH,DOWN,9,9,"{'DOWN': 8, 'UP': 1}","['GPT-few-CoT', 'GPT-zero-CoT', 'GPT-rag-few', 'GPT-two-stage-CoT', 'GPT-few-CoT-sector', 'GPT-xgb-inject', 'GPT-feat-inject', 'GPT-contrastive', 'GPT-speaker-seg']"
GPT-full-ensemble,binary,UNP,UP,9,9,"{'UP': 7, 'DOWN': 2}","['GPT-few-CoT', 'GPT-zero-CoT', 'GPT-rag-few', 'GPT-two-stage-CoT', 'GPT-few-CoT-sector', 'GPT-xgb-inject', 'GPT-feat-inject', 'GPT-contrastive', 'GPT-speaker-seg']"
GPT-full-ensemble,binary,V,UP,9,9,"{'UP': 8, 'DOWN': 1}","['GPT-few-CoT', 'GPT-zero-CoT', 'GPT-rag-few', 'GPT-two-stage-CoT', 'GPT-few-CoT-sector', 'GPT-xgb-inject', 'GPT-feat-inject', 'GPT-contrastive', 'GPT-speaker-seg']"
GPT-full-ensemble,binary,WELL,UP,9,9,{'UP': 9},"['GPT-few-CoT', 'GPT-zero-CoT', 'GPT-rag-few', 'GPT-two-stage-CoT', 'GPT-few-CoT-sector', 'GPT-xgb-inject', 'GPT-feat-inject', 'GPT-contrastive', 'GPT-speaker-seg']"
GPT-full-ensemble,binary,WFC,UP,9,9,"{'DOWN': 4, 'UP': 5}","['GPT-few-CoT', 'GPT-zero-CoT', 'GPT-rag-few', 'GPT-two-stage-CoT', 'GPT-few-CoT-sector', 'GPT-xgb-inject', 'GPT-feat-inject', 'GPT-contrastive', 'GPT-speaker-seg']"
GPT-full-ensemble,binary,WMB,UP,9,9,{'UP': 9},"['GPT-few-CoT', 'GPT-zero-CoT', 'GPT-rag-few', 'GPT-two-stage-CoT', 'GPT-few-CoT-sector', 'GPT-xgb-inject', 'GPT-feat-inject', 'GPT-contrastive', 'GPT-speaker-seg']"
GPT-full-ensemble,binary,WMT,UP,9,9,{'UP': 9},"['GPT-few-CoT', 'GPT-zero-CoT', 'GPT-rag-few', 'GPT-two-stage-CoT', 'GPT-few-CoT-sector', 'GPT-xgb-inject', 'GPT-feat-inject', 'GPT-contrastive', 'GPT-speaker-seg']"
GPT-full-ensemble,binary,XOM,UP,9,9,"{'UP': 7, 'DOWN': 2}","['GPT-few-CoT', 'GPT-zero-CoT', 'GPT-rag-few', 'GPT-two-stage-CoT', 'GPT-few-CoT-sector', 'GPT-xgb-inject', 'GPT-feat-inject', 'GPT-contrastive', 'GPT-speaker-seg']"
GPT-core-ensemble,ternary,AAPL,FLAT,3,3,"{'FLAT': 2, 'UP': 1}","['GPT-few-CoT', 'GPT-zero-CoT', 'GPT-rag-few']"
GPT-core-ensemble,ternary,ABBV,UP,3,3,{'UP': 3},"['GPT-few-CoT', 'GPT-zero-CoT', 'GPT-rag-few']"
GPT-core-ensemble,ternary,ABNB,FLAT,3,3,{'FLAT': 3},"['GPT-few-CoT', 'GPT-zero-CoT', 'GPT-rag-few']"
GPT-core-ensemble,ternary,ABT,UP,3,3,{'UP': 3},"['GPT-few-CoT', 'GPT-zero-CoT', 'GPT-rag-few']"
GPT-core-ensemble,ternary,AEP,UP,3,3,{'UP': 3},"['GPT-few-CoT', 'GPT-zero-CoT', 'GPT-rag-few']"
GPT-core-ensemble,ternary,AMAT,UP,3,3,{'UP': 3},"['GPT-few-CoT', 'GPT-zero-CoT', 'GPT-rag-few']"
GPT-core-ensemble,ternary,AMD,UP,3,3,{'UP': 3},"['GPT-few-CoT', 'GPT-zero-CoT', 'GPT-rag-few']"
GPT-core-ensemble,ternary,AMGN,UP,3,3,{'UP': 3},"['GPT-few-CoT', 'GPT-zero-CoT', 'GPT-rag-few']"
GPT-core-ensemble,ternary,AMT,UP,3,3,"{'UP': 2, 'FLAT': 1}","['GPT-few-CoT', 'GPT-zero-CoT', 'GPT-rag-few']"
GPT-core-ensemble,ternary,AMZN,UP,3,3,{'UP': 3},"['GPT-few-CoT', 'GPT-zero-CoT', 'GPT-rag-few']"
GPT-core-ensemble,ternary,APD,DOWN,3,3,{'DOWN': 3},"['GPT-few-CoT', 'GPT-zero-CoT', 'GPT-rag-few']"
GPT-core-ensemble,ternary,AVGO,UP,3,3,{'UP': 3},"['GPT-few-CoT', 'GPT-zero-CoT', 'GPT-rag-few']"
GPT-core-ensemble,ternary,AXP,FLAT,3,3,{'FLAT': 3},"['GPT-few-CoT', 'GPT-zero-CoT', 'GPT-rag-few']"
GPT-core-ensemble,ternary,BA,UP,3,3,"{'UP': 2, 'FLAT': 1}","['GPT-few-CoT', 'GPT-zero-CoT', 'GPT-rag-few']"
GPT-core-ensemble,ternary,BAC,UP,3,3,"{'FLAT': 1, 'UP': 2}","['GPT-few-CoT', 'GPT-zero-CoT', 'GPT-rag-few']"
GPT-core-ensemble,ternary,BKNG,UP,3,3,{'UP': 3},"['GPT-few-CoT', 'GPT-zero-CoT', 'GPT-rag-few']"
GPT-core-ensemble,ternary,BLK,UP,3,3,{'UP': 3},"['GPT-few-CoT', 'GPT-zero-CoT', 'GPT-rag-few']"
GPT-core-ensemble,ternary,C,UP,3,3,"{'FLAT': 1, 'UP': 2}","['GPT-few-CoT', 'GPT-zero-CoT', 'GPT-rag-few']"
GPT-core-ensemble,ternary,CAT,FLAT,3,3,{'FLAT': 3},"['GPT-few-CoT', 'GPT-zero-CoT', 'GPT-rag-few']"
GPT-core-ensemble,ternary,CB,FLAT,3,3,{'FLAT': 3},"['GPT-few-CoT', 'GPT-zero-CoT', 'GPT-rag-few']"
GPT-core-ensemble,ternary,CEG,FLAT,3,3,"{'FLAT': 2, 'UP': 1}","['GPT-few-CoT', 'GPT-zero-CoT', 'GPT-rag-few']"
GPT-core-ensemble,ternary,COF,FLAT,3,3,"{'FLAT': 2, 'UP': 1}","['GPT-few-CoT', 'GPT-zero-CoT', 'GPT-rag-few']"
GPT-core-ensemble,ternary,COP,UP,3,3,"{'UP': 2, 'FLAT': 1}","['GPT-few-CoT', 'GPT-zero-CoT', 'GPT-rag-few']"
GPT-core-ensemble,ternary,COST,UP,3,3,{'UP': 3},"['GPT-few-CoT', 'GPT-zero-CoT', 'GPT-rag-few']"
GPT-core-ensemble,ternary,CSCO,UP,3,3,{'UP': 3},"['GPT-few-CoT', 'GPT-zero-CoT', 'GPT-rag-few']"
GPT-core-ensemble,ternary,CVX,FLAT,3,3,{'FLAT': 3},"['GPT-few-CoT', 'GPT-zero-CoT', 'GPT-rag-few']"
GPT-core-ensemble,ternary,DE,DOWN,3,3,"{'DOWN': 2, 'FLAT': 1}","['GPT-few-CoT', 'GPT-zero-CoT', 'GPT-rag-few']"
GPT-core-ensemble,ternary,DHR,UP,3,3,{'UP': 3},"['GPT-few-CoT', 'GPT-zero-CoT', 'GPT-rag-few']"
GPT-core-ensemble,ternary,DLR,UP,3,3,{'UP': 3},"['GPT-few-CoT', 'GPT-zero-CoT', 'GPT-rag-few']"
GPT-core-ensemble,ternary,DUK,UP,3,3,"{'UP': 2, 'FLAT': 1}","['GPT-few-CoT', 'GPT-zero-CoT', 'GPT-rag-few']"
GPT-core-ensemble,ternary,ECL,FLAT,3,3,{'FLAT': 3},"['GPT-few-CoT', 'GPT-zero-CoT', 'GPT-rag-few']"
GPT-core-ensemble,ternary,EQIX,UP,3,3,{'UP': 3},"['GPT-few-CoT', 'GPT-zero-CoT', 'GPT-rag-few']"
GPT-core-ensemble,ternary,ETN,UP,3,3,{'UP': 3},"['GPT-few-CoT', 'GPT-zero-CoT', 'GPT-rag-few']"
GPT-core-ensemble,ternary,FCX,UP,3,3,{'UP': 3},"['GPT-few-CoT', 'GPT-zero-CoT', 'GPT-rag-few']"
GPT-core-ensemble,ternary,FDX,DOWN,3,3,{'DOWN': 3},"['GPT-few-CoT', 'GPT-zero-CoT', 'GPT-rag-few']"
GPT-core-ensemble,ternary,GE,UP,3,3,{'UP': 3},"['GPT-few-CoT', 'GPT-zero-CoT', 'GPT-rag-few']"
GPT-core-ensemble,ternary,GEV,UP,3,3,{'UP': 3},"['GPT-few-CoT', 'GPT-zero-CoT', 'GPT-rag-few']"
GPT-core-ensemble,ternary,GILD,FLAT,3,3,{'FLAT': 3},"['GPT-few-CoT', 'GPT-zero-CoT', 'GPT-rag-few']"
GPT-core-ensemble,ternary,GOOGL,UP,3,3,{'UP': 3},"['GPT-few-CoT', 'GPT-zero-CoT', 'GPT-rag-few']"
GPT-core-ensemble,ternary,GS,UP,3,3,{'UP': 3},"['GPT-few-CoT', 'GPT-zero-CoT', 'GPT-rag-few']"
GPT-core-ensemble,ternary,HD,FLAT,3,3,{'FLAT': 3},"['GPT-few-CoT', 'GPT-zero-CoT', 'GPT-rag-few']"
GPT-core-ensemble,ternary,HON,UP,3,3,{'UP': 3},"['GPT-few-CoT', 'GPT-zero-CoT', 'GPT-rag-few']"
GPT-core-ensemble,ternary,HWM,UP,3,3,{'UP': 3},"['GPT-few-CoT', 'GPT-zero-CoT', 'GPT-rag-few']"
GPT-core-ensemble,ternary,INTC,FLAT,3,3,{'FLAT': 3},"['GPT-few-CoT', 'GPT-zero-CoT', 'GPT-rag-few']"
GPT-core-ensemble,ternary,ISRG,UP,3,3,{'UP': 3},"['GPT-few-CoT', 'GPT-zero-CoT', 'GPT-rag-few']"
GPT-core-ensemble,ternary,JNJ,UP,3,3,{'UP': 3},"['GPT-few-CoT', 'GPT-zero-CoT', 'GPT-rag-few']"
GPT-core-ensemble,ternary,JPM,FLAT,3,3,{'FLAT': 3},"['GPT-few-CoT', 'GPT-zero-CoT', 'GPT-rag-few']"
GPT-core-ensemble,ternary,KLAC,UP,3,3,{'UP': 3},"['GPT-few-CoT', 'GPT-zero-CoT', 'GPT-rag-few']"
GPT-core-ensemble,ternary,KO,FLAT,3,3,{'FLAT': 3},"['GPT-few-CoT', 'GPT-zero-CoT', 'GPT-rag-few']"
GPT-core-ensemble,ternary,LIN,FLAT,3,3,{'FLAT': 3},"['GPT-few-CoT', 'GPT-zero-CoT', 'GPT-rag-few']"
GPT-core-ensemble,ternary,LLY,UP,3,3,{'UP': 3},"['GPT-few-CoT', 'GPT-zero-CoT', 'GPT-rag-few']"
GPT-core-ensemble,ternary,LMT,UP,3,3,{'UP': 3},"['GPT-few-CoT', 'GPT-zero-CoT', 'GPT-rag-few']"
GPT-core-ensemble,ternary,LOW,FLAT,3,3,{'FLAT': 3},"['GPT-few-CoT', 'GPT-zero-CoT', 'GPT-rag-few']"
GPT-core-ensemble,ternary,LRCX,UP,3,3,{'UP': 3},"['GPT-few-CoT', 'GPT-zero-CoT', 'GPT-rag-few']"
GPT-core-ensemble,ternary,MA,UP,3,3,{'UP': 3},"['GPT-few-CoT', 'GPT-zero-CoT', 'GPT-rag-few']"
GPT-core-ensemble,ternary,MAR,FLAT,3,3,{'FLAT': 3},"['GPT-few-CoT', 'GPT-zero-CoT', 'GPT-rag-few']"
GPT-core-ensemble,ternary,MCD,FLAT,3,3,{'FLAT': 3},"['GPT-few-CoT', 'GPT-zero-CoT', 'GPT-rag-few']"
GPT-core-ensemble,ternary,META,UP,3,3,"{'FLAT': 1, 'UP': 2}","['GPT-few-CoT', 'GPT-zero-CoT', 'GPT-rag-few']"
GPT-core-ensemble,ternary,MO,FLAT,3,3,{'FLAT': 3},"['GPT-few-CoT', 'GPT-zero-CoT', 'GPT-rag-few']"
GPT-core-ensemble,ternary,MRK,FLAT,3,3,{'FLAT': 3},"['GPT-few-CoT', 'GPT-zero-CoT', 'GPT-rag-few']"
GPT-core-ensemble,ternary,MS,UP,3,3,{'UP': 3},"['GPT-few-CoT', 'GPT-zero-CoT', 'GPT-rag-few']"
GPT-core-ensemble,ternary,MSFT,UP,3,3,{'UP': 3},"['GPT-few-CoT', 'GPT-zero-CoT', 'GPT-rag-few']"
GPT-core-ensemble,ternary,MU,UP,3,3,{'UP': 3},"['GPT-few-CoT', 'GPT-zero-CoT', 'GPT-rag-few']"
GPT-core-ensemble,ternary,NEE,UP,3,3,{'UP': 3},"['GPT-few-CoT', 'GPT-zero-CoT', 'GPT-rag-few']"
GPT-core-ensemble,ternary,NEM,UP,3,3,"{'FLAT': 1, 'UP': 2}","['GPT-few-CoT', 'GPT-zero-CoT', 'GPT-rag-few']"
GPT-core-ensemble,ternary,NFLX,FLAT,3,3,"{'FLAT': 2, 'UP': 1}","['GPT-few-CoT', 'GPT-zero-CoT', 'GPT-rag-few']"
GPT-core-ensemble,ternary,NVDA,UP,3,3,{'UP': 3},"['GPT-few-CoT', 'GPT-zero-CoT', 'GPT-rag-few']"
GPT-core-ensemble,ternary,ORCL,UP,3,3,{'UP': 3},"['GPT-few-CoT', 'GPT-zero-CoT', 'GPT-rag-few']"
GPT-core-ensemble,ternary,PEP,DOWN,3,3,{'DOWN': 3},"['GPT-few-CoT', 'GPT-zero-CoT', 'GPT-rag-few']"
GPT-core-ensemble,ternary,PFE,UP,3,3,{'UP': 3},"['GPT-few-CoT', 'GPT-zero-CoT', 'GPT-rag-few']"
GPT-core-ensemble,ternary,PG,FLAT,3,3,{'FLAT': 3},"['GPT-few-CoT', 'GPT-zero-CoT', 'GPT-rag-few']"
GPT-core-ensemble,ternary,PH,UP,3,3,{'UP': 3},"['GPT-few-CoT', 'GPT-zero-CoT', 'GPT-rag-few']"
GPT-core-ensemble,ternary,PLD,FLAT,3,3,{'FLAT': 3},"['GPT-few-CoT', 'GPT-zero-CoT', 'GPT-rag-few']"
GPT-core-ensemble,ternary,PLTR,UP,3,3,{'UP': 3},"['GPT-few-CoT', 'GPT-zero-CoT', 'GPT-rag-few']"
GPT-core-ensemble,ternary,PM,UP,3,3,{'UP': 3},"['GPT-few-CoT', 'GPT-zero-CoT', 'GPT-rag-few']"
GPT-core-ensemble,ternary,PWR,UP,3,3,{'UP': 3},"['GPT-few-CoT', 'GPT-zero-CoT', 'GPT-rag-few']"
GPT-core-ensemble,ternary,RTX,UP,3,3,{'UP': 3},"['GPT-few-CoT', 'GPT-zero-CoT', 'GPT-rag-few']"
GPT-core-ensemble,ternary,SBUX,DOWN,3,3,{'DOWN': 3},"['GPT-few-CoT', 'GPT-zero-CoT', 'GPT-rag-few']"
GPT-core-ensemble,ternary,SCHW,UP,3,3,{'UP': 3},"['GPT-few-CoT', 'GPT-zero-CoT', 'GPT-rag-few']"
GPT-core-ensemble,ternary,SHW,FLAT,3,3,{'FLAT': 3},"['GPT-few-CoT', 'GPT-zero-CoT', 'GPT-rag-few']"
GPT-core-ensemble,ternary,SO,UP,3,3,"{'FLAT': 1, 'UP': 2}","['GPT-few-CoT', 'GPT-zero-CoT', 'GPT-rag-few']"
GPT-core-ensemble,ternary,SPG,FLAT,3,3,{'FLAT': 3},"['GPT-few-CoT', 'GPT-zero-CoT', 'GPT-rag-few']"
GPT-core-ensemble,ternary,SPGI,FLAT,3,3,{'FLAT': 3},"['GPT-few-CoT', 'GPT-zero-CoT', 'GPT-rag-few']"
GPT-core-ensemble,ternary,SRE,FLAT,3,3,"{'FLAT': 2, 'UP': 1}","['GPT-few-CoT', 'GPT-zero-CoT', 'GPT-rag-few']"
GPT-core-ensemble,ternary,SYK,UP,3,3,{'UP': 3},"['GPT-few-CoT', 'GPT-zero-CoT', 'GPT-rag-few']"
GPT-core-ensemble,ternary,TJX,UP,3,3,{'UP': 3},"['GPT-few-CoT', 'GPT-zero-CoT', 'GPT-rag-few']"
GPT-core-ensemble,ternary,TMO,DOWN,3,3,"{'DOWN': 1, 'FLAT': 1, 'UP': 1}","['GPT-few-CoT', 'GPT-zero-CoT', 'GPT-rag-few']"
GPT-core-ensemble,ternary,TMUS,UP,3,3,{'UP': 3},"['GPT-few-CoT', 'GPT-zero-CoT', 'GPT-rag-few']"
GPT-core-ensemble,ternary,TSLA,FLAT,3,3,"{'FLAT': 2, 'DOWN': 1}","['GPT-few-CoT', 'GPT-zero-CoT', 'GPT-rag-few']"
GPT-core-ensemble,ternary,TT,UP,3,3,{'UP': 3},"['GPT-few-CoT', 'GPT-zero-CoT', 'GPT-rag-few']"
GPT-core-ensemble,ternary,TXN,UP,3,3,"{'UP': 2, 'FLAT': 1}","['GPT-few-CoT', 'GPT-zero-CoT', 'GPT-rag-few']"
GPT-core-ensemble,ternary,UBER,UP,3,3,"{'FLAT': 1, 'UP': 2}","['GPT-few-CoT', 'GPT-zero-CoT', 'GPT-rag-few']"
GPT-core-ensemble,ternary,UNH,DOWN,3,3,{'DOWN': 3},"['GPT-few-CoT', 'GPT-zero-CoT', 'GPT-rag-few']"
GPT-core-ensemble,ternary,UNP,FLAT,3,3,{'FLAT': 3},"['GPT-few-CoT', 'GPT-zero-CoT', 'GPT-rag-few']"
GPT-core-ensemble,ternary,V,UP,3,3,{'UP': 3},"['GPT-few-CoT', 'GPT-zero-CoT', 'GPT-rag-few']"
GPT-core-ensemble,ternary,WELL,UP,3,3,{'UP': 3},"['GPT-few-CoT', 'GPT-zero-CoT', 'GPT-rag-few']"
GPT-core-ensemble,ternary,WFC,FLAT,3,3,{'FLAT': 3},"['GPT-few-CoT', 'GPT-zero-CoT', 'GPT-rag-few']"
GPT-core-ensemble,ternary,WMB,UP,3,3,{'UP': 3},"['GPT-few-CoT', 'GPT-zero-CoT', 'GPT-rag-few']"
GPT-core-ensemble,ternary,WMT,UP,3,3,{'UP': 3},"['GPT-few-CoT', 'GPT-zero-CoT', 'GPT-rag-few']"
GPT-core-ensemble,ternary,XOM,FLAT,3,3,"{'FLAT': 2, 'UP': 1}","['GPT-few-CoT', 'GPT-zero-CoT', 'GPT-rag-few']"
GPT-hybrid-ensemble,ternary,AAPL,UP,3,3,"{'UP': 2, 'FLAT': 1}","['GPT-xgb-inject', 'GPT-feat-inject', 'GPT-speaker-seg']"
GPT-hybrid-ensemble,ternary,ABBV,UP,3,3,"{'UP': 2, 'FLAT': 1}","['GPT-xgb-inject', 'GPT-feat-inject', 'GPT-speaker-seg']"
GPT-hybrid-ensemble,ternary,ABNB,FLAT,3,3,{'FLAT': 3},"['GPT-xgb-inject', 'GPT-feat-inject', 'GPT-speaker-seg']"
GPT-hybrid-ensemble,ternary,ABT,UP,3,3,"{'UP': 2, 'FLAT': 1}","['GPT-xgb-inject', 'GPT-feat-inject', 'GPT-speaker-seg']"
GPT-hybrid-ensemble,ternary,AEP,FLAT,3,3,"{'FLAT': 2, 'UP': 1}","['GPT-xgb-inject', 'GPT-feat-inject', 'GPT-speaker-seg']"
GPT-hybrid-ensemble,ternary,AMAT,FLAT,3,3,"{'UP': 1, 'FLAT': 2}","['GPT-xgb-inject', 'GPT-feat-inject', 'GPT-speaker-seg']"
GPT-hybrid-ensemble,ternary,AMD,UP,3,3,"{'UP': 2, 'FLAT': 1}","['GPT-xgb-inject', 'GPT-feat-inject', 'GPT-speaker-seg']"
GPT-hybrid-ensemble,ternary,AMGN,FLAT,3,3,"{'FLAT': 2, 'UP': 1}","['GPT-xgb-inject', 'GPT-feat-inject', 'GPT-speaker-seg']"
GPT-hybrid-ensemble,ternary,AMT,UP,3,3,"{'UP': 2, 'FLAT': 1}","['GPT-xgb-inject', 'GPT-feat-inject', 'GPT-speaker-seg']"
GPT-hybrid-ensemble,ternary,AMZN,UP,3,3,"{'UP': 2, 'FLAT': 1}","['GPT-xgb-inject', 'GPT-feat-inject', 'GPT-speaker-seg']"
GPT-hybrid-ensemble,ternary,APD,FLAT,3,3,"{'DOWN': 1, 'FLAT': 2}","['GPT-xgb-inject', 'GPT-feat-inject', 'GPT-speaker-seg']"
GPT-hybrid-ensemble,ternary,AVGO,UP,3,3,"{'UP': 2, 'FLAT': 1}","['GPT-xgb-inject', 'GPT-feat-inject', 'GPT-speaker-seg']"
GPT-hybrid-ensemble,ternary,AXP,FLAT,3,3,"{'UP': 1, 'FLAT': 2}","['GPT-xgb-inject', 'GPT-feat-inject', 'GPT-speaker-seg']"
GPT-hybrid-ensemble,ternary,BA,UP,3,3,"{'UP': 2, 'FLAT': 1}","['GPT-xgb-inject', 'GPT-feat-inject', 'GPT-speaker-seg']"
GPT-hybrid-ensemble,ternary,BAC,FLAT,3,3,"{'UP': 1, 'FLAT': 2}","['GPT-xgb-inject', 'GPT-feat-inject', 'GPT-speaker-seg']"
GPT-hybrid-ensemble,ternary,BKNG,UP,3,3,"{'UP': 2, 'FLAT': 1}","['GPT-xgb-inject', 'GPT-feat-inject', 'GPT-speaker-seg']"
GPT-hybrid-ensemble,ternary,BLK,UP,3,3,"{'UP': 2, 'FLAT': 1}","['GPT-xgb-inject', 'GPT-feat-inject', 'GPT-speaker-seg']"
GPT-hybrid-ensemble,ternary,C,FLAT,3,3,"{'UP': 1, 'FLAT': 2}","['GPT-xgb-inject', 'GPT-feat-inject', 'GPT-speaker-seg']"
GPT-hybrid-ensemble,ternary,CAT,FLAT,3,3,"{'UP': 1, 'FLAT': 2}","['GPT-xgb-inject', 'GPT-feat-inject', 'GPT-speaker-seg']"
GPT-hybrid-ensemble,ternary,CB,FLAT,3,3,"{'UP': 1, 'FLAT': 2}","['GPT-xgb-inject', 'GPT-feat-inject', 'GPT-speaker-seg']"
GPT-hybrid-ensemble,ternary,CEG,FLAT,3,3,{'FLAT': 3},"['GPT-xgb-inject', 'GPT-feat-inject', 'GPT-speaker-seg']"
GPT-hybrid-ensemble,ternary,COF,FLAT,3,3,"{'DOWN': 1, 'FLAT': 2}","['GPT-xgb-inject', 'GPT-feat-inject', 'GPT-speaker-seg']"
GPT-hybrid-ensemble,ternary,COP,FLAT,3,3,"{'UP': 1, 'FLAT': 2}","['GPT-xgb-inject', 'GPT-feat-inject', 'GPT-speaker-seg']"
GPT-hybrid-ensemble,ternary,COST,UP,3,3,"{'UP': 2, 'FLAT': 1}","['GPT-xgb-inject', 'GPT-feat-inject', 'GPT-speaker-seg']"
GPT-hybrid-ensemble,ternary,CSCO,FLAT,3,3,"{'FLAT': 2, 'UP': 1}","['GPT-xgb-inject', 'GPT-feat-inject', 'GPT-speaker-seg']"
GPT-hybrid-ensemble,ternary,CVX,FLAT,3,3,"{'UP': 1, 'FLAT': 2}","['GPT-xgb-inject', 'GPT-feat-inject', 'GPT-speaker-seg']"
GPT-hybrid-ensemble,ternary,DE,FLAT,3,3,"{'UP': 1, 'FLAT': 2}","['GPT-xgb-inject', 'GPT-feat-inject', 'GPT-speaker-seg']"
GPT-hybrid-ensemble,ternary,DHR,UP,3,3,"{'UP': 2, 'FLAT': 1}","['GPT-xgb-inject', 'GPT-feat-inject', 'GPT-speaker-seg']"
GPT-hybrid-ensemble,ternary,DLR,UP,3,3,"{'UP': 2, 'FLAT': 1}","['GPT-xgb-inject', 'GPT-feat-inject', 'GPT-speaker-seg']"
GPT-hybrid-ensemble,ternary,DUK,FLAT,3,3,"{'UP': 1, 'FLAT': 2}","['GPT-xgb-inject', 'GPT-feat-inject', 'GPT-speaker-seg']"
GPT-hybrid-ensemble,ternary,ECL,FLAT,3,3,{'FLAT': 3},"['GPT-xgb-inject', 'GPT-feat-inject', 'GPT-speaker-seg']"
GPT-hybrid-ensemble,ternary,EQIX,UP,3,3,"{'UP': 2, 'FLAT': 1}","['GPT-xgb-inject', 'GPT-feat-inject', 'GPT-speaker-seg']"
GPT-hybrid-ensemble,ternary,ETN,UP,3,3,"{'UP': 2, 'FLAT': 1}","['GPT-xgb-inject', 'GPT-feat-inject', 'GPT-speaker-seg']"
GPT-hybrid-ensemble,ternary,FCX,FLAT,3,3,"{'FLAT': 2, 'UP': 1}","['GPT-xgb-inject', 'GPT-feat-inject', 'GPT-speaker-seg']"
GPT-hybrid-ensemble,ternary,FDX,DOWN,3,3,"{'DOWN': 2, 'FLAT': 1}","['GPT-xgb-inject', 'GPT-feat-inject', 'GPT-speaker-seg']"
GPT-hybrid-ensemble,ternary,GE,UP,3,3,"{'UP': 2, 'FLAT': 1}","['GPT-xgb-inject', 'GPT-feat-inject', 'GPT-speaker-seg']"
GPT-hybrid-ensemble,ternary,GEV,UP,3,3,"{'UP': 2, 'FLAT': 1}","['GPT-xgb-inject', 'GPT-feat-inject', 'GPT-speaker-seg']"
GPT-hybrid-ensemble,ternary,GILD,FLAT,3,3,"{'UP': 1, 'FLAT': 2}","['GPT-xgb-inject', 'GPT-feat-inject', 'GPT-speaker-seg']"
GPT-hybrid-ensemble,ternary,GOOGL,UP,3,3,"{'UP': 2, 'FLAT': 1}","['GPT-xgb-inject', 'GPT-feat-inject', 'GPT-speaker-seg']"
GPT-hybrid-ensemble,ternary,GS,UP,3,3,"{'UP': 2, 'FLAT': 1}","['GPT-xgb-inject', 'GPT-feat-inject', 'GPT-speaker-seg']"
GPT-hybrid-ensemble,ternary,HD,FLAT,3,3,"{'UP': 1, 'FLAT': 2}","['GPT-xgb-inject', 'GPT-feat-inject', 'GPT-speaker-seg']"
GPT-hybrid-ensemble,ternary,HON,UP,3,3,"{'UP': 2, 'FLAT': 1}","['GPT-xgb-inject', 'GPT-feat-inject', 'GPT-speaker-seg']"
GPT-hybrid-ensemble,ternary,HWM,UP,3,3,"{'UP': 2, 'FLAT': 1}","['GPT-xgb-inject', 'GPT-feat-inject', 'GPT-speaker-seg']"
GPT-hybrid-ensemble,ternary,INTC,FLAT,3,3,"{'DOWN': 1, 'FLAT': 2}","['GPT-xgb-inject', 'GPT-feat-inject', 'GPT-speaker-seg']"
GPT-hybrid-ensemble,ternary,ISRG,UP,3,3,"{'UP': 2, 'FLAT': 1}","['GPT-xgb-inject', 'GPT-feat-inject', 'GPT-speaker-seg']"
GPT-hybrid-ensemble,ternary,JNJ,UP,3,3,"{'UP': 2, 'FLAT': 1}","['GPT-xgb-inject', 'GPT-feat-inject', 'GPT-speaker-seg']"
GPT-hybrid-ensemble,ternary,JPM,FLAT,3,3,"{'UP': 1, 'FLAT': 2}","['GPT-xgb-inject', 'GPT-feat-inject', 'GPT-speaker-seg']"
GPT-hybrid-ensemble,ternary,KLAC,FLAT,3,3,"{'FLAT': 2, 'UP': 1}","['GPT-xgb-inject', 'GPT-feat-inject', 'GPT-speaker-seg']"
GPT-hybrid-ensemble,ternary,KO,FLAT,3,3,{'FLAT': 3},"['GPT-xgb-inject', 'GPT-feat-inject', 'GPT-speaker-seg']"
GPT-hybrid-ensemble,ternary,LIN,FLAT,3,3,"{'UP': 1, 'FLAT': 2}","['GPT-xgb-inject', 'GPT-feat-inject', 'GPT-speaker-seg']"
GPT-hybrid-ensemble,ternary,LLY,FLAT,3,3,"{'UP': 1, 'FLAT': 2}","['GPT-xgb-inject', 'GPT-feat-inject', 'GPT-speaker-seg']"
GPT-hybrid-ensemble,ternary,LMT,UP,3,3,"{'UP': 2, 'FLAT': 1}","['GPT-xgb-inject', 'GPT-feat-inject', 'GPT-speaker-seg']"
GPT-hybrid-ensemble,ternary,LOW,FLAT,3,3,{'FLAT': 3},"['GPT-xgb-inject', 'GPT-feat-inject', 'GPT-speaker-seg']"
GPT-hybrid-ensemble,ternary,LRCX,UP,3,3,"{'UP': 2, 'FLAT': 1}","['GPT-xgb-inject', 'GPT-feat-inject', 'GPT-speaker-seg']"
GPT-hybrid-ensemble,ternary,MA,UP,3,3,"{'UP': 2, 'FLAT': 1}","['GPT-xgb-inject', 'GPT-feat-inject', 'GPT-speaker-seg']"
GPT-hybrid-ensemble,ternary,MAR,FLAT,3,3,{'FLAT': 3},"['GPT-xgb-inject', 'GPT-feat-inject', 'GPT-speaker-seg']"
GPT-hybrid-ensemble,ternary,MCD,FLAT,3,3,{'FLAT': 3},"['GPT-xgb-inject', 'GPT-feat-inject', 'GPT-speaker-seg']"
GPT-hybrid-ensemble,ternary,META,FLAT,3,3,"{'FLAT': 2, 'UP': 1}","['GPT-xgb-inject', 'GPT-feat-inject', 'GPT-speaker-seg']"
GPT-hybrid-ensemble,ternary,MO,FLAT,3,3,{'FLAT': 3},"['GPT-xgb-inject', 'GPT-feat-inject', 'GPT-speaker-seg']"
GPT-hybrid-ensemble,ternary,MRK,FLAT,3,3,{'FLAT': 3},"['GPT-xgb-inject', 'GPT-feat-inject', 'GPT-speaker-seg']"
GPT-hybrid-ensemble,ternary,MS,UP,3,3,"{'UP': 2, 'FLAT': 1}","['GPT-xgb-inject', 'GPT-feat-inject', 'GPT-speaker-seg']"
GPT-hybrid-ensemble,ternary,MSFT,UP,3,3,"{'UP': 2, 'FLAT': 1}","['GPT-xgb-inject', 'GPT-feat-inject', 'GPT-speaker-seg']"
GPT-hybrid-ensemble,ternary,MU,DOWN,3,3,"{'DOWN': 1, 'UP': 1, 'FLAT': 1}","['GPT-xgb-inject', 'GPT-feat-inject', 'GPT-speaker-seg']"
GPT-hybrid-ensemble,ternary,NEE,UP,3,3,"{'UP': 2, 'FLAT': 1}","['GPT-xgb-inject', 'GPT-feat-inject', 'GPT-speaker-seg']"
GPT-hybrid-ensemble,ternary,NEM,FLAT,3,3,"{'UP': 1, 'FLAT': 2}","['GPT-xgb-inject', 'GPT-feat-inject', 'GPT-speaker-seg']"
GPT-hybrid-ensemble,ternary,NFLX,FLAT,3,3,"{'UP': 1, 'FLAT': 2}","['GPT-xgb-inject', 'GPT-feat-inject', 'GPT-speaker-seg']"
GPT-hybrid-ensemble,ternary,NVDA,UP,3,3,"{'UP': 2, 'FLAT': 1}","['GPT-xgb-inject', 'GPT-feat-inject', 'GPT-speaker-seg']"
GPT-hybrid-ensemble,ternary,ORCL,UP,3,3,"{'UP': 2, 'FLAT': 1}","['GPT-xgb-inject', 'GPT-feat-inject', 'GPT-speaker-seg']"
GPT-hybrid-ensemble,ternary,PEP,DOWN,3,3,"{'DOWN': 2, 'FLAT': 1}","['GPT-xgb-inject', 'GPT-feat-inject', 'GPT-speaker-seg']"
GPT-hybrid-ensemble,ternary,PFE,DOWN,3,3,"{'DOWN': 1, 'UP': 1, 'FLAT': 1}","['GPT-xgb-inject', 'GPT-feat-inject', 'GPT-speaker-seg']"
GPT-hybrid-ensemble,ternary,PG,FLAT,3,3,{'FLAT': 3},"['GPT-xgb-inject', 'GPT-feat-inject', 'GPT-speaker-seg']"
GPT-hybrid-ensemble,ternary,PH,UP,3,3,"{'UP': 1, 'DOWN': 1, 'FLAT': 1}","['GPT-xgb-inject', 'GPT-feat-inject', 'GPT-speaker-seg']"
GPT-hybrid-ensemble,ternary,PLD,FLAT,3,3,"{'DOWN': 1, 'FLAT': 2}","['GPT-xgb-inject', 'GPT-feat-inject', 'GPT-speaker-seg']"
GPT-hybrid-ensemble,ternary,PLTR,UP,3,3,"{'UP': 2, 'FLAT': 1}","['GPT-xgb-inject', 'GPT-feat-inject', 'GPT-speaker-seg']"
GPT-hybrid-ensemble,ternary,PM,UP,3,3,"{'UP': 2, 'FLAT': 1}","['GPT-xgb-inject', 'GPT-feat-inject', 'GPT-speaker-seg']"
GPT-hybrid-ensemble,ternary,PWR,UP,3,3,"{'UP': 2, 'FLAT': 1}","['GPT-xgb-inject', 'GPT-feat-inject', 'GPT-speaker-seg']"
GPT-hybrid-ensemble,ternary,RTX,UP,3,3,"{'UP': 2, 'FLAT': 1}","['GPT-xgb-inject', 'GPT-feat-inject', 'GPT-speaker-seg']"
GPT-hybrid-ensemble,ternary,SBUX,DOWN,3,3,"{'DOWN': 2, 'FLAT': 1}","['GPT-xgb-inject', 'GPT-feat-inject', 'GPT-speaker-seg']"
GPT-hybrid-ensemble,ternary,SCHW,UP,3,3,"{'UP': 2, 'FLAT': 1}","['GPT-xgb-inject', 'GPT-feat-inject', 'GPT-speaker-seg']"
GPT-hybrid-ensemble,ternary,SHW,FLAT,3,3,"{'UP': 1, 'FLAT': 2}","['GPT-xgb-inject', 'GPT-feat-inject', 'GPT-speaker-seg']"
GPT-hybrid-ensemble,ternary,SO,FLAT,3,3,"{'UP': 1, 'FLAT': 2}","['GPT-xgb-inject', 'GPT-feat-inject', 'GPT-speaker-seg']"
GPT-hybrid-ensemble,ternary,SPG,FLAT,3,3,{'FLAT': 3},"['GPT-xgb-inject', 'GPT-feat-inject', 'GPT-speaker-seg']"
GPT-hybrid-ensemble,ternary,SPGI,FLAT,3,3,"{'UP': 1, 'FLAT': 2}","['GPT-xgb-inject', 'GPT-feat-inject', 'GPT-speaker-seg']"
GPT-hybrid-ensemble,ternary,SRE,FLAT,3,3,{'FLAT': 3},"['GPT-xgb-inject', 'GPT-feat-inject', 'GPT-speaker-seg']"
GPT-hybrid-ensemble,ternary,SYK,UP,3,3,"{'UP': 2, 'FLAT': 1}","['GPT-xgb-inject', 'GPT-feat-inject', 'GPT-speaker-seg']"
GPT-hybrid-ensemble,ternary,TJX,FLAT,3,3,"{'FLAT': 2, 'UP': 1}","['GPT-xgb-inject', 'GPT-feat-inject', 'GPT-speaker-seg']"
GPT-hybrid-ensemble,ternary,TMO,FLAT,3,3,"{'UP': 1, 'FLAT': 2}","['GPT-xgb-inject', 'GPT-feat-inject', 'GPT-speaker-seg']"
GPT-hybrid-ensemble,ternary,TMUS,UP,3,3,"{'UP': 2, 'FLAT': 1}","['GPT-xgb-inject', 'GPT-feat-inject', 'GPT-speaker-seg']"
GPT-hybrid-ensemble,ternary,TSLA,FLAT,3,3,"{'DOWN': 1, 'FLAT': 2}","['GPT-xgb-inject', 'GPT-feat-inject', 'GPT-speaker-seg']"
GPT-hybrid-ensemble,ternary,TT,FLAT,3,3,"{'FLAT': 2, 'UP': 1}","['GPT-xgb-inject', 'GPT-feat-inject', 'GPT-speaker-seg']"
GPT-hybrid-ensemble,ternary,TXN,FLAT,3,3,"{'UP': 1, 'FLAT': 2}","['GPT-xgb-inject', 'GPT-feat-inject', 'GPT-speaker-seg']"
GPT-hybrid-ensemble,ternary,UBER,FLAT,3,3,{'FLAT': 3},"['GPT-xgb-inject', 'GPT-feat-inject', 'GPT-speaker-seg']"
GPT-hybrid-ensemble,ternary,UNH,DOWN,3,3,"{'DOWN': 2, 'FLAT': 1}","['GPT-xgb-inject', 'GPT-feat-inject', 'GPT-speaker-seg']"
GPT-hybrid-ensemble,ternary,UNP,FLAT,3,3,{'FLAT': 3},"['GPT-xgb-inject', 'GPT-feat-inject', 'GPT-speaker-seg']"
GPT-hybrid-ensemble,ternary,V,UP,3,3,"{'UP': 2, 'FLAT': 1}","['GPT-xgb-inject', 'GPT-feat-inject', 'GPT-speaker-seg']"
GPT-hybrid-ensemble,ternary,WELL,UP,3,3,"{'UP': 2, 'FLAT': 1}","['GPT-xgb-inject', 'GPT-feat-inject', 'GPT-speaker-seg']"
GPT-hybrid-ensemble,ternary,WFC,FLAT,3,3,"{'UP': 1, 'FLAT': 2}","['GPT-xgb-inject', 'GPT-feat-inject', 'GPT-speaker-seg']"
GPT-hybrid-ensemble,ternary,WMB,UP,3,3,"{'UP': 2, 'FLAT': 1}","['GPT-xgb-inject', 'GPT-feat-inject', 'GPT-speaker-seg']"
GPT-hybrid-ensemble,ternary,WMT,UP,3,3,"{'UP': 2, 'FLAT': 1}","['GPT-xgb-inject', 'GPT-feat-inject', 'GPT-speaker-seg']"
GPT-hybrid-ensemble,ternary,XOM,FLAT,3,3,"{'UP': 1, 'FLAT': 2}","['GPT-xgb-inject', 'GPT-feat-inject', 'GPT-speaker-seg']"
GPT-enhanced-ensemble,ternary,AAPL,UP,3,3,"{'UP': 2, 'FLAT': 1}","['GPT-two-stage-CoT', 'GPT-few-CoT-sector', 'GPT-few-CoT']"
GPT-enhanced-ensemble,ternary,ABBV,UP,3,3,{'UP': 3},"['GPT-two-stage-CoT', 'GPT-few-CoT-sector', 'GPT-few-CoT']"
GPT-enhanced-ensemble,ternary,ABNB,FLAT,3,3,{'FLAT': 3},"['GPT-two-stage-CoT', 'GPT-few-CoT-sector', 'GPT-few-CoT']"
GPT-enhanced-ensemble,ternary,ABT,UP,3,3,{'UP': 3},"['GPT-two-stage-CoT', 'GPT-few-CoT-sector', 'GPT-few-CoT']"
GPT-enhanced-ensemble,ternary,AEP,UP,3,3,{'UP': 3},"['GPT-two-stage-CoT', 'GPT-few-CoT-sector', 'GPT-few-CoT']"
GPT-enhanced-ensemble,ternary,AMAT,UP,3,3,"{'FLAT': 1, 'UP': 2}","['GPT-two-stage-CoT', 'GPT-few-CoT-sector', 'GPT-few-CoT']"
GPT-enhanced-ensemble,ternary,AMD,UP,3,3,{'UP': 3},"['GPT-two-stage-CoT', 'GPT-few-CoT-sector', 'GPT-few-CoT']"
GPT-enhanced-ensemble,ternary,AMGN,UP,3,3,{'UP': 3},"['GPT-two-stage-CoT', 'GPT-few-CoT-sector', 'GPT-few-CoT']"
GPT-enhanced-ensemble,ternary,AMT,UP,3,3,{'UP': 3},"['GPT-two-stage-CoT', 'GPT-few-CoT-sector', 'GPT-few-CoT']"
GPT-enhanced-ensemble,ternary,AMZN,UP,3,3,{'UP': 3},"['GPT-two-stage-CoT', 'GPT-few-CoT-sector', 'GPT-few-CoT']"
GPT-enhanced-ensemble,ternary,APD,DOWN,3,3,{'DOWN': 3},"['GPT-two-stage-CoT', 'GPT-few-CoT-sector', 'GPT-few-CoT']"
GPT-enhanced-ensemble,ternary,AVGO,UP,3,3,{'UP': 3},"['GPT-two-stage-CoT', 'GPT-few-CoT-sector', 'GPT-few-CoT']"
GPT-enhanced-ensemble,ternary,AXP,FLAT,3,3,{'FLAT': 3},"['GPT-two-stage-CoT', 'GPT-few-CoT-sector', 'GPT-few-CoT']"
GPT-enhanced-ensemble,ternary,BA,FLAT,3,3,"{'FLAT': 2, 'UP': 1}","['GPT-two-stage-CoT', 'GPT-few-CoT-sector', 'GPT-few-CoT']"
GPT-enhanced-ensemble,ternary,BAC,FLAT,3,3,"{'FLAT': 2, 'UP': 1}","['GPT-two-stage-CoT', 'GPT-few-CoT-sector', 'GPT-few-CoT']"
GPT-enhanced-ensemble,ternary,BKNG,UP,3,3,{'UP': 3},"['GPT-two-stage-CoT', 'GPT-few-CoT-sector', 'GPT-few-CoT']"
GPT-enhanced-ensemble,ternary,BLK,UP,3,3,"{'FLAT': 1, 'UP': 2}","['GPT-two-stage-CoT', 'GPT-few-CoT-sector', 'GPT-few-CoT']"
GPT-enhanced-ensemble,ternary,C,FLAT,3,3,"{'FLAT': 2, 'UP': 1}","['GPT-two-stage-CoT', 'GPT-few-CoT-sector', 'GPT-few-CoT']"
GPT-enhanced-ensemble,ternary,CAT,FLAT,3,3,{'FLAT': 3},"['GPT-two-stage-CoT', 'GPT-few-CoT-sector', 'GPT-few-CoT']"
GPT-enhanced-ensemble,ternary,CB,FLAT,3,3,{'FLAT': 3},"['GPT-two-stage-CoT', 'GPT-few-CoT-sector', 'GPT-few-CoT']"
GPT-enhanced-ensemble,ternary,CEG,FLAT,3,3,"{'FLAT': 2, 'UP': 1}","['GPT-two-stage-CoT', 'GPT-few-CoT-sector', 'GPT-few-CoT']"
GPT-enhanced-ensemble,ternary,COF,FLAT,3,3,"{'FLAT': 2, 'UP': 1}","['GPT-two-stage-CoT', 'GPT-few-CoT-sector', 'GPT-few-CoT']"
GPT-enhanced-ensemble,ternary,COP,UP,3,3,"{'FLAT': 1, 'UP': 2}","['GPT-two-stage-CoT', 'GPT-few-CoT-sector', 'GPT-few-CoT']"
GPT-enhanced-ensemble,ternary,COST,UP,3,3,"{'FLAT': 1, 'UP': 2}","['GPT-two-stage-CoT', 'GPT-few-CoT-sector', 'GPT-few-CoT']"
GPT-enhanced-ensemble,ternary,CSCO,UP,3,3,{'UP': 3},"['GPT-two-stage-CoT', 'GPT-few-CoT-sector', 'GPT-few-CoT']"
GPT-enhanced-ensemble,ternary,CVX,FLAT,3,3,{'FLAT': 3},"['GPT-two-stage-CoT', 'GPT-few-CoT-sector', 'GPT-few-CoT']"
GPT-enhanced-ensemble,ternary,DE,DOWN,3,3,"{'DOWN': 2, 'FLAT': 1}","['GPT-two-stage-CoT', 'GPT-few-CoT-sector', 'GPT-few-CoT']"
GPT-enhanced-ensemble,ternary,DHR,UP,3,3,"{'FLAT': 1, 'UP': 2}","['GPT-two-stage-CoT', 'GPT-few-CoT-sector', 'GPT-few-CoT']"
GPT-enhanced-ensemble,ternary,DLR,UP,3,3,{'UP': 3},"['GPT-two-stage-CoT', 'GPT-few-CoT-sector', 'GPT-few-CoT']"
GPT-enhanced-ensemble,ternary,DUK,UP,3,3,{'UP': 3},"['GPT-two-stage-CoT', 'GPT-few-CoT-sector', 'GPT-few-CoT']"
GPT-enhanced-ensemble,ternary,ECL,FLAT,3,3,"{'FLAT': 2, 'UP': 1}","['GPT-two-stage-CoT', 'GPT-few-CoT-sector', 'GPT-few-CoT']"
GPT-enhanced-ensemble,ternary,EQIX,UP,3,3,{'UP': 3},"['GPT-two-stage-CoT', 'GPT-few-CoT-sector', 'GPT-few-CoT']"
GPT-enhanced-ensemble,ternary,ETN,UP,3,3,{'UP': 3},"['GPT-two-stage-CoT', 'GPT-few-CoT-sector', 'GPT-few-CoT']"
GPT-enhanced-ensemble,ternary,FCX,UP,3,3,{'UP': 3},"['GPT-two-stage-CoT', 'GPT-few-CoT-sector', 'GPT-few-CoT']"
GPT-enhanced-ensemble,ternary,FDX,DOWN,3,3,{'DOWN': 3},"['GPT-two-stage-CoT', 'GPT-few-CoT-sector', 'GPT-few-CoT']"
GPT-enhanced-ensemble,ternary,GE,UP,3,3,{'UP': 3},"['GPT-two-stage-CoT', 'GPT-few-CoT-sector', 'GPT-few-CoT']"
GPT-enhanced-ensemble,ternary,GEV,UP,3,3,"{'FLAT': 1, 'UP': 2}","['GPT-two-stage-CoT', 'GPT-few-CoT-sector', 'GPT-few-CoT']"
GPT-enhanced-ensemble,ternary,GILD,FLAT,3,3,{'FLAT': 3},"['GPT-two-stage-CoT', 'GPT-few-CoT-sector', 'GPT-few-CoT']"
GPT-enhanced-ensemble,ternary,GOOGL,UP,3,3,"{'FLAT': 1, 'UP': 2}","['GPT-two-stage-CoT', 'GPT-few-CoT-sector', 'GPT-few-CoT']"
GPT-enhanced-ensemble,ternary,GS,UP,3,3,"{'FLAT': 1, 'UP': 2}","['GPT-two-stage-CoT', 'GPT-few-CoT-sector', 'GPT-few-CoT']"
GPT-enhanced-ensemble,ternary,HD,FLAT,3,3,{'FLAT': 3},"['GPT-two-stage-CoT', 'GPT-few-CoT-sector', 'GPT-few-CoT']"
GPT-enhanced-ensemble,ternary,HON,UP,3,3,{'UP': 3},"['GPT-two-stage-CoT', 'GPT-few-CoT-sector', 'GPT-few-CoT']"
GPT-enhanced-ensemble,ternary,HWM,UP,3,3,{'UP': 3},"['GPT-two-stage-CoT', 'GPT-few-CoT-sector', 'GPT-few-CoT']"
GPT-enhanced-ensemble,ternary,INTC,FLAT,3,3,{'FLAT': 3},"['GPT-two-stage-CoT', 'GPT-few-CoT-sector', 'GPT-few-CoT']"
GPT-enhanced-ensemble,ternary,ISRG,UP,3,3,{'UP': 3},"['GPT-two-stage-CoT', 'GPT-few-CoT-sector', 'GPT-few-CoT']"
GPT-enhanced-ensemble,ternary,JNJ,UP,3,3,{'UP': 3},"['GPT-two-stage-CoT', 'GPT-few-CoT-sector', 'GPT-few-CoT']"
GPT-enhanced-ensemble,ternary,JPM,FLAT,3,3,{'FLAT': 3},"['GPT-two-stage-CoT', 'GPT-few-CoT-sector', 'GPT-few-CoT']"
GPT-enhanced-ensemble,ternary,KLAC,UP,3,3,{'UP': 3},"['GPT-two-stage-CoT', 'GPT-few-CoT-sector', 'GPT-few-CoT']"
GPT-enhanced-ensemble,ternary,KO,FLAT,3,3,{'FLAT': 3},"['GPT-two-stage-CoT', 'GPT-few-CoT-sector', 'GPT-few-CoT']"
GPT-enhanced-ensemble,ternary,LIN,FLAT,3,3,{'FLAT': 3},"['GPT-two-stage-CoT', 'GPT-few-CoT-sector', 'GPT-few-CoT']"
GPT-enhanced-ensemble,ternary,LLY,UP,3,3,"{'FLAT': 1, 'UP': 2}","['GPT-two-stage-CoT', 'GPT-few-CoT-sector', 'GPT-few-CoT']"
GPT-enhanced-ensemble,ternary,LMT,UP,3,3,"{'FLAT': 1, 'UP': 2}","['GPT-two-stage-CoT', 'GPT-few-CoT-sector', 'GPT-few-CoT']"
GPT-enhanced-ensemble,ternary,LOW,FLAT,3,3,{'FLAT': 3},"['GPT-two-stage-CoT', 'GPT-few-CoT-sector', 'GPT-few-CoT']"
GPT-enhanced-ensemble,ternary,LRCX,UP,3,3,{'UP': 3},"['GPT-two-stage-CoT', 'GPT-few-CoT-sector', 'GPT-few-CoT']"
GPT-enhanced-ensemble,ternary,MA,UP,3,3,"{'FLAT': 1, 'UP': 2}","['GPT-two-stage-CoT', 'GPT-few-CoT-sector', 'GPT-few-CoT']"
GPT-enhanced-ensemble,ternary,MAR,DOWN,3,3,"{'DOWN': 2, 'FLAT': 1}","['GPT-two-stage-CoT', 'GPT-few-CoT-sector', 'GPT-few-CoT']"
GPT-enhanced-ensemble,ternary,MCD,FLAT,3,3,"{'DOWN': 1, 'FLAT': 2}","['GPT-two-stage-CoT', 'GPT-few-CoT-sector', 'GPT-few-CoT']"
GPT-enhanced-ensemble,ternary,META,FLAT,3,3,"{'FLAT': 2, 'UP': 1}","['GPT-two-stage-CoT', 'GPT-few-CoT-sector', 'GPT-few-CoT']"
GPT-enhanced-ensemble,ternary,MO,FLAT,3,3,{'FLAT': 3},"['GPT-two-stage-CoT', 'GPT-few-CoT-sector', 'GPT-few-CoT']"
GPT-enhanced-ensemble,ternary,MRK,FLAT,3,3,{'FLAT': 3},"['GPT-two-stage-CoT', 'GPT-few-CoT-sector', 'GPT-few-CoT']"
GPT-enhanced-ensemble,ternary,MS,UP,3,3,"{'FLAT': 1, 'UP': 2}","['GPT-two-stage-CoT', 'GPT-few-CoT-sector', 'GPT-few-CoT']"
GPT-enhanced-ensemble,ternary,MSFT,UP,3,3,{'UP': 3},"['GPT-two-stage-CoT', 'GPT-few-CoT-sector', 'GPT-few-CoT']"
GPT-enhanced-ensemble,ternary,MU,UP,3,3,{'UP': 3},"['GPT-two-stage-CoT', 'GPT-few-CoT-sector', 'GPT-few-CoT']"
GPT-enhanced-ensemble,ternary,NEE,UP,3,3,"{'FLAT': 1, 'UP': 2}","['GPT-two-stage-CoT', 'GPT-few-CoT-sector', 'GPT-few-CoT']"
GPT-enhanced-ensemble,ternary,NEM,FLAT,3,3,"{'FLAT': 2, 'UP': 1}","['GPT-two-stage-CoT', 'GPT-few-CoT-sector', 'GPT-few-CoT']"
GPT-enhanced-ensemble,ternary,NFLX,FLAT,3,3,{'FLAT': 3},"['GPT-two-stage-CoT', 'GPT-few-CoT-sector', 'GPT-few-CoT']"
GPT-enhanced-ensemble,ternary,NVDA,UP,3,3,{'UP': 3},"['GPT-two-stage-CoT', 'GPT-few-CoT-sector', 'GPT-few-CoT']"
GPT-enhanced-ensemble,ternary,ORCL,UP,3,3,{'UP': 3},"['GPT-two-stage-CoT', 'GPT-few-CoT-sector', 'GPT-few-CoT']"
GPT-enhanced-ensemble,ternary,PEP,DOWN,3,3,{'DOWN': 3},"['GPT-two-stage-CoT', 'GPT-few-CoT-sector', 'GPT-few-CoT']"
GPT-enhanced-ensemble,ternary,PFE,UP,3,3,{'UP': 3},"['GPT-two-stage-CoT', 'GPT-few-CoT-sector', 'GPT-few-CoT']"
GPT-enhanced-ensemble,ternary,PG,FLAT,3,3,"{'DOWN': 1, 'FLAT': 2}","['GPT-two-stage-CoT', 'GPT-few-CoT-sector', 'GPT-few-CoT']"
GPT-enhanced-ensemble,ternary,PH,UP,3,3,{'UP': 3},"['GPT-two-stage-CoT', 'GPT-few-CoT-sector', 'GPT-few-CoT']"
GPT-enhanced-ensemble,ternary,PLD,FLAT,3,3,{'FLAT': 3},"['GPT-two-stage-CoT', 'GPT-few-CoT-sector', 'GPT-few-CoT']"
GPT-enhanced-ensemble,ternary,PLTR,UP,3,3,{'UP': 3},"['GPT-two-stage-CoT', 'GPT-few-CoT-sector', 'GPT-few-CoT']"
GPT-enhanced-ensemble,ternary,PM,UP,3,3,{'UP': 3},"['GPT-two-stage-CoT', 'GPT-few-CoT-sector', 'GPT-few-CoT']"
GPT-enhanced-ensemble,ternary,PWR,UP,3,3,{'UP': 3},"['GPT-two-stage-CoT', 'GPT-few-CoT-sector', 'GPT-few-CoT']"
GPT-enhanced-ensemble,ternary,RTX,UP,3,3,"{'FLAT': 1, 'UP': 2}","['GPT-two-stage-CoT', 'GPT-few-CoT-sector', 'GPT-few-CoT']"
GPT-enhanced-ensemble,ternary,SBUX,DOWN,3,3,{'DOWN': 3},"['GPT-two-stage-CoT', 'GPT-few-CoT-sector', 'GPT-few-CoT']"
GPT-enhanced-ensemble,ternary,SCHW,UP,3,3,{'UP': 3},"['GPT-two-stage-CoT', 'GPT-few-CoT-sector', 'GPT-few-CoT']"
GPT-enhanced-ensemble,ternary,SHW,FLAT,3,3,{'FLAT': 3},"['GPT-two-stage-CoT', 'GPT-few-CoT-sector', 'GPT-few-CoT']"
GPT-enhanced-ensemble,ternary,SO,FLAT,3,3,"{'FLAT': 2, 'UP': 1}","['GPT-two-stage-CoT', 'GPT-few-CoT-sector', 'GPT-few-CoT']"
GPT-enhanced-ensemble,ternary,SPG,FLAT,3,3,{'FLAT': 3},"['GPT-two-stage-CoT', 'GPT-few-CoT-sector', 'GPT-few-CoT']"
GPT-enhanced-ensemble,ternary,SPGI,FLAT,3,3,"{'DOWN': 1, 'FLAT': 2}","['GPT-two-stage-CoT', 'GPT-few-CoT-sector', 'GPT-few-CoT']"
GPT-enhanced-ensemble,ternary,SRE,FLAT,3,3,"{'FLAT': 2, 'UP': 1}","['GPT-two-stage-CoT', 'GPT-few-CoT-sector', 'GPT-few-CoT']"
GPT-enhanced-ensemble,ternary,SYK,UP,3,3,{'UP': 3},"['GPT-two-stage-CoT', 'GPT-few-CoT-sector', 'GPT-few-CoT']"
GPT-enhanced-ensemble,ternary,TJX,UP,3,3,{'UP': 3},"['GPT-two-stage-CoT', 'GPT-few-CoT-sector', 'GPT-few-CoT']"
GPT-enhanced-ensemble,ternary,TMO,DOWN,3,3,{'DOWN': 3},"['GPT-two-stage-CoT', 'GPT-few-CoT-sector', 'GPT-few-CoT']"
GPT-enhanced-ensemble,ternary,TMUS,UP,3,3,{'UP': 3},"['GPT-two-stage-CoT', 'GPT-few-CoT-sector', 'GPT-few-CoT']"
GPT-enhanced-ensemble,ternary,TSLA,FLAT,3,3,"{'FLAT': 2, 'DOWN': 1}","['GPT-two-stage-CoT', 'GPT-few-CoT-sector', 'GPT-few-CoT']"
GPT-enhanced-ensemble,ternary,TT,UP,3,3,"{'FLAT': 1, 'UP': 2}","['GPT-two-stage-CoT', 'GPT-few-CoT-sector', 'GPT-few-CoT']"
GPT-enhanced-ensemble,ternary,TXN,UP,3,3,"{'FLAT': 1, 'UP': 2}","['GPT-two-stage-CoT', 'GPT-few-CoT-sector', 'GPT-few-CoT']"
GPT-enhanced-ensemble,ternary,UBER,FLAT,3,3,"{'FLAT': 2, 'UP': 1}","['GPT-two-stage-CoT', 'GPT-few-CoT-sector', 'GPT-few-CoT']"
GPT-enhanced-ensemble,ternary,UNH,DOWN,3,3,{'DOWN': 3},"['GPT-two-stage-CoT', 'GPT-few-CoT-sector', 'GPT-few-CoT']"
GPT-enhanced-ensemble,ternary,UNP,FLAT,3,3,{'FLAT': 3},"['GPT-two-stage-CoT', 'GPT-few-CoT-sector', 'GPT-few-CoT']"
GPT-enhanced-ensemble,ternary,V,UP,3,3,{'UP': 3},"['GPT-two-stage-CoT', 'GPT-few-CoT-sector', 'GPT-few-CoT']"
GPT-enhanced-ensemble,ternary,WELL,UP,3,3,{'UP': 3},"['GPT-two-stage-CoT', 'GPT-few-CoT-sector', 'GPT-few-CoT']"
GPT-enhanced-ensemble,ternary,WFC,FLAT,3,3,{'FLAT': 3},"['GPT-two-stage-CoT', 'GPT-few-CoT-sector', 'GPT-few-CoT']"
GPT-enhanced-ensemble,ternary,WMB,UP,3,3,{'UP': 3},"['GPT-two-stage-CoT', 'GPT-few-CoT-sector', 'GPT-few-CoT']"
GPT-enhanced-ensemble,ternary,WMT,UP,3,3,{'UP': 3},"['GPT-two-stage-CoT', 'GPT-few-CoT-sector', 'GPT-few-CoT']"
GPT-enhanced-ensemble,ternary,XOM,DOWN,3,3,"{'DOWN': 1, 'UP': 1, 'FLAT': 1}","['GPT-two-stage-CoT', 'GPT-few-CoT-sector', 'GPT-few-CoT']"
GPT-full-ensemble,ternary,AAPL,UP,9,9,"{'FLAT': 3, 'UP': 6}","['GPT-few-CoT', 'GPT-zero-CoT', 'GPT-rag-few', 'GPT-two-stage-CoT', 'GPT-few-CoT-sector', 'GPT-xgb-inject', 'GPT-feat-inject', 'GPT-contrastive', 'GPT-speaker-seg']"
GPT-full-ensemble,ternary,ABBV,UP,9,9,"{'UP': 8, 'FLAT': 1}","['GPT-few-CoT', 'GPT-zero-CoT', 'GPT-rag-few', 'GPT-two-stage-CoT', 'GPT-few-CoT-sector', 'GPT-xgb-inject', 'GPT-feat-inject', 'GPT-contrastive', 'GPT-speaker-seg']"
GPT-full-ensemble,ternary,ABNB,FLAT,9,9,{'FLAT': 9},"['GPT-few-CoT', 'GPT-zero-CoT', 'GPT-rag-few', 'GPT-two-stage-CoT', 'GPT-few-CoT-sector', 'GPT-xgb-inject', 'GPT-feat-inject', 'GPT-contrastive', 'GPT-speaker-seg']"
GPT-full-ensemble,ternary,ABT,UP,9,9,"{'UP': 8, 'FLAT': 1}","['GPT-few-CoT', 'GPT-zero-CoT', 'GPT-rag-few', 'GPT-two-stage-CoT', 'GPT-few-CoT-sector', 'GPT-xgb-inject', 'GPT-feat-inject', 'GPT-contrastive', 'GPT-speaker-seg']"
GPT-full-ensemble,ternary,AEP,UP,9,9,"{'UP': 7, 'FLAT': 2}","['GPT-few-CoT', 'GPT-zero-CoT', 'GPT-rag-few', 'GPT-two-stage-CoT', 'GPT-few-CoT-sector', 'GPT-xgb-inject', 'GPT-feat-inject', 'GPT-contrastive', 'GPT-speaker-seg']"
GPT-full-ensemble,ternary,AMAT,UP,9,9,"{'UP': 6, 'FLAT': 3}","['GPT-few-CoT', 'GPT-zero-CoT', 'GPT-rag-few', 'GPT-two-stage-CoT', 'GPT-few-CoT-sector', 'GPT-xgb-inject', 'GPT-feat-inject', 'GPT-contrastive', 'GPT-speaker-seg']"
GPT-full-ensemble,ternary,AMD,UP,9,9,"{'UP': 8, 'FLAT': 1}","['GPT-few-CoT', 'GPT-zero-CoT', 'GPT-rag-few', 'GPT-two-stage-CoT', 'GPT-few-CoT-sector', 'GPT-xgb-inject', 'GPT-feat-inject', 'GPT-contrastive', 'GPT-speaker-seg']"
GPT-full-ensemble,ternary,AMGN,UP,9,9,"{'UP': 7, 'FLAT': 2}","['GPT-few-CoT', 'GPT-zero-CoT', 'GPT-rag-few', 'GPT-two-stage-CoT', 'GPT-few-CoT-sector', 'GPT-xgb-inject', 'GPT-feat-inject', 'GPT-contrastive', 'GPT-speaker-seg']"
GPT-full-ensemble,ternary,AMT,UP,9,9,"{'UP': 7, 'FLAT': 2}","['GPT-few-CoT', 'GPT-zero-CoT', 'GPT-rag-few', 'GPT-two-stage-CoT', 'GPT-few-CoT-sector', 'GPT-xgb-inject', 'GPT-feat-inject', 'GPT-contrastive', 'GPT-speaker-seg']"
GPT-full-ensemble,ternary,AMZN,UP,9,9,"{'UP': 8, 'FLAT': 1}","['GPT-few-CoT', 'GPT-zero-CoT', 'GPT-rag-few', 'GPT-two-stage-CoT', 'GPT-few-CoT-sector', 'GPT-xgb-inject', 'GPT-feat-inject', 'GPT-contrastive', 'GPT-speaker-seg']"
GPT-full-ensemble,ternary,APD,DOWN,9,9,"{'DOWN': 7, 'FLAT': 2}","['GPT-few-CoT', 'GPT-zero-CoT', 'GPT-rag-few', 'GPT-two-stage-CoT', 'GPT-few-CoT-sector', 'GPT-xgb-inject', 'GPT-feat-inject', 'GPT-contrastive', 'GPT-speaker-seg']"
GPT-full-ensemble,ternary,AVGO,UP,9,9,"{'UP': 8, 'FLAT': 1}","['GPT-few-CoT', 'GPT-zero-CoT', 'GPT-rag-few', 'GPT-two-stage-CoT', 'GPT-few-CoT-sector', 'GPT-xgb-inject', 'GPT-feat-inject', 'GPT-contrastive', 'GPT-speaker-seg']"
GPT-full-ensemble,ternary,AXP,FLAT,9,9,"{'FLAT': 8, 'UP': 1}","['GPT-few-CoT', 'GPT-zero-CoT', 'GPT-rag-few', 'GPT-two-stage-CoT', 'GPT-few-CoT-sector', 'GPT-xgb-inject', 'GPT-feat-inject', 'GPT-contrastive', 'GPT-speaker-seg']"
GPT-full-ensemble,ternary,BA,FLAT,9,9,"{'UP': 4, 'FLAT': 5}","['GPT-few-CoT', 'GPT-zero-CoT', 'GPT-rag-few', 'GPT-two-stage-CoT', 'GPT-few-CoT-sector', 'GPT-xgb-inject', 'GPT-feat-inject', 'GPT-contrastive', 'GPT-speaker-seg']"
GPT-full-ensemble,ternary,BAC,FLAT,9,9,"{'FLAT': 5, 'UP': 4}","['GPT-few-CoT', 'GPT-zero-CoT', 'GPT-rag-few', 'GPT-two-stage-CoT', 'GPT-few-CoT-sector', 'GPT-xgb-inject', 'GPT-feat-inject', 'GPT-contrastive', 'GPT-speaker-seg']"
GPT-full-ensemble,ternary,BKNG,UP,9,9,"{'UP': 8, 'FLAT': 1}","['GPT-few-CoT', 'GPT-zero-CoT', 'GPT-rag-few', 'GPT-two-stage-CoT', 'GPT-few-CoT-sector', 'GPT-xgb-inject', 'GPT-feat-inject', 'GPT-contrastive', 'GPT-speaker-seg']"
GPT-full-ensemble,ternary,BLK,UP,9,9,"{'UP': 7, 'FLAT': 2}","['GPT-few-CoT', 'GPT-zero-CoT', 'GPT-rag-few', 'GPT-two-stage-CoT', 'GPT-few-CoT-sector', 'GPT-xgb-inject', 'GPT-feat-inject', 'GPT-contrastive', 'GPT-speaker-seg']"
GPT-full-ensemble,ternary,C,FLAT,9,9,"{'FLAT': 5, 'UP': 4}","['GPT-few-CoT', 'GPT-zero-CoT', 'GPT-rag-few', 'GPT-two-stage-CoT', 'GPT-few-CoT-sector', 'GPT-xgb-inject', 'GPT-feat-inject', 'GPT-contrastive', 'GPT-speaker-seg']"
GPT-full-ensemble,ternary,CAT,FLAT,9,9,"{'FLAT': 8, 'UP': 1}","['GPT-few-CoT', 'GPT-zero-CoT', 'GPT-rag-few', 'GPT-two-stage-CoT', 'GPT-few-CoT-sector', 'GPT-xgb-inject', 'GPT-feat-inject', 'GPT-contrastive', 'GPT-speaker-seg']"
GPT-full-ensemble,ternary,CB,FLAT,9,9,"{'FLAT': 8, 'UP': 1}","['GPT-few-CoT', 'GPT-zero-CoT', 'GPT-rag-few', 'GPT-two-stage-CoT', 'GPT-few-CoT-sector', 'GPT-xgb-inject', 'GPT-feat-inject', 'GPT-contrastive', 'GPT-speaker-seg']"
GPT-full-ensemble,ternary,CEG,FLAT,9,9,"{'FLAT': 7, 'UP': 2}","['GPT-few-CoT', 'GPT-zero-CoT', 'GPT-rag-few', 'GPT-two-stage-CoT', 'GPT-few-CoT-sector', 'GPT-xgb-inject', 'GPT-feat-inject', 'GPT-contrastive', 'GPT-speaker-seg']"
GPT-full-ensemble,ternary,COF,FLAT,9,9,"{'FLAT': 6, 'UP': 2, 'DOWN': 1}","['GPT-few-CoT', 'GPT-zero-CoT', 'GPT-rag-few', 'GPT-two-stage-CoT', 'GPT-few-CoT-sector', 'GPT-xgb-inject', 'GPT-feat-inject', 'GPT-contrastive', 'GPT-speaker-seg']"
GPT-full-ensemble,ternary,COP,FLAT,9,9,"{'UP': 4, 'FLAT': 5}","['GPT-few-CoT', 'GPT-zero-CoT', 'GPT-rag-few', 'GPT-two-stage-CoT', 'GPT-few-CoT-sector', 'GPT-xgb-inject', 'GPT-feat-inject', 'GPT-contrastive', 'GPT-speaker-seg']"
GPT-full-ensemble,ternary,COST,UP,9,9,"{'UP': 7, 'FLAT': 2}","['GPT-few-CoT', 'GPT-zero-CoT', 'GPT-rag-few', 'GPT-two-stage-CoT', 'GPT-few-CoT-sector', 'GPT-xgb-inject', 'GPT-feat-inject', 'GPT-contrastive', 'GPT-speaker-seg']"
GPT-full-ensemble,ternary,CSCO,UP,9,9,"{'UP': 7, 'FLAT': 2}","['GPT-few-CoT', 'GPT-zero-CoT', 'GPT-rag-few', 'GPT-two-stage-CoT', 'GPT-few-CoT-sector', 'GPT-xgb-inject', 'GPT-feat-inject', 'GPT-contrastive', 'GPT-speaker-seg']"
GPT-full-ensemble,ternary,CVX,FLAT,9,9,"{'FLAT': 8, 'UP': 1}","['GPT-few-CoT', 'GPT-zero-CoT', 'GPT-rag-few', 'GPT-two-stage-CoT', 'GPT-few-CoT-sector', 'GPT-xgb-inject', 'GPT-feat-inject', 'GPT-contrastive', 'GPT-speaker-seg']"
GPT-full-ensemble,ternary,DE,FLAT,9,9,"{'DOWN': 3, 'FLAT': 5, 'UP': 1}","['GPT-few-CoT', 'GPT-zero-CoT', 'GPT-rag-few', 'GPT-two-stage-CoT', 'GPT-few-CoT-sector', 'GPT-xgb-inject', 'GPT-feat-inject', 'GPT-contrastive', 'GPT-speaker-seg']"
GPT-full-ensemble,ternary,DHR,UP,9,9,"{'UP': 6, 'FLAT': 3}","['GPT-few-CoT', 'GPT-zero-CoT', 'GPT-rag-few', 'GPT-two-stage-CoT', 'GPT-few-CoT-sector', 'GPT-xgb-inject', 'GPT-feat-inject', 'GPT-contrastive', 'GPT-speaker-seg']"
GPT-full-ensemble,ternary,DLR,UP,9,9,"{'UP': 8, 'FLAT': 1}","['GPT-few-CoT', 'GPT-zero-CoT', 'GPT-rag-few', 'GPT-two-stage-CoT', 'GPT-few-CoT-sector', 'GPT-xgb-inject', 'GPT-feat-inject', 'GPT-contrastive', 'GPT-speaker-seg']"
GPT-full-ensemble,ternary,DUK,UP,9,9,"{'UP': 5, 'FLAT': 4}","['GPT-few-CoT', 'GPT-zero-CoT', 'GPT-rag-few', 'GPT-two-stage-CoT', 'GPT-few-CoT-sector', 'GPT-xgb-inject', 'GPT-feat-inject', 'GPT-contrastive', 'GPT-speaker-seg']"
GPT-full-ensemble,ternary,ECL,FLAT,9,9,"{'FLAT': 7, 'UP': 2}","['GPT-few-CoT', 'GPT-zero-CoT', 'GPT-rag-few', 'GPT-two-stage-CoT', 'GPT-few-CoT-sector', 'GPT-xgb-inject', 'GPT-feat-inject', 'GPT-contrastive', 'GPT-speaker-seg']"
GPT-full-ensemble,ternary,EQIX,UP,9,9,"{'UP': 8, 'FLAT': 1}","['GPT-few-CoT', 'GPT-zero-CoT', 'GPT-rag-few', 'GPT-two-stage-CoT', 'GPT-few-CoT-sector', 'GPT-xgb-inject', 'GPT-feat-inject', 'GPT-contrastive', 'GPT-speaker-seg']"
GPT-full-ensemble,ternary,ETN,UP,9,9,"{'UP': 8, 'FLAT': 1}","['GPT-few-CoT', 'GPT-zero-CoT', 'GPT-rag-few', 'GPT-two-stage-CoT', 'GPT-few-CoT-sector', 'GPT-xgb-inject', 'GPT-feat-inject', 'GPT-contrastive', 'GPT-speaker-seg']"
GPT-full-ensemble,ternary,FCX,UP,9,9,"{'UP': 7, 'FLAT': 2}","['GPT-few-CoT', 'GPT-zero-CoT', 'GPT-rag-few', 'GPT-two-stage-CoT', 'GPT-few-CoT-sector', 'GPT-xgb-inject', 'GPT-feat-inject', 'GPT-contrastive', 'GPT-speaker-seg']"
GPT-full-ensemble,ternary,FDX,DOWN,9,9,"{'DOWN': 7, 'FLAT': 2}","['GPT-few-CoT', 'GPT-zero-CoT', 'GPT-rag-few', 'GPT-two-stage-CoT', 'GPT-few-CoT-sector', 'GPT-xgb-inject', 'GPT-feat-inject', 'GPT-contrastive', 'GPT-speaker-seg']"
GPT-full-ensemble,ternary,GE,UP,9,9,"{'UP': 8, 'FLAT': 1}","['GPT-few-CoT', 'GPT-zero-CoT', 'GPT-rag-few', 'GPT-two-stage-CoT', 'GPT-few-CoT-sector', 'GPT-xgb-inject', 'GPT-feat-inject', 'GPT-contrastive', 'GPT-speaker-seg']"
GPT-full-ensemble,ternary,GEV,UP,9,9,"{'UP': 7, 'FLAT': 2}","['GPT-few-CoT', 'GPT-zero-CoT', 'GPT-rag-few', 'GPT-two-stage-CoT', 'GPT-few-CoT-sector', 'GPT-xgb-inject', 'GPT-feat-inject', 'GPT-contrastive', 'GPT-speaker-seg']"
GPT-full-ensemble,ternary,GILD,FLAT,9,9,"{'FLAT': 8, 'UP': 1}","['GPT-few-CoT', 'GPT-zero-CoT', 'GPT-rag-few', 'GPT-two-stage-CoT', 'GPT-few-CoT-sector', 'GPT-xgb-inject', 'GPT-feat-inject', 'GPT-contrastive', 'GPT-speaker-seg']"
GPT-full-ensemble,ternary,GOOGL,UP,9,9,"{'UP': 7, 'FLAT': 2}","['GPT-few-CoT', 'GPT-zero-CoT', 'GPT-rag-few', 'GPT-two-stage-CoT', 'GPT-few-CoT-sector', 'GPT-xgb-inject', 'GPT-feat-inject', 'GPT-contrastive', 'GPT-speaker-seg']"
GPT-full-ensemble,ternary,GS,UP,9,9,"{'UP': 6, 'FLAT': 3}","['GPT-few-CoT', 'GPT-zero-CoT', 'GPT-rag-few', 'GPT-two-stage-CoT', 'GPT-few-CoT-sector', 'GPT-xgb-inject', 'GPT-feat-inject', 'GPT-contrastive', 'GPT-speaker-seg']"
GPT-full-ensemble,ternary,HD,FLAT,9,9,"{'FLAT': 8, 'UP': 1}","['GPT-few-CoT', 'GPT-zero-CoT', 'GPT-rag-few', 'GPT-two-stage-CoT', 'GPT-few-CoT-sector', 'GPT-xgb-inject', 'GPT-feat-inject', 'GPT-contrastive', 'GPT-speaker-seg']"
GPT-full-ensemble,ternary,HON,UP,9,9,"{'UP': 8, 'FLAT': 1}","['GPT-few-CoT', 'GPT-zero-CoT', 'GPT-rag-few', 'GPT-two-stage-CoT', 'GPT-few-CoT-sector', 'GPT-xgb-inject', 'GPT-feat-inject', 'GPT-contrastive', 'GPT-speaker-seg']"
GPT-full-ensemble,ternary,HWM,UP,9,9,"{'UP': 8, 'FLAT': 1}","['GPT-few-CoT', 'GPT-zero-CoT', 'GPT-rag-few', 'GPT-two-stage-CoT', 'GPT-few-CoT-sector', 'GPT-xgb-inject', 'GPT-feat-inject', 'GPT-contrastive', 'GPT-speaker-seg']"
GPT-full-ensemble,ternary,INTC,FLAT,9,9,"{'FLAT': 8, 'DOWN': 1}","['GPT-few-CoT', 'GPT-zero-CoT', 'GPT-rag-few', 'GPT-two-stage-CoT', 'GPT-few-CoT-sector', 'GPT-xgb-inject', 'GPT-feat-inject', 'GPT-contrastive', 'GPT-speaker-seg']"
GPT-full-ensemble,ternary,ISRG,UP,9,9,"{'UP': 8, 'FLAT': 1}","['GPT-few-CoT', 'GPT-zero-CoT', 'GPT-rag-few', 'GPT-two-stage-CoT', 'GPT-few-CoT-sector', 'GPT-xgb-inject', 'GPT-feat-inject', 'GPT-contrastive', 'GPT-speaker-seg']"
GPT-full-ensemble,ternary,JNJ,UP,9,9,"{'UP': 8, 'FLAT': 1}","['GPT-few-CoT', 'GPT-zero-CoT', 'GPT-rag-few', 'GPT-two-stage-CoT', 'GPT-few-CoT-sector', 'GPT-xgb-inject', 'GPT-feat-inject', 'GPT-contrastive', 'GPT-speaker-seg']"
GPT-full-ensemble,ternary,JPM,FLAT,9,9,"{'FLAT': 8, 'UP': 1}","['GPT-few-CoT', 'GPT-zero-CoT', 'GPT-rag-few', 'GPT-two-stage-CoT', 'GPT-few-CoT-sector', 'GPT-xgb-inject', 'GPT-feat-inject', 'GPT-contrastive', 'GPT-speaker-seg']"
GPT-full-ensemble,ternary,KLAC,UP,9,9,"{'UP': 7, 'FLAT': 2}","['GPT-few-CoT', 'GPT-zero-CoT', 'GPT-rag-few', 'GPT-two-stage-CoT', 'GPT-few-CoT-sector', 'GPT-xgb-inject', 'GPT-feat-inject', 'GPT-contrastive', 'GPT-speaker-seg']"
GPT-full-ensemble,ternary,KO,FLAT,9,9,{'FLAT': 9},"['GPT-few-CoT', 'GPT-zero-CoT', 'GPT-rag-few', 'GPT-two-stage-CoT', 'GPT-few-CoT-sector', 'GPT-xgb-inject', 'GPT-feat-inject', 'GPT-contrastive', 'GPT-speaker-seg']"
GPT-full-ensemble,ternary,LIN,FLAT,9,9,"{'FLAT': 8, 'UP': 1}","['GPT-few-CoT', 'GPT-zero-CoT', 'GPT-rag-few', 'GPT-two-stage-CoT', 'GPT-few-CoT-sector', 'GPT-xgb-inject', 'GPT-feat-inject', 'GPT-contrastive', 'GPT-speaker-seg']"
GPT-full-ensemble,ternary,LLY,UP,9,9,"{'UP': 5, 'FLAT': 4}","['GPT-few-CoT', 'GPT-zero-CoT', 'GPT-rag-few', 'GPT-two-stage-CoT', 'GPT-few-CoT-sector', 'GPT-xgb-inject', 'GPT-feat-inject', 'GPT-contrastive', 'GPT-speaker-seg']"
GPT-full-ensemble,ternary,LMT,UP,9,9,"{'UP': 6, 'FLAT': 3}","['GPT-few-CoT', 'GPT-zero-CoT', 'GPT-rag-few', 'GPT-two-stage-CoT', 'GPT-few-CoT-sector', 'GPT-xgb-inject', 'GPT-feat-inject', 'GPT-contrastive', 'GPT-speaker-seg']"
GPT-full-ensemble,ternary,LOW,FLAT,9,9,{'FLAT': 9},"['GPT-few-CoT', 'GPT-zero-CoT', 'GPT-rag-few', 'GPT-two-stage-CoT', 'GPT-few-CoT-sector', 'GPT-xgb-inject', 'GPT-feat-inject', 'GPT-contrastive', 'GPT-speaker-seg']"
GPT-full-ensemble,ternary,LRCX,UP,9,9,"{'UP': 8, 'FLAT': 1}","['GPT-few-CoT', 'GPT-zero-CoT', 'GPT-rag-few', 'GPT-two-stage-CoT', 'GPT-few-CoT-sector', 'GPT-xgb-inject', 'GPT-feat-inject', 'GPT-contrastive', 'GPT-speaker-seg']"
GPT-full-ensemble,ternary,MA,UP,9,9,"{'UP': 7, 'FLAT': 2}","['GPT-few-CoT', 'GPT-zero-CoT', 'GPT-rag-few', 'GPT-two-stage-CoT', 'GPT-few-CoT-sector', 'GPT-xgb-inject', 'GPT-feat-inject', 'GPT-contrastive', 'GPT-speaker-seg']"
GPT-full-ensemble,ternary,MAR,FLAT,9,9,"{'FLAT': 7, 'DOWN': 2}","['GPT-few-CoT', 'GPT-zero-CoT', 'GPT-rag-few', 'GPT-two-stage-CoT', 'GPT-few-CoT-sector', 'GPT-xgb-inject', 'GPT-feat-inject', 'GPT-contrastive', 'GPT-speaker-seg']"
GPT-full-ensemble,ternary,MCD,FLAT,9,9,"{'FLAT': 8, 'DOWN': 1}","['GPT-few-CoT', 'GPT-zero-CoT', 'GPT-rag-few', 'GPT-two-stage-CoT', 'GPT-few-CoT-sector', 'GPT-xgb-inject', 'GPT-feat-inject', 'GPT-contrastive', 'GPT-speaker-seg']"
GPT-full-ensemble,ternary,META,UP,9,9,"{'FLAT': 4, 'UP': 5}","['GPT-few-CoT', 'GPT-zero-CoT', 'GPT-rag-few', 'GPT-two-stage-CoT', 'GPT-few-CoT-sector', 'GPT-xgb-inject', 'GPT-feat-inject', 'GPT-contrastive', 'GPT-speaker-seg']"
GPT-full-ensemble,ternary,MO,FLAT,9,9,{'FLAT': 9},"['GPT-few-CoT', 'GPT-zero-CoT', 'GPT-rag-few', 'GPT-two-stage-CoT', 'GPT-few-CoT-sector', 'GPT-xgb-inject', 'GPT-feat-inject', 'GPT-contrastive', 'GPT-speaker-seg']"
GPT-full-ensemble,ternary,MRK,FLAT,9,9,{'FLAT': 9},"['GPT-few-CoT', 'GPT-zero-CoT', 'GPT-rag-few', 'GPT-two-stage-CoT', 'GPT-few-CoT-sector', 'GPT-xgb-inject', 'GPT-feat-inject', 'GPT-contrastive', 'GPT-speaker-seg']"
GPT-full-ensemble,ternary,MS,UP,9,9,"{'UP': 7, 'FLAT': 2}","['GPT-few-CoT', 'GPT-zero-CoT', 'GPT-rag-few', 'GPT-two-stage-CoT', 'GPT-few-CoT-sector', 'GPT-xgb-inject', 'GPT-feat-inject', 'GPT-contrastive', 'GPT-speaker-seg']"
GPT-full-ensemble,ternary,MSFT,UP,9,9,"{'UP': 8, 'FLAT': 1}","['GPT-few-CoT', 'GPT-zero-CoT', 'GPT-rag-few', 'GPT-two-stage-CoT', 'GPT-few-CoT-sector', 'GPT-xgb-inject', 'GPT-feat-inject', 'GPT-contrastive', 'GPT-speaker-seg']"
GPT-full-ensemble,ternary,MU,UP,9,9,"{'UP': 7, 'DOWN': 1, 'FLAT': 1}","['GPT-few-CoT', 'GPT-zero-CoT', 'GPT-rag-few', 'GPT-two-stage-CoT', 'GPT-few-CoT-sector', 'GPT-xgb-inject', 'GPT-feat-inject', 'GPT-contrastive', 'GPT-speaker-seg']"
GPT-full-ensemble,ternary,NEE,UP,9,9,"{'UP': 7, 'FLAT': 2}","['GPT-few-CoT', 'GPT-zero-CoT', 'GPT-rag-few', 'GPT-two-stage-CoT', 'GPT-few-CoT-sector', 'GPT-xgb-inject', 'GPT-feat-inject', 'GPT-contrastive', 'GPT-speaker-seg']"
GPT-full-ensemble,ternary,NEM,FLAT,9,9,"{'FLAT': 5, 'UP': 4}","['GPT-few-CoT', 'GPT-zero-CoT', 'GPT-rag-few', 'GPT-two-stage-CoT', 'GPT-few-CoT-sector', 'GPT-xgb-inject', 'GPT-feat-inject', 'GPT-contrastive', 'GPT-speaker-seg']"
GPT-full-ensemble,ternary,NFLX,FLAT,9,9,"{'FLAT': 7, 'UP': 2}","['GPT-few-CoT', 'GPT-zero-CoT', 'GPT-rag-few', 'GPT-two-stage-CoT', 'GPT-few-CoT-sector', 'GPT-xgb-inject', 'GPT-feat-inject', 'GPT-contrastive', 'GPT-speaker-seg']"
GPT-full-ensemble,ternary,NVDA,UP,9,9,"{'UP': 8, 'FLAT': 1}","['GPT-few-CoT', 'GPT-zero-CoT', 'GPT-rag-few', 'GPT-two-stage-CoT', 'GPT-few-CoT-sector', 'GPT-xgb-inject', 'GPT-feat-inject', 'GPT-contrastive', 'GPT-speaker-seg']"
GPT-full-ensemble,ternary,ORCL,UP,9,9,"{'UP': 8, 'FLAT': 1}","['GPT-few-CoT', 'GPT-zero-CoT', 'GPT-rag-few', 'GPT-two-stage-CoT', 'GPT-few-CoT-sector', 'GPT-xgb-inject', 'GPT-feat-inject', 'GPT-contrastive', 'GPT-speaker-seg']"
GPT-full-ensemble,ternary,PEP,DOWN,9,9,"{'DOWN': 8, 'FLAT': 1}","['GPT-few-CoT', 'GPT-zero-CoT', 'GPT-rag-few', 'GPT-two-stage-CoT', 'GPT-few-CoT-sector', 'GPT-xgb-inject', 'GPT-feat-inject', 'GPT-contrastive', 'GPT-speaker-seg']"
GPT-full-ensemble,ternary,PFE,UP,9,9,"{'UP': 7, 'DOWN': 1, 'FLAT': 1}","['GPT-few-CoT', 'GPT-zero-CoT', 'GPT-rag-few', 'GPT-two-stage-CoT', 'GPT-few-CoT-sector', 'GPT-xgb-inject', 'GPT-feat-inject', 'GPT-contrastive', 'GPT-speaker-seg']"
GPT-full-ensemble,ternary,PG,FLAT,9,9,"{'FLAT': 8, 'DOWN': 1}","['GPT-few-CoT', 'GPT-zero-CoT', 'GPT-rag-few', 'GPT-two-stage-CoT', 'GPT-few-CoT-sector', 'GPT-xgb-inject', 'GPT-feat-inject', 'GPT-contrastive', 'GPT-speaker-seg']"
GPT-full-ensemble,ternary,PH,UP,9,9,"{'UP': 7, 'DOWN': 1, 'FLAT': 1}","['GPT-few-CoT', 'GPT-zero-CoT', 'GPT-rag-few', 'GPT-two-stage-CoT', 'GPT-few-CoT-sector', 'GPT-xgb-inject', 'GPT-feat-inject', 'GPT-contrastive', 'GPT-speaker-seg']"
GPT-full-ensemble,ternary,PLD,FLAT,9,9,"{'FLAT': 8, 'DOWN': 1}","['GPT-few-CoT', 'GPT-zero-CoT', 'GPT-rag-few', 'GPT-two-stage-CoT', 'GPT-few-CoT-sector', 'GPT-xgb-inject', 'GPT-feat-inject', 'GPT-contrastive', 'GPT-speaker-seg']"
GPT-full-ensemble,ternary,PLTR,UP,9,9,"{'UP': 8, 'FLAT': 1}","['GPT-few-CoT', 'GPT-zero-CoT', 'GPT-rag-few', 'GPT-two-stage-CoT', 'GPT-few-CoT-sector', 'GPT-xgb-inject', 'GPT-feat-inject', 'GPT-contrastive', 'GPT-speaker-seg']"
GPT-full-ensemble,ternary,PM,UP,9,9,"{'UP': 8, 'FLAT': 1}","['GPT-few-CoT', 'GPT-zero-CoT', 'GPT-rag-few', 'GPT-two-stage-CoT', 'GPT-few-CoT-sector', 'GPT-xgb-inject', 'GPT-feat-inject', 'GPT-contrastive', 'GPT-speaker-seg']"
GPT-full-ensemble,ternary,PWR,UP,9,9,"{'UP': 8, 'FLAT': 1}","['GPT-few-CoT', 'GPT-zero-CoT', 'GPT-rag-few', 'GPT-two-stage-CoT', 'GPT-few-CoT-sector', 'GPT-xgb-inject', 'GPT-feat-inject', 'GPT-contrastive', 'GPT-speaker-seg']"
GPT-full-ensemble,ternary,RTX,UP,9,9,"{'UP': 7, 'FLAT': 2}","['GPT-few-CoT', 'GPT-zero-CoT', 'GPT-rag-few', 'GPT-two-stage-CoT', 'GPT-few-CoT-sector', 'GPT-xgb-inject', 'GPT-feat-inject', 'GPT-contrastive', 'GPT-speaker-seg']"
GPT-full-ensemble,ternary,SBUX,DOWN,9,9,"{'DOWN': 8, 'FLAT': 1}","['GPT-few-CoT', 'GPT-zero-CoT', 'GPT-rag-few', 'GPT-two-stage-CoT', 'GPT-few-CoT-sector', 'GPT-xgb-inject', 'GPT-feat-inject', 'GPT-contrastive', 'GPT-speaker-seg']"
GPT-full-ensemble,ternary,SCHW,UP,9,9,"{'UP': 8, 'FLAT': 1}","['GPT-few-CoT', 'GPT-zero-CoT', 'GPT-rag-few', 'GPT-two-stage-CoT', 'GPT-few-CoT-sector', 'GPT-xgb-inject', 'GPT-feat-inject', 'GPT-contrastive', 'GPT-speaker-seg']"
GPT-full-ensemble,ternary,SHW,FLAT,9,9,"{'FLAT': 8, 'UP': 1}","['GPT-few-CoT', 'GPT-zero-CoT', 'GPT-rag-few', 'GPT-two-stage-CoT', 'GPT-few-CoT-sector', 'GPT-xgb-inject', 'GPT-feat-inject', 'GPT-contrastive', 'GPT-speaker-seg']"
GPT-full-ensemble,ternary,SO,FLAT,9,9,"{'FLAT': 5, 'UP': 4}","['GPT-few-CoT', 'GPT-zero-CoT', 'GPT-rag-few', 'GPT-two-stage-CoT', 'GPT-few-CoT-sector', 'GPT-xgb-inject', 'GPT-feat-inject', 'GPT-contrastive', 'GPT-speaker-seg']"
GPT-full-ensemble,ternary,SPG,FLAT,9,9,{'FLAT': 9},"['GPT-few-CoT', 'GPT-zero-CoT', 'GPT-rag-few', 'GPT-two-stage-CoT', 'GPT-few-CoT-sector', 'GPT-xgb-inject', 'GPT-feat-inject', 'GPT-contrastive', 'GPT-speaker-seg']"
GPT-full-ensemble,ternary,SPGI,FLAT,9,9,"{'FLAT': 7, 'DOWN': 1, 'UP': 1}","['GPT-few-CoT', 'GPT-zero-CoT', 'GPT-rag-few', 'GPT-two-stage-CoT', 'GPT-few-CoT-sector', 'GPT-xgb-inject', 'GPT-feat-inject', 'GPT-contrastive', 'GPT-speaker-seg']"
GPT-full-ensemble,ternary,SRE,FLAT,9,9,"{'FLAT': 7, 'UP': 2}","['GPT-few-CoT', 'GPT-zero-CoT', 'GPT-rag-few', 'GPT-two-stage-CoT', 'GPT-few-CoT-sector', 'GPT-xgb-inject', 'GPT-feat-inject', 'GPT-contrastive', 'GPT-speaker-seg']"
GPT-full-ensemble,ternary,SYK,UP,9,9,"{'UP': 8, 'FLAT': 1}","['GPT-few-CoT', 'GPT-zero-CoT', 'GPT-rag-few', 'GPT-two-stage-CoT', 'GPT-few-CoT-sector', 'GPT-xgb-inject', 'GPT-feat-inject', 'GPT-contrastive', 'GPT-speaker-seg']"
GPT-full-ensemble,ternary,TJX,UP,9,9,"{'UP': 7, 'FLAT': 2}","['GPT-few-CoT', 'GPT-zero-CoT', 'GPT-rag-few', 'GPT-two-stage-CoT', 'GPT-few-CoT-sector', 'GPT-xgb-inject', 'GPT-feat-inject', 'GPT-contrastive', 'GPT-speaker-seg']"
GPT-full-ensemble,ternary,TMO,FLAT,9,9,"{'DOWN': 3, 'FLAT': 4, 'UP': 2}","['GPT-few-CoT', 'GPT-zero-CoT', 'GPT-rag-few', 'GPT-two-stage-CoT', 'GPT-few-CoT-sector', 'GPT-xgb-inject', 'GPT-feat-inject', 'GPT-contrastive', 'GPT-speaker-seg']"
GPT-full-ensemble,ternary,TMUS,UP,9,9,"{'UP': 8, 'FLAT': 1}","['GPT-few-CoT', 'GPT-zero-CoT', 'GPT-rag-few', 'GPT-two-stage-CoT', 'GPT-few-CoT-sector', 'GPT-xgb-inject', 'GPT-feat-inject', 'GPT-contrastive', 'GPT-speaker-seg']"
GPT-full-ensemble,ternary,TSLA,FLAT,9,9,"{'FLAT': 6, 'DOWN': 3}","['GPT-few-CoT', 'GPT-zero-CoT', 'GPT-rag-few', 'GPT-two-stage-CoT', 'GPT-few-CoT-sector', 'GPT-xgb-inject', 'GPT-feat-inject', 'GPT-contrastive', 'GPT-speaker-seg']"
GPT-full-ensemble,ternary,TT,UP,9,9,"{'UP': 6, 'FLAT': 3}","['GPT-few-CoT', 'GPT-zero-CoT', 'GPT-rag-few', 'GPT-two-stage-CoT', 'GPT-few-CoT-sector', 'GPT-xgb-inject', 'GPT-feat-inject', 'GPT-contrastive', 'GPT-speaker-seg']"
GPT-full-ensemble,ternary,TXN,FLAT,9,9,"{'UP': 4, 'FLAT': 5}","['GPT-few-CoT', 'GPT-zero-CoT', 'GPT-rag-few', 'GPT-two-stage-CoT', 'GPT-few-CoT-sector', 'GPT-xgb-inject', 'GPT-feat-inject', 'GPT-contrastive', 'GPT-speaker-seg']"
GPT-full-ensemble,ternary,UBER,FLAT,9,9,"{'FLAT': 5, 'UP': 4}","['GPT-few-CoT', 'GPT-zero-CoT', 'GPT-rag-few', 'GPT-two-stage-CoT', 'GPT-few-CoT-sector', 'GPT-xgb-inject', 'GPT-feat-inject', 'GPT-contrastive', 'GPT-speaker-seg']"
GPT-full-ensemble,ternary,UNH,DOWN,9,9,"{'DOWN': 8, 'FLAT': 1}","['GPT-few-CoT', 'GPT-zero-CoT', 'GPT-rag-few', 'GPT-two-stage-CoT', 'GPT-few-CoT-sector', 'GPT-xgb-inject', 'GPT-feat-inject', 'GPT-contrastive', 'GPT-speaker-seg']"
GPT-full-ensemble,ternary,UNP,FLAT,9,9,{'FLAT': 9},"['GPT-few-CoT', 'GPT-zero-CoT', 'GPT-rag-few', 'GPT-two-stage-CoT', 'GPT-few-CoT-sector', 'GPT-xgb-inject', 'GPT-feat-inject', 'GPT-contrastive', 'GPT-speaker-seg']"
GPT-full-ensemble,ternary,V,UP,9,9,"{'UP': 8, 'FLAT': 1}","['GPT-few-CoT', 'GPT-zero-CoT', 'GPT-rag-few', 'GPT-two-stage-CoT', 'GPT-few-CoT-sector', 'GPT-xgb-inject', 'GPT-feat-inject', 'GPT-contrastive', 'GPT-speaker-seg']"
GPT-full-ensemble,ternary,WELL,UP,9,9,"{'UP': 8, 'FLAT': 1}","['GPT-few-CoT', 'GPT-zero-CoT', 'GPT-rag-few', 'GPT-two-stage-CoT', 'GPT-few-CoT-sector', 'GPT-xgb-inject', 'GPT-feat-inject', 'GPT-contrastive', 'GPT-speaker-seg']"
GPT-full-ensemble,ternary,WFC,FLAT,9,9,"{'FLAT': 8, 'UP': 1}","['GPT-few-CoT', 'GPT-zero-CoT', 'GPT-rag-few', 'GPT-two-stage-CoT', 'GPT-few-CoT-sector', 'GPT-xgb-inject', 'GPT-feat-inject', 'GPT-contrastive', 'GPT-speaker-seg']"
GPT-full-ensemble,ternary,WMB,UP,9,9,"{'UP': 8, 'FLAT': 1}","['GPT-few-CoT', 'GPT-zero-CoT', 'GPT-rag-few', 'GPT-two-stage-CoT', 'GPT-few-CoT-sector', 'GPT-xgb-inject', 'GPT-feat-inject', 'GPT-contrastive', 'GPT-speaker-seg']"
GPT-full-ensemble,ternary,WMT,UP,9,9,"{'UP': 8, 'FLAT': 1}","['GPT-few-CoT', 'GPT-zero-CoT', 'GPT-rag-few', 'GPT-two-stage-CoT', 'GPT-few-CoT-sector', 'GPT-xgb-inject', 'GPT-feat-inject', 'GPT-contrastive', 'GPT-speaker-seg']"
GPT-full-ensemble,ternary,XOM,FLAT,9,9,"{'FLAT': 4, 'UP': 4, 'DOWN': 1}","['GPT-few-CoT', 'GPT-zero-CoT', 'GPT-rag-few', 'GPT-two-stage-CoT', 'GPT-few-CoT-sector', 'GPT-xgb-inject', 'GPT-feat-inject', 'GPT-contrastive', 'GPT-speaker-seg']"
GPT-disagreement-ensemble,binary,AAPL,UP,2,2,{'UP': 2},"['GPT-zero', 'GPT-zero-CoT']"
GPT-disagreement-ensemble,binary,ABBV,UP,2,2,{'UP': 2},"['GPT-zero', 'GPT-zero-CoT']"
GPT-disagreement-ensemble,binary,ABNB,UP,2,2,"{'UP': 1, 'DOWN': 1}","['GPT-zero', 'GPT-zero-CoT']"
GPT-disagreement-ensemble,binary,ABT,UP,2,2,{'UP': 2},"['GPT-zero', 'GPT-zero-CoT']"
GPT-disagreement-ensemble,binary,AEP,UP,2,2,{'UP': 2},"['GPT-zero', 'GPT-zero-CoT']"
GPT-disagreement-ensemble,binary,AMAT,UP,2,2,{'UP': 2},"['GPT-zero', 'GPT-zero-CoT']"
GPT-disagreement-ensemble,binary,AMD,UP,2,2,{'UP': 2},"['GPT-zero', 'GPT-zero-CoT']"
GPT-disagreement-ensemble,binary,AMGN,UP,2,2,{'UP': 2},"['GPT-zero', 'GPT-zero-CoT']"
GPT-disagreement-ensemble,binary,AMT,UP,2,2,{'UP': 2},"['GPT-zero', 'GPT-zero-CoT']"
GPT-disagreement-ensemble,binary,AMZN,UP,2,2,{'UP': 2},"['GPT-zero', 'GPT-zero-CoT']"
GPT-disagreement-ensemble,binary,APD,DOWN,2,2,{'DOWN': 2},"['GPT-zero', 'GPT-zero-CoT']"
GPT-disagreement-ensemble,binary,AVGO,UP,2,2,{'UP': 2},"['GPT-zero', 'GPT-zero-CoT']"
GPT-disagreement-ensemble,binary,AXP,UP,2,2,{'UP': 2},"['GPT-zero', 'GPT-zero-CoT']"
GPT-disagreement-ensemble,binary,BA,UP,2,2,{'UP': 2},"['GPT-zero', 'GPT-zero-CoT']"
GPT-disagreement-ensemble,binary,BAC,UP,2,2,{'UP': 2},"['GPT-zero', 'GPT-zero-CoT']"
GPT-disagreement-ensemble,binary,BKNG,UP,2,2,{'UP': 2},"['GPT-zero', 'GPT-zero-CoT']"
GPT-disagreement-ensemble,binary,BLK,UP,2,2,{'UP': 2},"['GPT-zero', 'GPT-zero-CoT']"
GPT-disagreement-ensemble,binary,C,UP,2,2,{'UP': 2},"['GPT-zero', 'GPT-zero-CoT']"
GPT-disagreement-ensemble,binary,CAT,DOWN,2,2,{'DOWN': 2},"['GPT-zero', 'GPT-zero-CoT']"
GPT-disagreement-ensemble,binary,CB,DOWN,2,2,{'DOWN': 2},"['GPT-zero', 'GPT-zero-CoT']"
GPT-disagreement-ensemble,binary,CEG,UP,2,2,{'UP': 2},"['GPT-zero', 'GPT-zero-CoT']"
GPT-disagreement-ensemble,binary,COF,UP,2,2,{'UP': 2},"['GPT-zero', 'GPT-zero-CoT']"
GPT-disagreement-ensemble,binary,COP,UP,2,2,{'UP': 2},"['GPT-zero', 'GPT-zero-CoT']"
GPT-disagreement-ensemble,binary,COST,UP,2,2,{'UP': 2},"['GPT-zero', 'GPT-zero-CoT']"
GPT-disagreement-ensemble,binary,CSCO,UP,2,2,{'UP': 2},"['GPT-zero', 'GPT-zero-CoT']"
GPT-disagreement-ensemble,binary,CVX,UP,2,2,{'UP': 2},"['GPT-zero', 'GPT-zero-CoT']"
GPT-disagreement-ensemble,binary,DE,DOWN,2,2,{'DOWN': 2},"['GPT-zero', 'GPT-zero-CoT']"
GPT-disagreement-ensemble,binary,DHR,UP,2,2,{'UP': 2},"['GPT-zero', 'GPT-zero-CoT']"
GPT-disagreement-ensemble,binary,DLR,UP,2,2,{'UP': 2},"['GPT-zero', 'GPT-zero-CoT']"
GPT-disagreement-ensemble,binary,DUK,UP,2,2,{'UP': 2},"['GPT-zero', 'GPT-zero-CoT']"
GPT-disagreement-ensemble,binary,ECL,UP,2,2,{'UP': 2},"['GPT-zero', 'GPT-zero-CoT']"
GPT-disagreement-ensemble,binary,EQIX,UP,2,2,{'UP': 2},"['GPT-zero', 'GPT-zero-CoT']"
GPT-disagreement-ensemble,binary,ETN,UP,2,2,{'UP': 2},"['GPT-zero', 'GPT-zero-CoT']"
GPT-disagreement-ensemble,binary,FCX,UP,2,2,{'UP': 2},"['GPT-zero', 'GPT-zero-CoT']"
GPT-disagreement-ensemble,binary,FDX,DOWN,2,2,{'DOWN': 2},"['GPT-zero', 'GPT-zero-CoT']"
GPT-disagreement-ensemble,binary,GE,UP,2,2,{'UP': 2},"['GPT-zero', 'GPT-zero-CoT']"
GPT-disagreement-ensemble,binary,GEV,UP,2,2,{'UP': 2},"['GPT-zero', 'GPT-zero-CoT']"
GPT-disagreement-ensemble,binary,GILD,UP,2,2,{'UP': 2},"['GPT-zero', 'GPT-zero-CoT']"
GPT-disagreement-ensemble,binary,GOOGL,UP,2,2,{'UP': 2},"['GPT-zero', 'GPT-zero-CoT']"
GPT-disagreement-ensemble,binary,GS,UP,2,2,{'UP': 2},"['GPT-zero', 'GPT-zero-CoT']"
GPT-disagreement-ensemble,binary,HD,DOWN,2,2,{'DOWN': 2},"['GPT-zero', 'GPT-zero-CoT']"
GPT-disagreement-ensemble,binary,HON,UP,2,2,{'UP': 2},"['GPT-zero', 'GPT-zero-CoT']"
GPT-disagreement-ensemble,binary,HWM,UP,2,2,{'UP': 2},"['GPT-zero', 'GPT-zero-CoT']"
GPT-disagreement-ensemble,binary,INTC,DOWN,2,2,{'DOWN': 2},"['GPT-zero', 'GPT-zero-CoT']"
GPT-disagreement-ensemble,binary,ISRG,UP,2,2,{'UP': 2},"['GPT-zero', 'GPT-zero-CoT']"
GPT-disagreement-ensemble,binary,JNJ,UP,2,2,{'UP': 2},"['GPT-zero', 'GPT-zero-CoT']"
GPT-disagreement-ensemble,binary,JPM,UP,2,2,"{'UP': 1, 'DOWN': 1}","['GPT-zero', 'GPT-zero-CoT']"
GPT-disagreement-ensemble,binary,KLAC,UP,2,2,{'UP': 2},"['GPT-zero', 'GPT-zero-CoT']"
GPT-disagreement-ensemble,binary,KO,UP,2,2,{'UP': 2},"['GPT-zero', 'GPT-zero-CoT']"
GPT-disagreement-ensemble,binary,LIN,UP,2,2,"{'UP': 1, 'DOWN': 1}","['GPT-zero', 'GPT-zero-CoT']"
GPT-disagreement-ensemble,binary,LLY,UP,2,2,{'UP': 2},"['GPT-zero', 'GPT-zero-CoT']"
GPT-disagreement-ensemble,binary,LMT,UP,2,2,{'UP': 2},"['GPT-zero', 'GPT-zero-CoT']"
GPT-disagreement-ensemble,binary,LOW,UP,2,2,{'UP': 2},"['GPT-zero', 'GPT-zero-CoT']"
GPT-disagreement-ensemble,binary,LRCX,UP,2,2,{'UP': 2},"['GPT-zero', 'GPT-zero-CoT']"
GPT-disagreement-ensemble,binary,MA,UP,2,2,{'UP': 2},"['GPT-zero', 'GPT-zero-CoT']"
GPT-disagreement-ensemble,binary,MAR,DOWN,2,2,{'DOWN': 2},"['GPT-zero', 'GPT-zero-CoT']"
GPT-disagreement-ensemble,binary,MCD,DOWN,2,2,{'DOWN': 2},"['GPT-zero', 'GPT-zero-CoT']"
GPT-disagreement-ensemble,binary,META,UP,2,2,"{'UP': 1, 'DOWN': 1}","['GPT-zero', 'GPT-zero-CoT']"
GPT-disagreement-ensemble,binary,MO,UP,2,2,"{'UP': 1, 'DOWN': 1}","['GPT-zero', 'GPT-zero-CoT']"
GPT-disagreement-ensemble,binary,MRK,UP,2,2,"{'UP': 1, 'DOWN': 1}","['GPT-zero', 'GPT-zero-CoT']"
GPT-disagreement-ensemble,binary,MS,UP,2,2,{'UP': 2},"['GPT-zero', 'GPT-zero-CoT']"
GPT-disagreement-ensemble,binary,MSFT,UP,2,2,{'UP': 2},"['GPT-zero', 'GPT-zero-CoT']"
GPT-disagreement-ensemble,binary,MU,UP,2,2,{'UP': 2},"['GPT-zero', 'GPT-zero-CoT']"
GPT-disagreement-ensemble,binary,NEE,UP,2,2,{'UP': 2},"['GPT-zero', 'GPT-zero-CoT']"
GPT-disagreement-ensemble,binary,NEM,UP,2,2,{'UP': 2},"['GPT-zero', 'GPT-zero-CoT']"
GPT-disagreement-ensemble,binary,NFLX,UP,2,2,{'UP': 2},"['GPT-zero', 'GPT-zero-CoT']"
GPT-disagreement-ensemble,binary,NVDA,UP,2,2,{'UP': 2},"['GPT-zero', 'GPT-zero-CoT']"
GPT-disagreement-ensemble,binary,ORCL,UP,2,2,{'UP': 2},"['GPT-zero', 'GPT-zero-CoT']"
GPT-disagreement-ensemble,binary,PEP,DOWN,2,2,{'DOWN': 2},"['GPT-zero', 'GPT-zero-CoT']"
GPT-disagreement-ensemble,binary,PFE,UP,2,2,{'UP': 2},"['GPT-zero', 'GPT-zero-CoT']"
GPT-disagreement-ensemble,binary,PG,DOWN,2,2,{'DOWN': 2},"['GPT-zero', 'GPT-zero-CoT']"
GPT-disagreement-ensemble,binary,PH,UP,2,2,{'UP': 2},"['GPT-zero', 'GPT-zero-CoT']"
GPT-disagreement-ensemble,binary,PLD,UP,2,2,"{'UP': 1, 'DOWN': 1}","['GPT-zero', 'GPT-zero-CoT']"
GPT-disagreement-ensemble,binary,PLTR,UP,2,2,{'UP': 2},"['GPT-zero', 'GPT-zero-CoT']"
GPT-disagreement-ensemble,binary,PM,UP,2,2,{'UP': 2},"['GPT-zero', 'GPT-zero-CoT']"
GPT-disagreement-ensemble,binary,PWR,UP,2,2,{'UP': 2},"['GPT-zero', 'GPT-zero-CoT']"
GPT-disagreement-ensemble,binary,RTX,UP,2,2,{'UP': 2},"['GPT-zero', 'GPT-zero-CoT']"
GPT-disagreement-ensemble,binary,SBUX,DOWN,2,2,{'DOWN': 2},"['GPT-zero', 'GPT-zero-CoT']"
GPT-disagreement-ensemble,binary,SCHW,UP,2,2,{'UP': 2},"['GPT-zero', 'GPT-zero-CoT']"
GPT-disagreement-ensemble,binary,SHW,UP,2,2,{'UP': 2},"['GPT-zero', 'GPT-zero-CoT']"
GPT-disagreement-ensemble,binary,SO,UP,2,2,{'UP': 2},"['GPT-zero', 'GPT-zero-CoT']"
GPT-disagreement-ensemble,binary,SPG,UP,2,2,{'UP': 2},"['GPT-zero', 'GPT-zero-CoT']"
GPT-disagreement-ensemble,binary,SPGI,UP,2,2,{'UP': 2},"['GPT-zero', 'GPT-zero-CoT']"
GPT-disagreement-ensemble,binary,SRE,UP,2,2,{'UP': 2},"['GPT-zero', 'GPT-zero-CoT']"
GPT-disagreement-ensemble,binary,SYK,UP,2,2,{'UP': 2},"['GPT-zero', 'GPT-zero-CoT']"
GPT-disagreement-ensemble,binary,TJX,UP,2,2,"{'UP': 1, 'DOWN': 1}","['GPT-zero', 'GPT-zero-CoT']"
GPT-disagreement-ensemble,binary,TMO,DOWN,2,2,{'DOWN': 2},"['GPT-zero', 'GPT-zero-CoT']"
GPT-disagreement-ensemble,binary,TMUS,UP,2,2,{'UP': 2},"['GPT-zero', 'GPT-zero-CoT']"
GPT-disagreement-ensemble,binary,TSLA,DOWN,2,2,{'DOWN': 2},"['GPT-zero', 'GPT-zero-CoT']"
GPT-disagreement-ensemble,binary,TT,UP,2,2,{'UP': 2},"['GPT-zero', 'GPT-zero-CoT']"
GPT-disagreement-ensemble,binary,TXN,UP,2,2,{'UP': 2},"['GPT-zero', 'GPT-zero-CoT']"
GPT-disagreement-ensemble,binary,UBER,UP,2,2,{'UP': 2},"['GPT-zero', 'GPT-zero-CoT']"
GPT-disagreement-ensemble,binary,UNH,DOWN,2,2,{'DOWN': 2},"['GPT-zero', 'GPT-zero-CoT']"
GPT-disagreement-ensemble,binary,UNP,DOWN,2,2,"{'DOWN': 1, 'UP': 1}","['GPT-zero', 'GPT-zero-CoT']"
GPT-disagreement-ensemble,binary,V,UP,2,2,{'UP': 2},"['GPT-zero', 'GPT-zero-CoT']"
GPT-disagreement-ensemble,binary,WELL,UP,2,2,{'UP': 2},"['GPT-zero', 'GPT-zero-CoT']"
GPT-disagreement-ensemble,binary,WFC,UP,2,2,{'UP': 2},"['GPT-zero', 'GPT-zero-CoT']"
GPT-disagreement-ensemble,binary,WMB,UP,2,2,{'UP': 2},"['GPT-zero', 'GPT-zero-CoT']"
GPT-disagreement-ensemble,binary,WMT,UP,2,2,{'UP': 2},"['GPT-zero', 'GPT-zero-CoT']"
GPT-disagreement-ensemble,binary,XOM,UP,2,2,{'UP': 2},"['GPT-zero', 'GPT-zero-CoT']"
GPT-disagreement-ensemble,ternary,AAPL,UP,2,2,{'UP': 2},"['GPT-zero', 'GPT-zero-CoT']"
GPT-disagreement-ensemble,ternary,ABBV,UP,2,2,{'UP': 2},"['GPT-zero', 'GPT-zero-CoT']"
GPT-disagreement-ensemble,ternary,ABNB,FLAT,2,2,{'FLAT': 2},"['GPT-zero', 'GPT-zero-CoT']"
GPT-disagreement-ensemble,ternary,ABT,UP,2,2,{'UP': 2},"['GPT-zero', 'GPT-zero-CoT']"
GPT-disagreement-ensemble,ternary,AEP,UP,2,2,{'UP': 2},"['GPT-zero', 'GPT-zero-CoT']"
GPT-disagreement-ensemble,ternary,AMAT,UP,2,2,{'UP': 2},"['GPT-zero', 'GPT-zero-CoT']"
GPT-disagreement-ensemble,ternary,AMD,UP,2,2,{'UP': 2},"['GPT-zero', 'GPT-zero-CoT']"
GPT-disagreement-ensemble,ternary,AMGN,UP,2,2,{'UP': 2},"['GPT-zero', 'GPT-zero-CoT']"
GPT-disagreement-ensemble,ternary,AMT,UP,2,2,"{'UP': 1, 'FLAT': 1}","['GPT-zero', 'GPT-zero-CoT']"
GPT-disagreement-ensemble,ternary,AMZN,UP,2,2,{'UP': 2},"['GPT-zero', 'GPT-zero-CoT']"
GPT-disagreement-ensemble,ternary,APD,DOWN,2,2,{'DOWN': 2},"['GPT-zero', 'GPT-zero-CoT']"
GPT-disagreement-ensemble,ternary,AVGO,UP,2,2,{'UP': 2},"['GPT-zero', 'GPT-zero-CoT']"
GPT-disagreement-ensemble,ternary,AXP,FLAT,2,2,{'FLAT': 2},"['GPT-zero', 'GPT-zero-CoT']"
GPT-disagreement-ensemble,ternary,BA,UP,2,2,"{'UP': 1, 'FLAT': 1}","['GPT-zero', 'GPT-zero-CoT']"
GPT-disagreement-ensemble,ternary,BAC,UP,2,2,{'UP': 2},"['GPT-zero', 'GPT-zero-CoT']"
GPT-disagreement-ensemble,ternary,BKNG,UP,2,2,{'UP': 2},"['GPT-zero', 'GPT-zero-CoT']"
GPT-disagreement-ensemble,ternary,BLK,UP,2,2,{'UP': 2},"['GPT-zero', 'GPT-zero-CoT']"
GPT-disagreement-ensemble,ternary,C,UP,2,2,{'UP': 2},"['GPT-zero', 'GPT-zero-CoT']"
GPT-disagreement-ensemble,ternary,CAT,FLAT,2,2,{'FLAT': 2},"['GPT-zero', 'GPT-zero-CoT']"
GPT-disagreement-ensemble,ternary,CB,FLAT,2,2,{'FLAT': 2},"['GPT-zero', 'GPT-zero-CoT']"
GPT-disagreement-ensemble,ternary,CEG,UP,2,2,"{'UP': 1, 'FLAT': 1}","['GPT-zero', 'GPT-zero-CoT']"
GPT-disagreement-ensemble,ternary,COF,UP,2,2,"{'UP': 1, 'FLAT': 1}","['GPT-zero', 'GPT-zero-CoT']"
GPT-disagreement-ensemble,ternary,COP,FLAT,2,2,{'FLAT': 2},"['GPT-zero', 'GPT-zero-CoT']"
GPT-disagreement-ensemble,ternary,COST,UP,2,2,{'UP': 2},"['GPT-zero', 'GPT-zero-CoT']"
GPT-disagreement-ensemble,ternary,CSCO,UP,2,2,{'UP': 2},"['GPT-zero', 'GPT-zero-CoT']"
GPT-disagreement-ensemble,ternary,CVX,FLAT,2,2,{'FLAT': 2},"['GPT-zero', 'GPT-zero-CoT']"
GPT-disagreement-ensemble,ternary,DE,DOWN,2,2,"{'DOWN': 1, 'FLAT': 1}","['GPT-zero', 'GPT-zero-CoT']"
GPT-disagreement-ensemble,ternary,DHR,UP,2,2,{'UP': 2},"['GPT-zero', 'GPT-zero-CoT']"
GPT-disagreement-ensemble,ternary,DLR,UP,2,2,{'UP': 2},"['GPT-zero', 'GPT-zero-CoT']"
GPT-disagreement-ensemble,ternary,DUK,UP,2,2,"{'UP': 1, 'FLAT': 1}","['GPT-zero', 'GPT-zero-CoT']"
GPT-disagreement-ensemble,ternary,ECL,UP,2,2,"{'UP': 1, 'FLAT': 1}","['GPT-zero', 'GPT-zero-CoT']"
GPT-disagreement-ensemble,ternary,EQIX,UP,2,2,{'UP': 2},"['GPT-zero', 'GPT-zero-CoT']"
GPT-disagreement-ensemble,ternary,ETN,UP,2,2,{'UP': 2},"['GPT-zero', 'GPT-zero-CoT']"
GPT-disagreement-ensemble,ternary,FCX,UP,2,2,{'UP': 2},"['GPT-zero', 'GPT-zero-CoT']"
GPT-disagreement-ensemble,ternary,FDX,DOWN,2,2,{'DOWN': 2},"['GPT-zero', 'GPT-zero-CoT']"
GPT-disagreement-ensemble,ternary,GE,UP,2,2,{'UP': 2},"['GPT-zero', 'GPT-zero-CoT']"
GPT-disagreement-ensemble,ternary,GEV,UP,2,2,{'UP': 2},"['GPT-zero', 'GPT-zero-CoT']"
GPT-disagreement-ensemble,ternary,GILD,FLAT,2,2,{'FLAT': 2},"['GPT-zero', 'GPT-zero-CoT']"
GPT-disagreement-ensemble,ternary,GOOGL,UP,2,2,{'UP': 2},"['GPT-zero', 'GPT-zero-CoT']"
GPT-disagreement-ensemble,ternary,GS,UP,2,2,{'UP': 2},"['GPT-zero', 'GPT-zero-CoT']"
GPT-disagreement-ensemble,ternary,HD,FLAT,2,2,{'FLAT': 2},"['GPT-zero', 'GPT-zero-CoT']"
GPT-disagreement-ensemble,ternary,HON,UP,2,2,{'UP': 2},"['GPT-zero', 'GPT-zero-CoT']"
GPT-disagreement-ensemble,ternary,HWM,UP,2,2,{'UP': 2},"['GPT-zero', 'GPT-zero-CoT']"
GPT-disagreement-ensemble,ternary,INTC,DOWN,2,2,"{'DOWN': 1, 'FLAT': 1}","['GPT-zero', 'GPT-zero-CoT']"
GPT-disagreement-ensemble,ternary,ISRG,UP,2,2,{'UP': 2},"['GPT-zero', 'GPT-zero-CoT']"
GPT-disagreement-ensemble,ternary,JNJ,UP,2,2,{'UP': 2},"['GPT-zero', 'GPT-zero-CoT']"
GPT-disagreement-ensemble,ternary,JPM,FLAT,2,2,{'FLAT': 2},"['GPT-zero', 'GPT-zero-CoT']"
GPT-disagreement-ensemble,ternary,KLAC,UP,2,2,{'UP': 2},"['GPT-zero', 'GPT-zero-CoT']"
GPT-disagreement-ensemble,ternary,KO,FLAT,2,2,{'FLAT': 2},"['GPT-zero', 'GPT-zero-CoT']"
GPT-disagreement-ensemble,ternary,LIN,FLAT,2,2,{'FLAT': 2},"['GPT-zero', 'GPT-zero-CoT']"
GPT-disagreement-ensemble,ternary,LLY,UP,2,2,{'UP': 2},"['GPT-zero', 'GPT-zero-CoT']"
GPT-disagreement-ensemble,ternary,LMT,UP,2,2,{'UP': 2},"['GPT-zero', 'GPT-zero-CoT']"
GPT-disagreement-ensemble,ternary,LOW,UP,2,2,"{'UP': 1, 'FLAT': 1}","['GPT-zero', 'GPT-zero-CoT']"
GPT-disagreement-ensemble,ternary,LRCX,UP,2,2,{'UP': 2},"['GPT-zero', 'GPT-zero-CoT']"
GPT-disagreement-ensemble,ternary,MA,UP,2,2,{'UP': 2},"['GPT-zero', 'GPT-zero-CoT']"
GPT-disagreement-ensemble,ternary,MAR,DOWN,2,2,"{'DOWN': 1, 'FLAT': 1}","['GPT-zero', 'GPT-zero-CoT']"
GPT-disagreement-ensemble,ternary,MCD,FLAT,2,2,{'FLAT': 2},"['GPT-zero', 'GPT-zero-CoT']"
GPT-disagreement-ensemble,ternary,META,UP,2,2,{'UP': 2},"['GPT-zero', 'GPT-zero-CoT']"
GPT-disagreement-ensemble,ternary,MO,FLAT,2,2,{'FLAT': 2},"['GPT-zero', 'GPT-zero-CoT']"
GPT-disagreement-ensemble,ternary,MRK,FLAT,2,2,{'FLAT': 2},"['GPT-zero', 'GPT-zero-CoT']"
GPT-disagreement-ensemble,ternary,MS,UP,2,2,{'UP': 2},"['GPT-zero', 'GPT-zero-CoT']"
GPT-disagreement-ensemble,ternary,MSFT,UP,2,2,{'UP': 2},"['GPT-zero', 'GPT-zero-CoT']"
GPT-disagreement-ensemble,ternary,MU,UP,2,2,{'UP': 2},"['GPT-zero', 'GPT-zero-CoT']"
GPT-disagreement-ensemble,ternary,NEE,UP,2,2,{'UP': 2},"['GPT-zero', 'GPT-zero-CoT']"
GPT-disagreement-ensemble,ternary,NEM,UP,2,2,{'UP': 2},"['GPT-zero', 'GPT-zero-CoT']"
GPT-disagreement-ensemble,ternary,NFLX,UP,2,2,{'UP': 2},"['GPT-zero', 'GPT-zero-CoT']"
GPT-disagreement-ensemble,ternary,NVDA,UP,2,2,{'UP': 2},"['GPT-zero', 'GPT-zero-CoT']"
GPT-disagreement-ensemble,ternary,ORCL,UP,2,2,{'UP': 2},"['GPT-zero', 'GPT-zero-CoT']"
GPT-disagreement-ensemble,ternary,PEP,DOWN,2,2,{'DOWN': 2},"['GPT-zero', 'GPT-zero-CoT']"
GPT-disagreement-ensemble,ternary,PFE,UP,2,2,{'UP': 2},"['GPT-zero', 'GPT-zero-CoT']"
GPT-disagreement-ensemble,ternary,PG,DOWN,2,2,"{'DOWN': 1, 'FLAT': 1}","['GPT-zero', 'GPT-zero-CoT']"
GPT-disagreement-ensemble,ternary,PH,UP,2,2,{'UP': 2},"['GPT-zero', 'GPT-zero-CoT']"
GPT-disagreement-ensemble,ternary,PLD,FLAT,2,2,{'FLAT': 2},"['GPT-zero', 'GPT-zero-CoT']"
GPT-disagreement-ensemble,ternary,PLTR,UP,2,2,{'UP': 2},"['GPT-zero', 'GPT-zero-CoT']"
GPT-disagreement-ensemble,ternary,PM,UP,2,2,{'UP': 2},"['GPT-zero', 'GPT-zero-CoT']"
GPT-disagreement-ensemble,ternary,PWR,UP,2,2,{'UP': 2},"['GPT-zero', 'GPT-zero-CoT']"
GPT-disagreement-ensemble,ternary,RTX,UP,2,2,{'UP': 2},"['GPT-zero', 'GPT-zero-CoT']"
GPT-disagreement-ensemble,ternary,SBUX,DOWN,2,2,{'DOWN': 2},"['GPT-zero', 'GPT-zero-CoT']"
GPT-disagreement-ensemble,ternary,SCHW,UP,2,2,{'UP': 2},"['GPT-zero', 'GPT-zero-CoT']"
GPT-disagreement-ensemble,ternary,SHW,FLAT,2,2,{'FLAT': 2},"['GPT-zero', 'GPT-zero-CoT']"
GPT-disagreement-ensemble,ternary,SO,UP,2,2,{'UP': 2},"['GPT-zero', 'GPT-zero-CoT']"
GPT-disagreement-ensemble,ternary,SPG,FLAT,2,2,{'FLAT': 2},"['GPT-zero', 'GPT-zero-CoT']"
GPT-disagreement-ensemble,ternary,SPGI,FLAT,2,2,{'FLAT': 2},"['GPT-zero', 'GPT-zero-CoT']"
GPT-disagreement-ensemble,ternary,SRE,UP,2,2,"{'UP': 1, 'FLAT': 1}","['GPT-zero', 'GPT-zero-CoT']"
GPT-disagreement-ensemble,ternary,SYK,UP,2,2,{'UP': 2},"['GPT-zero', 'GPT-zero-CoT']"
GPT-disagreement-ensemble,ternary,TJX,UP,2,2,{'UP': 2},"['GPT-zero', 'GPT-zero-CoT']"
GPT-disagreement-ensemble,ternary,TMO,FLAT,2,2,{'FLAT': 2},"['GPT-zero', 'GPT-zero-CoT']"
GPT-disagreement-ensemble,ternary,TMUS,UP,2,2,{'UP': 2},"['GPT-zero', 'GPT-zero-CoT']"
GPT-disagreement-ensemble,ternary,TSLA,DOWN,2,2,"{'DOWN': 1, 'FLAT': 1}","['GPT-zero', 'GPT-zero-CoT']"
GPT-disagreement-ensemble,ternary,TT,UP,2,2,{'UP': 2},"['GPT-zero', 'GPT-zero-CoT']"
GPT-disagreement-ensemble,ternary,TXN,UP,2,2,"{'UP': 1, 'FLAT': 1}","['GPT-zero', 'GPT-zero-CoT']"
GPT-disagreement-ensemble,ternary,UBER,UP,2,2,{'UP': 2},"['GPT-zero', 'GPT-zero-CoT']"
GPT-disagreement-ensemble,ternary,UNH,DOWN,2,2,{'DOWN': 2},"['GPT-zero', 'GPT-zero-CoT']"
GPT-disagreement-ensemble,ternary,UNP,FLAT,2,2,{'FLAT': 2},"['GPT-zero', 'GPT-zero-CoT']"
GPT-disagreement-ensemble,ternary,V,UP,2,2,{'UP': 2},"['GPT-zero', 'GPT-zero-CoT']"
GPT-disagreement-ensemble,ternary,WELL,UP,2,2,{'UP': 2},"['GPT-zero', 'GPT-zero-CoT']"
GPT-disagreement-ensemble,ternary,WFC,UP,2,2,"{'UP': 1, 'FLAT': 1}","['GPT-zero', 'GPT-zero-CoT']"
GPT-disagreement-ensemble,ternary,WMB,UP,2,2,{'UP': 2},"['GPT-zero', 'GPT-zero-CoT']"
GPT-disagreement-ensemble,ternary,WMT,UP,2,2,{'UP': 2},"['GPT-zero', 'GPT-zero-CoT']"
GPT-disagreement-ensemble,ternary,XOM,UP,2,2,"{'UP': 1, 'FLAT': 1}","['GPT-zero', 'GPT-zero-CoT']"
