experiment,task,symbol,prediction,xgb_pred,xgb_conf,gpt_pred,finbert_pred,n_voters,tiebreak_method
Ensemble-XGB+GPT-zero,binary,AAPL,UP,UP,0.7113956809043884,UP,UP,3,majority
Ensemble-XGB+GPT-zero,binary,ABBV,UP,UP,0.7918427586555481,UP,UP,3,majority
Ensemble-XGB+GPT-zero,binary,ABNB,UP,UP,0.6341512799263,UP,UP,3,majority
Ensemble-XGB+GPT-zero,binary,ABT,UP,UP,0.888501763343811,UP,UP,3,majority
Ensemble-XGB+GPT-zero,binary,AEP,UP,,0.0,UP,,1,agreement
Ensemble-XGB+GPT-zero,binary,AMAT,UP,UP,0.5874327421188354,UP,UP,3,majority
Ensemble-XGB+GPT-zero,binary,AMD,UP,UP,0.7787294983863831,UP,UP,3,majority
Ensemble-XGB+GPT-zero,binary,AMGN,UP,DOWN,0.9070791006088256,UP,UP,3,majority
Ensemble-XGB+GPT-zero,binary,AMT,UP,UP,0.7178767323493958,UP,UP,3,majority
Ensemble-XGB+GPT-zero,binary,AMZN,UP,,0.0,UP,,1,agreement
Ensemble-XGB+GPT-zero,binary,APD,DOWN,,0.0,DOWN,,1,agreement
Ensemble-XGB+GPT-zero,binary,AVGO,UP,UP,0.5212748646736145,UP,UP,3,majority
Ensemble-XGB+GPT-zero,binary,AXP,UP,UP,0.7582918405532837,UP,UP,3,majority
Ensemble-XGB+GPT-zero,binary,BA,UP,UP,0.8120792508125305,UP,UP,3,majority
Ensemble-XGB+GPT-zero,binary,BAC,UP,UP,0.8269565105438232,UP,UP,3,majority
Ensemble-XGB+GPT-zero,binary,BKNG,UP,UP,0.6602661609649658,UP,UP,3,majority
Ensemble-XGB+GPT-zero,binary,BLK,UP,UP,0.7309955954551697,UP,UP,3,majority
Ensemble-XGB+GPT-zero,binary,C,UP,UP,0.6292172074317932,UP,UP,3,majority
Ensemble-XGB+GPT-zero,binary,CAT,UP,UP,0.7815836071968079,DOWN,UP,3,majority
Ensemble-XGB+GPT-zero,binary,CB,UP,UP,0.7833603620529175,DOWN,UP,3,majority
Ensemble-XGB+GPT-zero,binary,CEG,UP,DOWN,0.7239128351211548,UP,UP,3,majority
Ensemble-XGB+GPT-zero,binary,COF,UP,DOWN,0.9312359094619752,UP,UP,3,majority
Ensemble-XGB+GPT-zero,binary,COP,UP,UP,0.8557482361793518,UP,UP,3,majority
Ensemble-XGB+GPT-zero,binary,COST,UP,UP,0.6970160603523254,UP,UP,3,majority
Ensemble-XGB+GPT-zero,binary,CSCO,UP,DOWN,0.6394883394241333,UP,UP,3,majority
Ensemble-XGB+GPT-zero,binary,CVX,UP,UP,0.6240411996841431,UP,UP,3,majority
Ensemble-XGB+GPT-zero,binary,DE,UP,UP,0.8884698748588562,DOWN,UP,3,majority
Ensemble-XGB+GPT-zero,binary,DHR,UP,UP,0.6525953412055969,UP,UP,3,majority
Ensemble-XGB+GPT-zero,binary,DLR,UP,UP,0.5971041917800903,UP,UP,3,majority
Ensemble-XGB+GPT-zero,binary,DUK,UP,UP,0.6333000659942627,UP,UP,3,majority
Ensemble-XGB+GPT-zero,binary,ECL,UP,DOWN,0.7468106746673584,UP,UP,3,majority
Ensemble-XGB+GPT-zero,binary,EQIX,UP,,0.0,UP,,1,agreement
Ensemble-XGB+GPT-zero,binary,ETN,UP,UP,0.6053839325904846,UP,UP,3,majority
Ensemble-XGB+GPT-zero,binary,FCX,UP,DOWN,0.6320085525512695,UP,UP,3,majority
Ensemble-XGB+GPT-zero,binary,FDX,DOWN,DOWN,0.5247286558151245,DOWN,UP,3,majority
Ensemble-XGB+GPT-zero,binary,GE,UP,UP,0.7309054732322693,UP,UP,3,majority
Ensemble-XGB+GPT-zero,binary,GEV,UP,UP,0.6856281161308289,UP,UP,3,majority
Ensemble-XGB+GPT-zero,binary,GILD,UP,UP,0.9286519885063172,UP,UP,3,majority
Ensemble-XGB+GPT-zero,binary,GOOGL,UP,UP,0.6446284651756287,UP,UP,3,majority
Ensemble-XGB+GPT-zero,binary,GS,UP,UP,0.6232287287712097,UP,UP,3,majority
Ensemble-XGB+GPT-zero,binary,HD,UP,UP,0.7111341953277588,DOWN,UP,3,majority
Ensemble-XGB+GPT-zero,binary,HON,UP,UP,0.5613176226615906,UP,UP,3,majority
Ensemble-XGB+GPT-zero,binary,HWM,UP,UP,0.5964716672897339,UP,UP,3,majority
Ensemble-XGB+GPT-zero,binary,INTC,UP,UP,0.5381876826286316,DOWN,UP,3,majority
Ensemble-XGB+GPT-zero,binary,ISRG,UP,UP,0.7268702983856201,UP,UP,3,majority
Ensemble-XGB+GPT-zero,binary,JNJ,UP,,0.0,UP,,1,agreement
Ensemble-XGB+GPT-zero,binary,JPM,UP,UP,0.6405598521232605,UP,DOWN,3,majority
Ensemble-XGB+GPT-zero,binary,KLAC,UP,DOWN,0.5375070571899414,UP,UP,3,majority
Ensemble-XGB+GPT-zero,binary,KO,UP,,0.0,UP,,1,agreement
Ensemble-XGB+GPT-zero,binary,LIN,UP,UP,0.8774190545082092,UP,UP,3,majority
Ensemble-XGB+GPT-zero,binary,LLY,UP,UP,0.5873882174491882,UP,UP,3,majority
Ensemble-XGB+GPT-zero,binary,LMT,UP,DOWN,0.6052002906799316,UP,UP,3,majority
Ensemble-XGB+GPT-zero,binary,LOW,UP,UP,0.7660863399505615,UP,UP,3,majority
Ensemble-XGB+GPT-zero,binary,LRCX,UP,DOWN,0.63125079870224,UP,UP,3,majority
Ensemble-XGB+GPT-zero,binary,MA,UP,,0.0,UP,,1,agreement
Ensemble-XGB+GPT-zero,binary,MAR,UP,UP,0.5250173807144165,DOWN,UP,3,majority
Ensemble-XGB+GPT-zero,binary,MCD,DOWN,DOWN,0.7197367548942566,DOWN,UP,3,majority
Ensemble-XGB+GPT-zero,binary,META,UP,DOWN,0.6595696210861206,UP,UP,3,majority
Ensemble-XGB+GPT-zero,binary,MO,UP,UP,0.6551470756530762,UP,UP,3,majority
Ensemble-XGB+GPT-zero,binary,MRK,UP,DOWN,0.6260300278663635,UP,UP,3,majority
Ensemble-XGB+GPT-zero,binary,MS,UP,UP,0.6507570147514343,UP,UP,3,majority
Ensemble-XGB+GPT-zero,binary,MSFT,UP,DOWN,0.6321649551391602,UP,UP,3,majority
Ensemble-XGB+GPT-zero,binary,MU,UP,DOWN,0.6786693334579468,UP,UP,3,majority
Ensemble-XGB+GPT-zero,binary,NEE,UP,UP,0.783471941947937,UP,UP,3,majority
Ensemble-XGB+GPT-zero,binary,NEM,UP,UP,0.8491896390914917,UP,UP,3,majority
Ensemble-XGB+GPT-zero,binary,NFLX,UP,UP,0.7272477149963379,UP,UP,3,majority
Ensemble-XGB+GPT-zero,binary,NVDA,UP,UP,0.6367442011833191,UP,UP,3,majority
Ensemble-XGB+GPT-zero,binary,ORCL,UP,UP,0.5721810460090637,UP,UP,3,majority
Ensemble-XGB+GPT-zero,binary,PEP,DOWN,DOWN,0.545039176940918,DOWN,UP,3,majority
Ensemble-XGB+GPT-zero,binary,PFE,UP,DOWN,0.8041144013404846,UP,UP,3,majority
Ensemble-XGB+GPT-zero,binary,PG,UP,UP,0.5833669304847717,DOWN,UP,3,majority
Ensemble-XGB+GPT-zero,binary,PH,UP,UP,0.6011568903923035,UP,UP,3,majority
Ensemble-XGB+GPT-zero,binary,PLD,UP,UP,0.8398150205612183,UP,UP,3,majority
Ensemble-XGB+GPT-zero,binary,PLTR,UP,UP,0.8458009362220764,UP,UP,3,majority
Ensemble-XGB+GPT-zero,binary,PM,UP,UP,0.6653205752372742,UP,UP,3,majority
Ensemble-XGB+GPT-zero,binary,PWR,UP,UP,0.8502388000488281,UP,UP,3,majority
Ensemble-XGB+GPT-zero,binary,RTX,UP,UP,0.7530930042266846,UP,UP,3,majority
Ensemble-XGB+GPT-zero,binary,SBUX,DOWN,DOWN,0.5679597854614258,DOWN,UP,3,majority
Ensemble-XGB+GPT-zero,binary,SCHW,UP,UP,0.7605741024017334,UP,UP,3,majority
Ensemble-XGB+GPT-zero,binary,SHW,UP,DOWN,0.6114580631256104,UP,UP,3,majority
Ensemble-XGB+GPT-zero,binary,SO,UP,,0.0,UP,,1,agreement
Ensemble-XGB+GPT-zero,binary,SPG,UP,DOWN,0.6277908086776733,UP,UP,3,majority
Ensemble-XGB+GPT-zero,binary,SPGI,UP,UP,0.5203769207000732,UP,UP,3,majority
Ensemble-XGB+GPT-zero,binary,SRE,UP,,0.0,UP,,1,agreement
Ensemble-XGB+GPT-zero,binary,SYK,UP,DOWN,0.7057185173034668,UP,UP,3,majority
Ensemble-XGB+GPT-zero,binary,TJX,UP,DOWN,0.5598067045211792,UP,UP,3,majority
Ensemble-XGB+GPT-zero,binary,TMO,UP,UP,0.7803909182548523,DOWN,UP,3,majority
Ensemble-XGB+GPT-zero,binary,TMUS,UP,UP,0.6211352348327637,UP,UP,3,majority
Ensemble-XGB+GPT-zero,binary,TSLA,DOWN,DOWN,0.6792675256729126,DOWN,UP,3,majority
Ensemble-XGB+GPT-zero,binary,TT,UP,DOWN,0.6365512609481812,UP,UP,3,majority
Ensemble-XGB+GPT-zero,binary,TXN,UP,UP,0.6786090135574341,UP,UP,3,majority
Ensemble-XGB+GPT-zero,binary,UBER,UP,DOWN,0.5912438631057739,UP,UP,3,majority
Ensemble-XGB+GPT-zero,binary,UNH,UP,UP,0.7993847727775574,DOWN,UP,3,majority
Ensemble-XGB+GPT-zero,binary,UNP,UP,UP,0.677431583404541,DOWN,UP,3,majority
Ensemble-XGB+GPT-zero,binary,V,UP,UP,0.6039298176765442,UP,UP,3,majority
Ensemble-XGB+GPT-zero,binary,WELL,UP,UP,0.6749137043952942,UP,UP,3,majority
Ensemble-XGB+GPT-zero,binary,WFC,UP,UP,0.8854357600212097,UP,UP,3,majority
Ensemble-XGB+GPT-zero,binary,WMB,UP,UP,0.694337010383606,UP,UP,3,majority
Ensemble-XGB+GPT-zero,binary,WMT,UP,UP,0.8366624712944031,UP,UP,3,majority
Ensemble-XGB+GPT-zero,binary,XOM,UP,,0.0,UP,,1,agreement
Ensemble-XGB+GPT-zero-CoT,binary,AAPL,UP,UP,0.7113956809043884,UP,UP,3,majority
Ensemble-XGB+GPT-zero-CoT,binary,ABBV,UP,UP,0.7918427586555481,UP,UP,3,majority
Ensemble-XGB+GPT-zero-CoT,binary,ABNB,UP,UP,0.6341512799263,DOWN,UP,3,majority
Ensemble-XGB+GPT-zero-CoT,binary,ABT,UP,UP,0.888501763343811,UP,UP,3,majority
Ensemble-XGB+GPT-zero-CoT,binary,AEP,UP,,0.0,UP,,1,agreement
Ensemble-XGB+GPT-zero-CoT,binary,AMAT,UP,UP,0.5874327421188354,UP,UP,3,majority
Ensemble-XGB+GPT-zero-CoT,binary,AMD,UP,UP,0.7787294983863831,UP,UP,3,majority
Ensemble-XGB+GPT-zero-CoT,binary,AMGN,UP,DOWN,0.9070791006088256,UP,UP,3,majority
Ensemble-XGB+GPT-zero-CoT,binary,AMT,UP,UP,0.7178767323493958,UP,UP,3,majority
Ensemble-XGB+GPT-zero-CoT,binary,AMZN,UP,,0.0,UP,,1,agreement
Ensemble-XGB+GPT-zero-CoT,binary,APD,DOWN,,0.0,DOWN,,1,agreement
Ensemble-XGB+GPT-zero-CoT,binary,AVGO,UP,UP,0.5212748646736145,UP,UP,3,majority
Ensemble-XGB+GPT-zero-CoT,binary,AXP,UP,UP,0.7582918405532837,UP,UP,3,majority
Ensemble-XGB+GPT-zero-CoT,binary,BA,UP,UP,0.8120792508125305,UP,UP,3,majority
Ensemble-XGB+GPT-zero-CoT,binary,BAC,UP,UP,0.8269565105438232,UP,UP,3,majority
Ensemble-XGB+GPT-zero-CoT,binary,BKNG,UP,UP,0.6602661609649658,UP,UP,3,majority
Ensemble-XGB+GPT-zero-CoT,binary,BLK,UP,UP,0.7309955954551697,UP,UP,3,majority
Ensemble-XGB+GPT-zero-CoT,binary,C,UP,UP,0.6292172074317932,UP,UP,3,majority
Ensemble-XGB+GPT-zero-CoT,binary,CAT,UP,UP,0.7815836071968079,DOWN,UP,3,majority
Ensemble-XGB+GPT-zero-CoT,binary,CB,UP,UP,0.7833603620529175,DOWN,UP,3,majority
Ensemble-XGB+GPT-zero-CoT,binary,CEG,UP,DOWN,0.7239128351211548,UP,UP,3,majority
Ensemble-XGB+GPT-zero-CoT,binary,COF,UP,DOWN,0.9312359094619752,UP,UP,3,majority
Ensemble-XGB+GPT-zero-CoT,binary,COP,UP,UP,0.8557482361793518,UP,UP,3,majority
Ensemble-XGB+GPT-zero-CoT,binary,COST,UP,UP,0.6970160603523254,UP,UP,3,majority
Ensemble-XGB+GPT-zero-CoT,binary,CSCO,UP,DOWN,0.6394883394241333,UP,UP,3,majority
Ensemble-XGB+GPT-zero-CoT,binary,CVX,UP,UP,0.6240411996841431,UP,UP,3,majority
Ensemble-XGB+GPT-zero-CoT,binary,DE,UP,UP,0.8884698748588562,DOWN,UP,3,majority
Ensemble-XGB+GPT-zero-CoT,binary,DHR,UP,UP,0.6525953412055969,UP,UP,3,majority
Ensemble-XGB+GPT-zero-CoT,binary,DLR,UP,UP,0.5971041917800903,UP,UP,3,majority
Ensemble-XGB+GPT-zero-CoT,binary,DUK,UP,UP,0.6333000659942627,UP,UP,3,majority
Ensemble-XGB+GPT-zero-CoT,binary,ECL,UP,DOWN,0.7468106746673584,UP,UP,3,majority
Ensemble-XGB+GPT-zero-CoT,binary,EQIX,UP,,0.0,UP,,1,agreement
Ensemble-XGB+GPT-zero-CoT,binary,ETN,UP,UP,0.6053839325904846,UP,UP,3,majority
Ensemble-XGB+GPT-zero-CoT,binary,FCX,UP,DOWN,0.6320085525512695,UP,UP,3,majority
Ensemble-XGB+GPT-zero-CoT,binary,FDX,DOWN,DOWN,0.5247286558151245,DOWN,UP,3,majority
Ensemble-XGB+GPT-zero-CoT,binary,GE,UP,UP,0.7309054732322693,UP,UP,3,majority
Ensemble-XGB+GPT-zero-CoT,binary,GEV,UP,UP,0.6856281161308289,UP,UP,3,majority
Ensemble-XGB+GPT-zero-CoT,binary,GILD,UP,UP,0.9286519885063172,UP,UP,3,majority
Ensemble-XGB+GPT-zero-CoT,binary,GOOGL,UP,UP,0.6446284651756287,UP,UP,3,majority
Ensemble-XGB+GPT-zero-CoT,binary,GS,UP,UP,0.6232287287712097,UP,UP,3,majority
Ensemble-XGB+GPT-zero-CoT,binary,HD,UP,UP,0.7111341953277588,DOWN,UP,3,majority
Ensemble-XGB+GPT-zero-CoT,binary,HON,UP,UP,0.5613176226615906,UP,UP,3,majority
Ensemble-XGB+GPT-zero-CoT,binary,HWM,UP,UP,0.5964716672897339,UP,UP,3,majority
Ensemble-XGB+GPT-zero-CoT,binary,INTC,UP,UP,0.5381876826286316,DOWN,UP,3,majority
Ensemble-XGB+GPT-zero-CoT,binary,ISRG,UP,UP,0.7268702983856201,UP,UP,3,majority
Ensemble-XGB+GPT-zero-CoT,binary,JNJ,UP,,0.0,UP,,1,agreement
Ensemble-XGB+GPT-zero-CoT,binary,JPM,DOWN,UP,0.6405598521232605,DOWN,DOWN,3,majority
Ensemble-XGB+GPT-zero-CoT,binary,KLAC,UP,DOWN,0.5375070571899414,UP,UP,3,majority
Ensemble-XGB+GPT-zero-CoT,binary,KO,UP,,0.0,UP,,1,agreement
Ensemble-XGB+GPT-zero-CoT,binary,LIN,UP,UP,0.8774190545082092,DOWN,UP,3,majority
Ensemble-XGB+GPT-zero-CoT,binary,LLY,UP,UP,0.5873882174491882,UP,UP,3,majority
Ensemble-XGB+GPT-zero-CoT,binary,LMT,UP,DOWN,0.6052002906799316,UP,UP,3,majority
Ensemble-XGB+GPT-zero-CoT,binary,LOW,UP,UP,0.7660863399505615,UP,UP,3,majority
Ensemble-XGB+GPT-zero-CoT,binary,LRCX,UP,DOWN,0.63125079870224,UP,UP,3,majority
Ensemble-XGB+GPT-zero-CoT,binary,MA,UP,,0.0,UP,,1,agreement
Ensemble-XGB+GPT-zero-CoT,binary,MAR,UP,UP,0.5250173807144165,DOWN,UP,3,majority
Ensemble-XGB+GPT-zero-CoT,binary,MCD,DOWN,DOWN,0.7197367548942566,DOWN,UP,3,majority
Ensemble-XGB+GPT-zero-CoT,binary,META,DOWN,DOWN,0.6595696210861206,DOWN,UP,3,majority
Ensemble-XGB+GPT-zero-CoT,binary,MO,UP,UP,0.6551470756530762,DOWN,UP,3,majority
Ensemble-XGB+GPT-zero-CoT,binary,MRK,DOWN,DOWN,0.6260300278663635,DOWN,UP,3,majority
Ensemble-XGB+GPT-zero-CoT,binary,MS,UP,UP,0.6507570147514343,UP,UP,3,majority
Ensemble-XGB+GPT-zero-CoT,binary,MSFT,UP,DOWN,0.6321649551391602,UP,UP,3,majority
Ensemble-XGB+GPT-zero-CoT,binary,MU,UP,DOWN,0.6786693334579468,UP,UP,3,majority
Ensemble-XGB+GPT-zero-CoT,binary,NEE,UP,UP,0.783471941947937,UP,UP,3,majority
Ensemble-XGB+GPT-zero-CoT,binary,NEM,UP,UP,0.8491896390914917,UP,UP,3,majority
Ensemble-XGB+GPT-zero-CoT,binary,NFLX,UP,UP,0.7272477149963379,UP,UP,3,majority
Ensemble-XGB+GPT-zero-CoT,binary,NVDA,UP,UP,0.6367442011833191,UP,UP,3,majority
Ensemble-XGB+GPT-zero-CoT,binary,ORCL,UP,UP,0.5721810460090637,UP,UP,3,majority
Ensemble-XGB+GPT-zero-CoT,binary,PEP,DOWN,DOWN,0.545039176940918,DOWN,UP,3,majority
Ensemble-XGB+GPT-zero-CoT,binary,PFE,UP,DOWN,0.8041144013404846,UP,UP,3,majority
Ensemble-XGB+GPT-zero-CoT,binary,PG,UP,UP,0.5833669304847717,DOWN,UP,3,majority
Ensemble-XGB+GPT-zero-CoT,binary,PH,UP,UP,0.6011568903923035,UP,UP,3,majority
Ensemble-XGB+GPT-zero-CoT,binary,PLD,UP,UP,0.8398150205612183,DOWN,UP,3,majority
Ensemble-XGB+GPT-zero-CoT,binary,PLTR,UP,UP,0.8458009362220764,UP,UP,3,majority
Ensemble-XGB+GPT-zero-CoT,binary,PM,UP,UP,0.6653205752372742,UP,UP,3,majority
Ensemble-XGB+GPT-zero-CoT,binary,PWR,UP,UP,0.8502388000488281,UP,UP,3,majority
Ensemble-XGB+GPT-zero-CoT,binary,RTX,UP,UP,0.7530930042266846,UP,UP,3,majority
Ensemble-XGB+GPT-zero-CoT,binary,SBUX,DOWN,DOWN,0.5679597854614258,DOWN,UP,3,majority
Ensemble-XGB+GPT-zero-CoT,binary,SCHW,UP,UP,0.7605741024017334,UP,UP,3,majority
Ensemble-XGB+GPT-zero-CoT,binary,SHW,UP,DOWN,0.6114580631256104,UP,UP,3,majority
Ensemble-XGB+GPT-zero-CoT,binary,SO,UP,,0.0,UP,,1,agreement
Ensemble-XGB+GPT-zero-CoT,binary,SPG,UP,DOWN,0.6277908086776733,UP,UP,3,majority
Ensemble-XGB+GPT-zero-CoT,binary,SPGI,UP,UP,0.5203769207000732,UP,UP,3,majority
Ensemble-XGB+GPT-zero-CoT,binary,SRE,UP,,0.0,UP,,1,agreement
Ensemble-XGB+GPT-zero-CoT,binary,SYK,UP,DOWN,0.7057185173034668,UP,UP,3,majority
Ensemble-XGB+GPT-zero-CoT,binary,TJX,DOWN,DOWN,0.5598067045211792,DOWN,UP,3,majority
Ensemble-XGB+GPT-zero-CoT,binary,TMO,UP,UP,0.7803909182548523,DOWN,UP,3,majority
Ensemble-XGB+GPT-zero-CoT,binary,TMUS,UP,UP,0.6211352348327637,UP,UP,3,majority
Ensemble-XGB+GPT-zero-CoT,binary,TSLA,DOWN,DOWN,0.6792675256729126,DOWN,UP,3,majority
Ensemble-XGB+GPT-zero-CoT,binary,TT,UP,DOWN,0.6365512609481812,UP,UP,3,majority
Ensemble-XGB+GPT-zero-CoT,binary,TXN,UP,UP,0.6786090135574341,UP,UP,3,majority
Ensemble-XGB+GPT-zero-CoT,binary,UBER,UP,DOWN,0.5912438631057739,UP,UP,3,majority
Ensemble-XGB+GPT-zero-CoT,binary,UNH,UP,UP,0.7993847727775574,DOWN,UP,3,majority
Ensemble-XGB+GPT-zero-CoT,binary,UNP,UP,UP,0.677431583404541,UP,UP,3,majority
Ensemble-XGB+GPT-zero-CoT,binary,V,UP,UP,0.6039298176765442,UP,UP,3,majority
Ensemble-XGB+GPT-zero-CoT,binary,WELL,UP,UP,0.6749137043952942,UP,UP,3,majority
Ensemble-XGB+GPT-zero-CoT,binary,WFC,UP,UP,0.8854357600212097,UP,UP,3,majority
Ensemble-XGB+GPT-zero-CoT,binary,WMB,UP,UP,0.694337010383606,UP,UP,3,majority
Ensemble-XGB+GPT-zero-CoT,binary,WMT,UP,UP,0.8366624712944031,UP,UP,3,majority
Ensemble-XGB+GPT-zero-CoT,binary,XOM,UP,,0.0,UP,,1,agreement
Ensemble-XGB+GPT-few,binary,AAPL,UP,UP,0.7113956809043884,UP,UP,3,majority
Ensemble-XGB+GPT-few,binary,ABBV,UP,UP,0.7918427586555481,UP,UP,3,majority
Ensemble-XGB+GPT-few,binary,ABNB,UP,UP,0.6341512799263,DOWN,UP,3,majority
Ensemble-XGB+GPT-few,binary,ABT,UP,UP,0.888501763343811,UP,UP,3,majority
Ensemble-XGB+GPT-few,binary,AEP,UP,,0.0,UP,,1,agreement
Ensemble-XGB+GPT-few,binary,AMAT,UP,UP,0.5874327421188354,UP,UP,3,majority
Ensemble-XGB+GPT-few,binary,AMD,UP,UP,0.7787294983863831,UP,UP,3,majority
Ensemble-XGB+GPT-few,binary,AMGN,UP,DOWN,0.9070791006088256,UP,UP,3,majority
Ensemble-XGB+GPT-few,binary,AMT,UP,UP,0.7178767323493958,UP,UP,3,majority
Ensemble-XGB+GPT-few,binary,AMZN,UP,,0.0,UP,,1,agreement
Ensemble-XGB+GPT-few,binary,APD,DOWN,,0.0,DOWN,,1,agreement
Ensemble-XGB+GPT-few,binary,AVGO,UP,UP,0.5212748646736145,UP,UP,3,majority
Ensemble-XGB+GPT-few,binary,AXP,UP,UP,0.7582918405532837,UP,UP,3,majority
Ensemble-XGB+GPT-few,binary,BA,UP,UP,0.8120792508125305,UP,UP,3,majority
Ensemble-XGB+GPT-few,binary,BAC,UP,UP,0.8269565105438232,UP,UP,3,majority
Ensemble-XGB+GPT-few,binary,BKNG,UP,UP,0.6602661609649658,UP,UP,3,majority
Ensemble-XGB+GPT-few,binary,BLK,UP,UP,0.7309955954551697,UP,UP,3,majority
Ensemble-XGB+GPT-few,binary,C,UP,UP,0.6292172074317932,UP,UP,3,majority
Ensemble-XGB+GPT-few,binary,CAT,UP,UP,0.7815836071968079,DOWN,UP,3,majority
Ensemble-XGB+GPT-few,binary,CB,UP,UP,0.7833603620529175,UP,UP,3,majority
Ensemble-XGB+GPT-few,binary,CEG,UP,DOWN,0.7239128351211548,UP,UP,3,majority
Ensemble-XGB+GPT-few,binary,COF,UP,DOWN,0.9312359094619752,UP,UP,3,majority
Ensemble-XGB+GPT-few,binary,COP,UP,UP,0.8557482361793518,UP,UP,3,majority
Ensemble-XGB+GPT-few,binary,COST,UP,UP,0.6970160603523254,UP,UP,3,majority
Ensemble-XGB+GPT-few,binary,CSCO,UP,DOWN,0.6394883394241333,UP,UP,3,majority
Ensemble-XGB+GPT-few,binary,CVX,UP,UP,0.6240411996841431,UP,UP,3,majority
Ensemble-XGB+GPT-few,binary,DE,UP,UP,0.8884698748588562,DOWN,UP,3,majority
Ensemble-XGB+GPT-few,binary,DHR,UP,UP,0.6525953412055969,UP,UP,3,majority
Ensemble-XGB+GPT-few,binary,DLR,UP,UP,0.5971041917800903,UP,UP,3,majority
Ensemble-XGB+GPT-few,binary,DUK,UP,UP,0.6333000659942627,UP,UP,3,majority
Ensemble-XGB+GPT-few,binary,ECL,UP,DOWN,0.7468106746673584,UP,UP,3,majority
Ensemble-XGB+GPT-few,binary,EQIX,UP,,0.0,UP,,1,agreement
Ensemble-XGB+GPT-few,binary,ETN,UP,UP,0.6053839325904846,UP,UP,3,majority
Ensemble-XGB+GPT-few,binary,FCX,UP,DOWN,0.6320085525512695,UP,UP,3,majority
Ensemble-XGB+GPT-few,binary,FDX,DOWN,DOWN,0.5247286558151245,DOWN,UP,3,majority
Ensemble-XGB+GPT-few,binary,GE,UP,UP,0.7309054732322693,UP,UP,3,majority
Ensemble-XGB+GPT-few,binary,GEV,UP,UP,0.6856281161308289,UP,UP,3,majority
Ensemble-XGB+GPT-few,binary,GILD,UP,UP,0.9286519885063172,UP,UP,3,majority
Ensemble-XGB+GPT-few,binary,GOOGL,UP,UP,0.6446284651756287,UP,UP,3,majority
Ensemble-XGB+GPT-few,binary,GS,UP,UP,0.6232287287712097,UP,UP,3,majority
Ensemble-XGB+GPT-few,binary,HD,UP,UP,0.7111341953277588,UP,UP,3,majority
Ensemble-XGB+GPT-few,binary,HON,UP,UP,0.5613176226615906,UP,UP,3,majority
Ensemble-XGB+GPT-few,binary,HWM,UP,UP,0.5964716672897339,UP,UP,3,majority
Ensemble-XGB+GPT-few,binary,INTC,UP,UP,0.5381876826286316,DOWN,UP,3,majority
Ensemble-XGB+GPT-few,binary,ISRG,UP,UP,0.7268702983856201,UP,UP,3,majority
Ensemble-XGB+GPT-few,binary,JNJ,UP,,0.0,UP,,1,agreement
Ensemble-XGB+GPT-few,binary,JPM,DOWN,UP,0.6405598521232605,DOWN,DOWN,3,majority
Ensemble-XGB+GPT-few,binary,KLAC,UP,DOWN,0.5375070571899414,UP,UP,3,majority
Ensemble-XGB+GPT-few,binary,KO,UP,,0.0,UP,,1,agreement
Ensemble-XGB+GPT-few,binary,LIN,UP,UP,0.8774190545082092,UP,UP,3,majority
Ensemble-XGB+GPT-few,binary,LLY,UP,UP,0.5873882174491882,UP,UP,3,majority
Ensemble-XGB+GPT-few,binary,LMT,UP,DOWN,0.6052002906799316,UP,UP,3,majority
Ensemble-XGB+GPT-few,binary,LOW,UP,UP,0.7660863399505615,UP,UP,3,majority
Ensemble-XGB+GPT-few,binary,LRCX,UP,DOWN,0.63125079870224,UP,UP,3,majority
Ensemble-XGB+GPT-few,binary,MA,UP,,0.0,UP,,1,agreement
Ensemble-XGB+GPT-few,binary,MAR,UP,UP,0.5250173807144165,DOWN,UP,3,majority
Ensemble-XGB+GPT-few,binary,MCD,DOWN,DOWN,0.7197367548942566,DOWN,UP,3,majority
Ensemble-XGB+GPT-few,binary,META,DOWN,DOWN,0.6595696210861206,DOWN,UP,3,majority
Ensemble-XGB+GPT-few,binary,MO,UP,UP,0.6551470756530762,UP,UP,3,majority
Ensemble-XGB+GPT-few,binary,MRK,UP,DOWN,0.6260300278663635,UP,UP,3,majority
Ensemble-XGB+GPT-few,binary,MS,UP,UP,0.6507570147514343,UP,UP,3,majority
Ensemble-XGB+GPT-few,binary,MSFT,UP,DOWN,0.6321649551391602,UP,UP,3,majority
Ensemble-XGB+GPT-few,binary,MU,UP,DOWN,0.6786693334579468,UP,UP,3,majority
Ensemble-XGB+GPT-few,binary,NEE,UP,UP,0.783471941947937,UP,UP,3,majority
Ensemble-XGB+GPT-few,binary,NEM,UP,UP,0.8491896390914917,UP,UP,3,majority
Ensemble-XGB+GPT-few,binary,NFLX,UP,UP,0.7272477149963379,UP,UP,3,majority
Ensemble-XGB+GPT-few,binary,NVDA,UP,UP,0.6367442011833191,UP,UP,3,majority
Ensemble-XGB+GPT-few,binary,ORCL,UP,UP,0.5721810460090637,UP,UP,3,majority
Ensemble-XGB+GPT-few,binary,PEP,DOWN,DOWN,0.545039176940918,DOWN,UP,3,majority
Ensemble-XGB+GPT-few,binary,PFE,UP,DOWN,0.8041144013404846,UP,UP,3,majority
Ensemble-XGB+GPT-few,binary,PG,UP,UP,0.5833669304847717,DOWN,UP,3,majority
Ensemble-XGB+GPT-few,binary,PH,UP,UP,0.6011568903923035,UP,UP,3,majority
Ensemble-XGB+GPT-few,binary,PLD,UP,UP,0.8398150205612183,UP,UP,3,majority
Ensemble-XGB+GPT-few,binary,PLTR,UP,UP,0.8458009362220764,UP,UP,3,majority
Ensemble-XGB+GPT-few,binary,PM,UP,UP,0.6653205752372742,UP,UP,3,majority
Ensemble-XGB+GPT-few,binary,PWR,UP,UP,0.8502388000488281,UP,UP,3,majority
Ensemble-XGB+GPT-few,binary,RTX,UP,UP,0.7530930042266846,UP,UP,3,majority
Ensemble-XGB+GPT-few,binary,SBUX,DOWN,DOWN,0.5679597854614258,DOWN,UP,3,majority
Ensemble-XGB+GPT-few,binary,SCHW,UP,UP,0.7605741024017334,UP,UP,3,majority
Ensemble-XGB+GPT-few,binary,SHW,UP,DOWN,0.6114580631256104,UP,UP,3,majority
Ensemble-XGB+GPT-few,binary,SO,UP,,0.0,UP,,1,agreement
Ensemble-XGB+GPT-few,binary,SPG,UP,DOWN,0.6277908086776733,UP,UP,3,majority
Ensemble-XGB+GPT-few,binary,SPGI,UP,UP,0.5203769207000732,DOWN,UP,3,majority
Ensemble-XGB+GPT-few,binary,SRE,UP,,0.0,UP,,1,agreement
Ensemble-XGB+GPT-few,binary,SYK,UP,DOWN,0.7057185173034668,UP,UP,3,majority
Ensemble-XGB+GPT-few,binary,TJX,UP,DOWN,0.5598067045211792,UP,UP,3,majority
Ensemble-XGB+GPT-few,binary,TMO,UP,UP,0.7803909182548523,DOWN,UP,3,majority
Ensemble-XGB+GPT-few,binary,TMUS,UP,UP,0.6211352348327637,UP,UP,3,majority
Ensemble-XGB+GPT-few,binary,TSLA,DOWN,DOWN,0.6792675256729126,DOWN,UP,3,majority
Ensemble-XGB+GPT-few,binary,TT,UP,DOWN,0.6365512609481812,UP,UP,3,majority
Ensemble-XGB+GPT-few,binary,TXN,UP,UP,0.6786090135574341,UP,UP,3,majority
Ensemble-XGB+GPT-few,binary,UBER,UP,DOWN,0.5912438631057739,UP,UP,3,majority
Ensemble-XGB+GPT-few,binary,UNH,UP,UP,0.7993847727775574,DOWN,UP,3,majority
Ensemble-XGB+GPT-few,binary,UNP,UP,UP,0.677431583404541,UP,UP,3,majority
Ensemble-XGB+GPT-few,binary,V,UP,UP,0.6039298176765442,UP,UP,3,majority
Ensemble-XGB+GPT-few,binary,WELL,UP,UP,0.6749137043952942,UP,UP,3,majority
Ensemble-XGB+GPT-few,binary,WFC,UP,UP,0.8854357600212097,UP,UP,3,majority
Ensemble-XGB+GPT-few,binary,WMB,UP,UP,0.694337010383606,UP,UP,3,majority
Ensemble-XGB+GPT-few,binary,WMT,UP,UP,0.8366624712944031,UP,UP,3,majority
Ensemble-XGB+GPT-few,binary,XOM,UP,,0.0,UP,,1,agreement
Ensemble-XGB+GPT-few-CoT,binary,AAPL,UP,UP,0.7113956809043884,UP,UP,3,majority
Ensemble-XGB+GPT-few-CoT,binary,ABBV,UP,UP,0.7918427586555481,UP,UP,3,majority
Ensemble-XGB+GPT-few-CoT,binary,ABNB,UP,UP,0.6341512799263,DOWN,UP,3,majority
Ensemble-XGB+GPT-few-CoT,binary,ABT,UP,UP,0.888501763343811,UP,UP,3,majority
Ensemble-XGB+GPT-few-CoT,binary,AEP,UP,,0.0,UP,,1,agreement
Ensemble-XGB+GPT-few-CoT,binary,AMAT,UP,UP,0.5874327421188354,UP,UP,3,majority
Ensemble-XGB+GPT-few-CoT,binary,AMD,UP,UP,0.7787294983863831,UP,UP,3,majority
Ensemble-XGB+GPT-few-CoT,binary,AMGN,UP,DOWN,0.9070791006088256,UP,UP,3,majority
Ensemble-XGB+GPT-few-CoT,binary,AMT,UP,UP,0.7178767323493958,UP,UP,3,majority
Ensemble-XGB+GPT-few-CoT,binary,AMZN,UP,,0.0,UP,,1,agreement
Ensemble-XGB+GPT-few-CoT,binary,APD,DOWN,,0.0,DOWN,,1,agreement
Ensemble-XGB+GPT-few-CoT,binary,AVGO,UP,UP,0.5212748646736145,UP,UP,3,majority
Ensemble-XGB+GPT-few-CoT,binary,AXP,UP,UP,0.7582918405532837,UP,UP,3,majority
Ensemble-XGB+GPT-few-CoT,binary,BA,UP,UP,0.8120792508125305,UP,UP,3,majority
Ensemble-XGB+GPT-few-CoT,binary,BAC,UP,UP,0.8269565105438232,UP,UP,3,majority
Ensemble-XGB+GPT-few-CoT,binary,BKNG,UP,UP,0.6602661609649658,UP,UP,3,majority
Ensemble-XGB+GPT-few-CoT,binary,BLK,UP,UP,0.7309955954551697,UP,UP,3,majority
Ensemble-XGB+GPT-few-CoT,binary,C,UP,UP,0.6292172074317932,UP,UP,3,majority
Ensemble-XGB+GPT-few-CoT,binary,CAT,UP,UP,0.7815836071968079,UP,UP,3,majority
Ensemble-XGB+GPT-few-CoT,binary,CB,UP,UP,0.7833603620529175,DOWN,UP,3,majority
Ensemble-XGB+GPT-few-CoT,binary,CEG,UP,DOWN,0.7239128351211548,UP,UP,3,majority
Ensemble-XGB+GPT-few-CoT,binary,COF,UP,DOWN,0.9312359094619752,UP,UP,3,majority
Ensemble-XGB+GPT-few-CoT,binary,COP,UP,UP,0.8557482361793518,UP,UP,3,majority
Ensemble-XGB+GPT-few-CoT,binary,COST,UP,UP,0.6970160603523254,UP,UP,3,majority
Ensemble-XGB+GPT-few-CoT,binary,CSCO,UP,DOWN,0.6394883394241333,UP,UP,3,majority
Ensemble-XGB+GPT-few-CoT,binary,CVX,UP,UP,0.6240411996841431,DOWN,UP,3,majority
Ensemble-XGB+GPT-few-CoT,binary,DE,UP,UP,0.8884698748588562,DOWN,UP,3,majority
Ensemble-XGB+GPT-few-CoT,binary,DHR,UP,UP,0.6525953412055969,UP,UP,3,majority
Ensemble-XGB+GPT-few-CoT,binary,DLR,UP,UP,0.5971041917800903,UP,UP,3,majority
Ensemble-XGB+GPT-few-CoT,binary,DUK,UP,UP,0.6333000659942627,UP,UP,3,majority
Ensemble-XGB+GPT-few-CoT,binary,ECL,UP,DOWN,0.7468106746673584,UP,UP,3,majority
Ensemble-XGB+GPT-few-CoT,binary,EQIX,UP,,0.0,UP,,1,agreement
Ensemble-XGB+GPT-few-CoT,binary,ETN,UP,UP,0.6053839325904846,UP,UP,3,majority
Ensemble-XGB+GPT-few-CoT,binary,FCX,UP,DOWN,0.6320085525512695,UP,UP,3,majority
Ensemble-XGB+GPT-few-CoT,binary,FDX,DOWN,DOWN,0.5247286558151245,DOWN,UP,3,majority
Ensemble-XGB+GPT-few-CoT,binary,GE,UP,UP,0.7309054732322693,UP,UP,3,majority
Ensemble-XGB+GPT-few-CoT,binary,GEV,UP,UP,0.6856281161308289,UP,UP,3,majority
Ensemble-XGB+GPT-few-CoT,binary,GILD,UP,UP,0.9286519885063172,DOWN,UP,3,majority
Ensemble-XGB+GPT-few-CoT,binary,GOOGL,UP,UP,0.6446284651756287,UP,UP,3,majority
Ensemble-XGB+GPT-few-CoT,binary,GS,UP,UP,0.6232287287712097,UP,UP,3,majority
Ensemble-XGB+GPT-few-CoT,binary,HD,UP,UP,0.7111341953277588,DOWN,UP,3,majority
Ensemble-XGB+GPT-few-CoT,binary,HON,UP,UP,0.5613176226615906,UP,UP,3,majority
Ensemble-XGB+GPT-few-CoT,binary,HWM,UP,UP,0.5964716672897339,UP,UP,3,majority
Ensemble-XGB+GPT-few-CoT,binary,INTC,UP,UP,0.5381876826286316,DOWN,UP,3,majority
Ensemble-XGB+GPT-few-CoT,binary,ISRG,UP,UP,0.7268702983856201,UP,UP,3,majority
Ensemble-XGB+GPT-few-CoT,binary,JNJ,UP,,0.0,UP,,1,agreement
Ensemble-XGB+GPT-few-CoT,binary,JPM,DOWN,UP,0.6405598521232605,DOWN,DOWN,3,majority
Ensemble-XGB+GPT-few-CoT,binary,KLAC,UP,DOWN,0.5375070571899414,UP,UP,3,majority
Ensemble-XGB+GPT-few-CoT,binary,KO,DOWN,,0.0,DOWN,,1,agreement
Ensemble-XGB+GPT-few-CoT,binary,LIN,UP,UP,0.8774190545082092,DOWN,UP,3,majority
Ensemble-XGB+GPT-few-CoT,binary,LLY,UP,UP,0.5873882174491882,UP,UP,3,majority
Ensemble-XGB+GPT-few-CoT,binary,LMT,UP,DOWN,0.6052002906799316,UP,UP,3,majority
Ensemble-XGB+GPT-few-CoT,binary,LOW,UP,UP,0.7660863399505615,UP,UP,3,majority
Ensemble-XGB+GPT-few-CoT,binary,LRCX,UP,DOWN,0.63125079870224,UP,UP,3,majority
Ensemble-XGB+GPT-few-CoT,binary,MA,UP,,0.0,UP,,1,agreement
Ensemble-XGB+GPT-few-CoT,binary,MAR,UP,UP,0.5250173807144165,DOWN,UP,3,majority
Ensemble-XGB+GPT-few-CoT,binary,MCD,DOWN,DOWN,0.7197367548942566,DOWN,UP,3,majority
Ensemble-XGB+GPT-few-CoT,binary,META,DOWN,DOWN,0.6595696210861206,DOWN,UP,3,majority
Ensemble-XGB+GPT-few-CoT,binary,MO,UP,UP,0.6551470756530762,DOWN,UP,3,majority
Ensemble-XGB+GPT-few-CoT,binary,MRK,DOWN,DOWN,0.6260300278663635,DOWN,UP,3,majority
Ensemble-XGB+GPT-few-CoT,binary,MS,UP,UP,0.6507570147514343,UP,UP,3,majority
Ensemble-XGB+GPT-few-CoT,binary,MSFT,UP,DOWN,0.6321649551391602,UP,UP,3,majority
Ensemble-XGB+GPT-few-CoT,binary,MU,UP,DOWN,0.6786693334579468,UP,UP,3,majority
Ensemble-XGB+GPT-few-CoT,binary,NEE,UP,UP,0.783471941947937,UP,UP,3,majority
Ensemble-XGB+GPT-few-CoT,binary,NEM,UP,UP,0.8491896390914917,UP,UP,3,majority
Ensemble-XGB+GPT-few-CoT,binary,NFLX,UP,UP,0.7272477149963379,UP,UP,3,majority
Ensemble-XGB+GPT-few-CoT,binary,NVDA,UP,UP,0.6367442011833191,DOWN,UP,3,majority
Ensemble-XGB+GPT-few-CoT,binary,ORCL,UP,UP,0.5721810460090637,UP,UP,3,majority
Ensemble-XGB+GPT-few-CoT,binary,PEP,DOWN,DOWN,0.545039176940918,DOWN,UP,3,majority
Ensemble-XGB+GPT-few-CoT,binary,PFE,UP,DOWN,0.8041144013404846,UP,UP,3,majority
Ensemble-XGB+GPT-few-CoT,binary,PG,UP,UP,0.5833669304847717,DOWN,UP,3,majority
Ensemble-XGB+GPT-few-CoT,binary,PH,UP,UP,0.6011568903923035,UP,UP,3,majority
Ensemble-XGB+GPT-few-CoT,binary,PLD,UP,UP,0.8398150205612183,DOWN,UP,3,majority
Ensemble-XGB+GPT-few-CoT,binary,PLTR,UP,UP,0.8458009362220764,UP,UP,3,majority
Ensemble-XGB+GPT-few-CoT,binary,PM,UP,UP,0.6653205752372742,UP,UP,3,majority
Ensemble-XGB+GPT-few-CoT,binary,PWR,UP,UP,0.8502388000488281,UP,UP,3,majority
Ensemble-XGB+GPT-few-CoT,binary,RTX,UP,UP,0.7530930042266846,UP,UP,3,majority
Ensemble-XGB+GPT-few-CoT,binary,SBUX,DOWN,DOWN,0.5679597854614258,DOWN,UP,3,majority
Ensemble-XGB+GPT-few-CoT,binary,SCHW,UP,UP,0.7605741024017334,UP,UP,3,majority
Ensemble-XGB+GPT-few-CoT,binary,SHW,UP,DOWN,0.6114580631256104,UP,UP,3,majority
Ensemble-XGB+GPT-few-CoT,binary,SO,UP,,0.0,UP,,1,agreement
Ensemble-XGB+GPT-few-CoT,binary,SPG,DOWN,DOWN,0.6277908086776733,DOWN,UP,3,majority
Ensemble-XGB+GPT-few-CoT,binary,SPGI,UP,UP,0.5203769207000732,UP,UP,3,majority
Ensemble-XGB+GPT-few-CoT,binary,SRE,UP,,0.0,UP,,1,agreement
Ensemble-XGB+GPT-few-CoT,binary,SYK,UP,DOWN,0.7057185173034668,UP,UP,3,majority
Ensemble-XGB+GPT-few-CoT,binary,TJX,DOWN,DOWN,0.5598067045211792,DOWN,UP,3,majority
Ensemble-XGB+GPT-few-CoT,binary,TMO,UP,UP,0.7803909182548523,DOWN,UP,3,majority
Ensemble-XGB+GPT-few-CoT,binary,TMUS,UP,UP,0.6211352348327637,UP,UP,3,majority
Ensemble-XGB+GPT-few-CoT,binary,TSLA,DOWN,DOWN,0.6792675256729126,DOWN,UP,3,majority
Ensemble-XGB+GPT-few-CoT,binary,TT,UP,DOWN,0.6365512609481812,UP,UP,3,majority
Ensemble-XGB+GPT-few-CoT,binary,TXN,UP,UP,0.6786090135574341,UP,UP,3,majority
Ensemble-XGB+GPT-few-CoT,binary,UBER,UP,DOWN,0.5912438631057739,UP,UP,3,majority
Ensemble-XGB+GPT-few-CoT,binary,UNH,UP,UP,0.7993847727775574,DOWN,UP,3,majority
Ensemble-XGB+GPT-few-CoT,binary,UNP,UP,UP,0.677431583404541,UP,UP,3,majority
Ensemble-XGB+GPT-few-CoT,binary,V,UP,UP,0.6039298176765442,UP,UP,3,majority
Ensemble-XGB+GPT-few-CoT,binary,WELL,UP,UP,0.6749137043952942,UP,UP,3,majority
Ensemble-XGB+GPT-few-CoT,binary,WFC,UP,UP,0.8854357600212097,DOWN,UP,3,majority
Ensemble-XGB+GPT-few-CoT,binary,WMB,UP,UP,0.694337010383606,UP,UP,3,majority
Ensemble-XGB+GPT-few-CoT,binary,WMT,UP,UP,0.8366624712944031,UP,UP,3,majority
Ensemble-XGB+GPT-few-CoT,binary,XOM,UP,,0.0,UP,,1,agreement
Ensemble-XGB+GPT-few-sector,binary,AAPL,UP,UP,0.7113956809043884,UP,UP,3,majority
Ensemble-XGB+GPT-few-sector,binary,ABBV,UP,UP,0.7918427586555481,UP,UP,3,majority
Ensemble-XGB+GPT-few-sector,binary,ABNB,UP,UP,0.6341512799263,UP,UP,3,majority
Ensemble-XGB+GPT-few-sector,binary,ABT,UP,UP,0.888501763343811,UP,UP,3,majority
Ensemble-XGB+GPT-few-sector,binary,AEP,UP,,0.0,UP,,1,agreement
Ensemble-XGB+GPT-few-sector,binary,AMAT,UP,UP,0.5874327421188354,UP,UP,3,majority
Ensemble-XGB+GPT-few-sector,binary,AMD,UP,UP,0.7787294983863831,UP,UP,3,majority
Ensemble-XGB+GPT-few-sector,binary,AMGN,UP,DOWN,0.9070791006088256,UP,UP,3,majority
Ensemble-XGB+GPT-few-sector,binary,AMT,UP,UP,0.7178767323493958,UP,UP,3,majority
Ensemble-XGB+GPT-few-sector,binary,AMZN,UP,,0.0,UP,,1,agreement
Ensemble-XGB+GPT-few-sector,binary,APD,DOWN,,0.0,DOWN,,1,agreement
Ensemble-XGB+GPT-few-sector,binary,AVGO,UP,UP,0.5212748646736145,UP,UP,3,majority
Ensemble-XGB+GPT-few-sector,binary,AXP,UP,UP,0.7582918405532837,UP,UP,3,majority
Ensemble-XGB+GPT-few-sector,binary,BA,UP,UP,0.8120792508125305,UP,UP,3,majority
Ensemble-XGB+GPT-few-sector,binary,BAC,UP,UP,0.8269565105438232,UP,UP,3,majority
Ensemble-XGB+GPT-few-sector,binary,BKNG,UP,UP,0.6602661609649658,UP,UP,3,majority
Ensemble-XGB+GPT-few-sector,binary,BLK,UP,UP,0.7309955954551697,UP,UP,3,majority
Ensemble-XGB+GPT-few-sector,binary,C,UP,UP,0.6292172074317932,UP,UP,3,majority
Ensemble-XGB+GPT-few-sector,binary,CAT,UP,UP,0.7815836071968079,DOWN,UP,3,majority
Ensemble-XGB+GPT-few-sector,binary,CB,UP,UP,0.7833603620529175,UP,UP,3,majority
Ensemble-XGB+GPT-few-sector,binary,CEG,UP,DOWN,0.7239128351211548,UP,UP,3,majority
Ensemble-XGB+GPT-few-sector,binary,COF,UP,DOWN,0.9312359094619752,UP,UP,3,majority
Ensemble-XGB+GPT-few-sector,binary,COP,UP,UP,0.8557482361793518,UP,UP,3,majority
Ensemble-XGB+GPT-few-sector,binary,COST,UP,UP,0.6970160603523254,UP,UP,3,majority
Ensemble-XGB+GPT-few-sector,binary,CSCO,UP,DOWN,0.6394883394241333,UP,UP,3,majority
Ensemble-XGB+GPT-few-sector,binary,CVX,UP,UP,0.6240411996841431,UP,UP,3,majority
Ensemble-XGB+GPT-few-sector,binary,DE,UP,UP,0.8884698748588562,DOWN,UP,3,majority
Ensemble-XGB+GPT-few-sector,binary,DHR,UP,UP,0.6525953412055969,UP,UP,3,majority
Ensemble-XGB+GPT-few-sector,binary,DLR,UP,UP,0.5971041917800903,UP,UP,3,majority
Ensemble-XGB+GPT-few-sector,binary,DUK,UP,UP,0.6333000659942627,UP,UP,3,majority
Ensemble-XGB+GPT-few-sector,binary,ECL,UP,DOWN,0.7468106746673584,UP,UP,3,majority
Ensemble-XGB+GPT-few-sector,binary,EQIX,UP,,0.0,UP,,1,agreement
Ensemble-XGB+GPT-few-sector,binary,ETN,UP,UP,0.6053839325904846,UP,UP,3,majority
Ensemble-XGB+GPT-few-sector,binary,FCX,UP,DOWN,0.6320085525512695,UP,UP,3,majority
Ensemble-XGB+GPT-few-sector,binary,FDX,DOWN,DOWN,0.5247286558151245,DOWN,UP,3,majority
Ensemble-XGB+GPT-few-sector,binary,GE,UP,UP,0.7309054732322693,UP,UP,3,majority
Ensemble-XGB+GPT-few-sector,binary,GEV,UP,UP,0.6856281161308289,UP,UP,3,majority
Ensemble-XGB+GPT-few-sector,binary,GILD,UP,UP,0.9286519885063172,UP,UP,3,majority
Ensemble-XGB+GPT-few-sector,binary,GOOGL,UP,UP,0.6446284651756287,UP,UP,3,majority
Ensemble-XGB+GPT-few-sector,binary,GS,UP,UP,0.6232287287712097,UP,UP,3,majority
Ensemble-XGB+GPT-few-sector,binary,HD,UP,UP,0.7111341953277588,UP,UP,3,majority
Ensemble-XGB+GPT-few-sector,binary,HON,UP,UP,0.5613176226615906,UP,UP,3,majority
Ensemble-XGB+GPT-few-sector,binary,HWM,UP,UP,0.5964716672897339,UP,UP,3,majority
Ensemble-XGB+GPT-few-sector,binary,INTC,UP,UP,0.5381876826286316,DOWN,UP,3,majority
Ensemble-XGB+GPT-few-sector,binary,ISRG,UP,UP,0.7268702983856201,UP,UP,3,majority
Ensemble-XGB+GPT-few-sector,binary,JNJ,UP,,0.0,UP,,1,agreement
Ensemble-XGB+GPT-few-sector,binary,JPM,DOWN,UP,0.6405598521232605,DOWN,DOWN,3,majority
Ensemble-XGB+GPT-few-sector,binary,KLAC,UP,DOWN,0.5375070571899414,UP,UP,3,majority
Ensemble-XGB+GPT-few-sector,binary,KO,UP,,0.0,UP,,1,agreement
Ensemble-XGB+GPT-few-sector,binary,LIN,UP,UP,0.8774190545082092,DOWN,UP,3,majority
Ensemble-XGB+GPT-few-sector,binary,LLY,UP,UP,0.5873882174491882,UP,UP,3,majority
Ensemble-XGB+GPT-few-sector,binary,LMT,UP,DOWN,0.6052002906799316,UP,UP,3,majority
Ensemble-XGB+GPT-few-sector,binary,LOW,UP,UP,0.7660863399505615,UP,UP,3,majority
Ensemble-XGB+GPT-few-sector,binary,LRCX,UP,DOWN,0.63125079870224,UP,UP,3,majority
Ensemble-XGB+GPT-few-sector,binary,MA,UP,,0.0,UP,,1,agreement
Ensemble-XGB+GPT-few-sector,binary,MAR,UP,UP,0.5250173807144165,DOWN,UP,3,majority
Ensemble-XGB+GPT-few-sector,binary,MCD,DOWN,DOWN,0.7197367548942566,DOWN,UP,3,majority
Ensemble-XGB+GPT-few-sector,binary,META,DOWN,DOWN,0.6595696210861206,DOWN,UP,3,majority
Ensemble-XGB+GPT-few-sector,binary,MO,UP,UP,0.6551470756530762,UP,UP,3,majority
Ensemble-XGB+GPT-few-sector,binary,MRK,UP,DOWN,0.6260300278663635,UP,UP,3,majority
Ensemble-XGB+GPT-few-sector,binary,MS,UP,UP,0.6507570147514343,UP,UP,3,majority
Ensemble-XGB+GPT-few-sector,binary,MSFT,UP,DOWN,0.6321649551391602,UP,UP,3,majority
Ensemble-XGB+GPT-few-sector,binary,MU,UP,DOWN,0.6786693334579468,UP,UP,3,majority
Ensemble-XGB+GPT-few-sector,binary,NEE,UP,UP,0.783471941947937,UP,UP,3,majority
Ensemble-XGB+GPT-few-sector,binary,NEM,UP,UP,0.8491896390914917,UP,UP,3,majority
Ensemble-XGB+GPT-few-sector,binary,NFLX,UP,UP,0.7272477149963379,UP,UP,3,majority
Ensemble-XGB+GPT-few-sector,binary,NVDA,UP,UP,0.6367442011833191,UP,UP,3,majority
Ensemble-XGB+GPT-few-sector,binary,ORCL,UP,UP,0.5721810460090637,UP,UP,3,majority
Ensemble-XGB+GPT-few-sector,binary,PEP,DOWN,DOWN,0.545039176940918,DOWN,UP,3,majority
Ensemble-XGB+GPT-few-sector,binary,PFE,UP,DOWN,0.8041144013404846,UP,UP,3,majority
Ensemble-XGB+GPT-few-sector,binary,PG,UP,UP,0.5833669304847717,DOWN,UP,3,majority
Ensemble-XGB+GPT-few-sector,binary,PH,UP,UP,0.6011568903923035,UP,UP,3,majority
Ensemble-XGB+GPT-few-sector,binary,PLD,UP,UP,0.8398150205612183,UP,UP,3,majority
Ensemble-XGB+GPT-few-sector,binary,PLTR,UP,UP,0.8458009362220764,UP,UP,3,majority
Ensemble-XGB+GPT-few-sector,binary,PM,UP,UP,0.6653205752372742,UP,UP,3,majority
Ensemble-XGB+GPT-few-sector,binary,PWR,UP,UP,0.8502388000488281,UP,UP,3,majority
Ensemble-XGB+GPT-few-sector,binary,RTX,UP,UP,0.7530930042266846,UP,UP,3,majority
Ensemble-XGB+GPT-few-sector,binary,SBUX,DOWN,DOWN,0.5679597854614258,DOWN,UP,3,majority
Ensemble-XGB+GPT-few-sector,binary,SCHW,UP,UP,0.7605741024017334,UP,UP,3,majority
Ensemble-XGB+GPT-few-sector,binary,SHW,UP,DOWN,0.6114580631256104,UP,UP,3,majority
Ensemble-XGB+GPT-few-sector,binary,SO,UP,,0.0,UP,,1,agreement
Ensemble-XGB+GPT-few-sector,binary,SPG,UP,DOWN,0.6277908086776733,UP,UP,3,majority
Ensemble-XGB+GPT-few-sector,binary,SPGI,UP,UP,0.5203769207000732,DOWN,UP,3,majority
Ensemble-XGB+GPT-few-sector,binary,SRE,UP,,0.0,UP,,1,agreement
Ensemble-XGB+GPT-few-sector,binary,SYK,UP,DOWN,0.7057185173034668,UP,UP,3,majority
Ensemble-XGB+GPT-few-sector,binary,TJX,UP,DOWN,0.5598067045211792,UP,UP,3,majority
Ensemble-XGB+GPT-few-sector,binary,TMO,UP,UP,0.7803909182548523,DOWN,UP,3,majority
Ensemble-XGB+GPT-few-sector,binary,TMUS,UP,UP,0.6211352348327637,UP,UP,3,majority
Ensemble-XGB+GPT-few-sector,binary,TSLA,DOWN,DOWN,0.6792675256729126,DOWN,UP,3,majority
Ensemble-XGB+GPT-few-sector,binary,TT,UP,DOWN,0.6365512609481812,UP,UP,3,majority
Ensemble-XGB+GPT-few-sector,binary,TXN,UP,UP,0.6786090135574341,UP,UP,3,majority
Ensemble-XGB+GPT-few-sector,binary,UBER,UP,DOWN,0.5912438631057739,UP,UP,3,majority
Ensemble-XGB+GPT-few-sector,binary,UNH,UP,UP,0.7993847727775574,DOWN,UP,3,majority
Ensemble-XGB+GPT-few-sector,binary,UNP,UP,UP,0.677431583404541,UP,UP,3,majority
Ensemble-XGB+GPT-few-sector,binary,V,UP,UP,0.6039298176765442,UP,UP,3,majority
Ensemble-XGB+GPT-few-sector,binary,WELL,UP,UP,0.6749137043952942,UP,UP,3,majority
Ensemble-XGB+GPT-few-sector,binary,WFC,UP,UP,0.8854357600212097,UP,UP,3,majority
Ensemble-XGB+GPT-few-sector,binary,WMB,UP,UP,0.694337010383606,UP,UP,3,majority
Ensemble-XGB+GPT-few-sector,binary,WMT,UP,UP,0.8366624712944031,UP,UP,3,majority
Ensemble-XGB+GPT-few-sector,binary,XOM,UP,,0.0,UP,,1,agreement
Ensemble-XGB+GPT-few-CoT-sector,binary,AAPL,UP,UP,0.7113956809043884,UP,UP,3,majority
Ensemble-XGB+GPT-few-CoT-sector,binary,ABBV,UP,UP,0.7918427586555481,UP,UP,3,majority
Ensemble-XGB+GPT-few-CoT-sector,binary,ABNB,UP,UP,0.6341512799263,UP,UP,3,majority
Ensemble-XGB+GPT-few-CoT-sector,binary,ABT,UP,UP,0.888501763343811,UP,UP,3,majority
Ensemble-XGB+GPT-few-CoT-sector,binary,AEP,UP,,0.0,UP,,1,agreement
Ensemble-XGB+GPT-few-CoT-sector,binary,AMAT,UP,UP,0.5874327421188354,UP,UP,3,majority
Ensemble-XGB+GPT-few-CoT-sector,binary,AMD,UP,UP,0.7787294983863831,UP,UP,3,majority
Ensemble-XGB+GPT-few-CoT-sector,binary,AMGN,UP,DOWN,0.9070791006088256,UP,UP,3,majority
Ensemble-XGB+GPT-few-CoT-sector,binary,AMT,UP,UP,0.7178767323493958,UP,UP,3,majority
Ensemble-XGB+GPT-few-CoT-sector,binary,AMZN,UP,,0.0,UP,,1,agreement
Ensemble-XGB+GPT-few-CoT-sector,binary,APD,DOWN,,0.0,DOWN,,1,agreement
Ensemble-XGB+GPT-few-CoT-sector,binary,AVGO,UP,UP,0.5212748646736145,UP,UP,3,majority
Ensemble-XGB+GPT-few-CoT-sector,binary,AXP,UP,UP,0.7582918405532837,UP,UP,3,majority
Ensemble-XGB+GPT-few-CoT-sector,binary,BA,UP,UP,0.8120792508125305,UP,UP,3,majority
Ensemble-XGB+GPT-few-CoT-sector,binary,BAC,UP,UP,0.8269565105438232,UP,UP,3,majority
Ensemble-XGB+GPT-few-CoT-sector,binary,BKNG,UP,UP,0.6602661609649658,UP,UP,3,majority
Ensemble-XGB+GPT-few-CoT-sector,binary,BLK,UP,UP,0.7309955954551697,UP,UP,3,majority
Ensemble-XGB+GPT-few-CoT-sector,binary,C,UP,UP,0.6292172074317932,UP,UP,3,majority
Ensemble-XGB+GPT-few-CoT-sector,binary,CAT,UP,UP,0.7815836071968079,DOWN,UP,3,majority
Ensemble-XGB+GPT-few-CoT-sector,binary,CB,UP,UP,0.7833603620529175,UP,UP,3,majority
Ensemble-XGB+GPT-few-CoT-sector,binary,CEG,UP,DOWN,0.7239128351211548,UP,UP,3,majority
Ensemble-XGB+GPT-few-CoT-sector,binary,COF,UP,DOWN,0.9312359094619752,UP,UP,3,majority
Ensemble-XGB+GPT-few-CoT-sector,binary,COP,UP,UP,0.8557482361793518,UP,UP,3,majority
Ensemble-XGB+GPT-few-CoT-sector,binary,COST,UP,UP,0.6970160603523254,UP,UP,3,majority
Ensemble-XGB+GPT-few-CoT-sector,binary,CSCO,UP,DOWN,0.6394883394241333,UP,UP,3,majority
Ensemble-XGB+GPT-few-CoT-sector,binary,CVX,UP,UP,0.6240411996841431,UP,UP,3,majority
Ensemble-XGB+GPT-few-CoT-sector,binary,DE,UP,UP,0.8884698748588562,DOWN,UP,3,majority
Ensemble-XGB+GPT-few-CoT-sector,binary,DHR,UP,UP,0.6525953412055969,UP,UP,3,majority
Ensemble-XGB+GPT-few-CoT-sector,binary,DLR,UP,UP,0.5971041917800903,UP,UP,3,majority
Ensemble-XGB+GPT-few-CoT-sector,binary,DUK,UP,UP,0.6333000659942627,UP,UP,3,majority
Ensemble-XGB+GPT-few-CoT-sector,binary,ECL,UP,DOWN,0.7468106746673584,UP,UP,3,majority
Ensemble-XGB+GPT-few-CoT-sector,binary,EQIX,UP,,0.0,UP,,1,agreement
Ensemble-XGB+GPT-few-CoT-sector,binary,ETN,UP,UP,0.6053839325904846,UP,UP,3,majority
Ensemble-XGB+GPT-few-CoT-sector,binary,FCX,UP,DOWN,0.6320085525512695,UP,UP,3,majority
Ensemble-XGB+GPT-few-CoT-sector,binary,FDX,DOWN,DOWN,0.5247286558151245,DOWN,UP,3,majority
Ensemble-XGB+GPT-few-CoT-sector,binary,GE,UP,UP,0.7309054732322693,UP,UP,3,majority
Ensemble-XGB+GPT-few-CoT-sector,binary,GEV,UP,UP,0.6856281161308289,UP,UP,3,majority
Ensemble-XGB+GPT-few-CoT-sector,binary,GILD,UP,UP,0.9286519885063172,UP,UP,3,majority
Ensemble-XGB+GPT-few-CoT-sector,binary,GOOGL,UP,UP,0.6446284651756287,UP,UP,3,majority
Ensemble-XGB+GPT-few-CoT-sector,binary,GS,UP,UP,0.6232287287712097,UP,UP,3,majority
Ensemble-XGB+GPT-few-CoT-sector,binary,HD,UP,UP,0.7111341953277588,DOWN,UP,3,majority
Ensemble-XGB+GPT-few-CoT-sector,binary,HON,UP,UP,0.5613176226615906,UP,UP,3,majority
Ensemble-XGB+GPT-few-CoT-sector,binary,HWM,UP,UP,0.5964716672897339,UP,UP,3,majority
Ensemble-XGB+GPT-few-CoT-sector,binary,INTC,UP,UP,0.5381876826286316,DOWN,UP,3,majority
Ensemble-XGB+GPT-few-CoT-sector,binary,ISRG,UP,UP,0.7268702983856201,UP,UP,3,majority
Ensemble-XGB+GPT-few-CoT-sector,binary,JNJ,UP,,0.0,UP,,1,agreement
Ensemble-XGB+GPT-few-CoT-sector,binary,JPM,DOWN,UP,0.6405598521232605,DOWN,DOWN,3,majority
Ensemble-XGB+GPT-few-CoT-sector,binary,KLAC,UP,DOWN,0.5375070571899414,UP,UP,3,majority
Ensemble-XGB+GPT-few-CoT-sector,binary,KO,UP,,0.0,UP,,1,agreement
Ensemble-XGB+GPT-few-CoT-sector,binary,LIN,UP,UP,0.8774190545082092,DOWN,UP,3,majority
Ensemble-XGB+GPT-few-CoT-sector,binary,LLY,UP,UP,0.5873882174491882,UP,UP,3,majority
Ensemble-XGB+GPT-few-CoT-sector,binary,LMT,UP,DOWN,0.6052002906799316,UP,UP,3,majority
Ensemble-XGB+GPT-few-CoT-sector,binary,LOW,UP,UP,0.7660863399505615,UP,UP,3,majority
Ensemble-XGB+GPT-few-CoT-sector,binary,LRCX,UP,DOWN,0.63125079870224,UP,UP,3,majority
Ensemble-XGB+GPT-few-CoT-sector,binary,MA,UP,,0.0,UP,,1,agreement
Ensemble-XGB+GPT-few-CoT-sector,binary,MAR,UP,UP,0.5250173807144165,DOWN,UP,3,majority
Ensemble-XGB+GPT-few-CoT-sector,binary,MCD,DOWN,DOWN,0.7197367548942566,DOWN,UP,3,majority
Ensemble-XGB+GPT-few-CoT-sector,binary,META,UP,DOWN,0.6595696210861206,UP,UP,3,majority
Ensemble-XGB+GPT-few-CoT-sector,binary,MO,UP,UP,0.6551470756530762,UP,UP,3,majority
Ensemble-XGB+GPT-few-CoT-sector,binary,MRK,UP,DOWN,0.6260300278663635,UP,UP,3,majority
Ensemble-XGB+GPT-few-CoT-sector,binary,MS,UP,UP,0.6507570147514343,UP,UP,3,majority
Ensemble-XGB+GPT-few-CoT-sector,binary,MSFT,UP,DOWN,0.6321649551391602,UP,UP,3,majority
Ensemble-XGB+GPT-few-CoT-sector,binary,MU,UP,DOWN,0.6786693334579468,UP,UP,3,majority
Ensemble-XGB+GPT-few-CoT-sector,binary,NEE,UP,UP,0.783471941947937,UP,UP,3,majority
Ensemble-XGB+GPT-few-CoT-sector,binary,NEM,UP,UP,0.8491896390914917,UP,UP,3,majority
Ensemble-XGB+GPT-few-CoT-sector,binary,NFLX,UP,UP,0.7272477149963379,UP,UP,3,majority
Ensemble-XGB+GPT-few-CoT-sector,binary,NVDA,UP,UP,0.6367442011833191,UP,UP,3,majority
Ensemble-XGB+GPT-few-CoT-sector,binary,ORCL,UP,UP,0.5721810460090637,UP,UP,3,majority
Ensemble-XGB+GPT-few-CoT-sector,binary,PEP,DOWN,DOWN,0.545039176940918,DOWN,UP,3,majority
Ensemble-XGB+GPT-few-CoT-sector,binary,PFE,UP,DOWN,0.8041144013404846,UP,UP,3,majority
Ensemble-XGB+GPT-few-CoT-sector,binary,PG,UP,UP,0.5833669304847717,DOWN,UP,3,majority
Ensemble-XGB+GPT-few-CoT-sector,binary,PH,UP,UP,0.6011568903923035,UP,UP,3,majority
Ensemble-XGB+GPT-few-CoT-sector,binary,PLD,UP,UP,0.8398150205612183,UP,UP,3,majority
Ensemble-XGB+GPT-few-CoT-sector,binary,PLTR,UP,UP,0.8458009362220764,UP,UP,3,majority
Ensemble-XGB+GPT-few-CoT-sector,binary,PM,UP,UP,0.6653205752372742,UP,UP,3,majority
Ensemble-XGB+GPT-few-CoT-sector,binary,PWR,UP,UP,0.8502388000488281,UP,UP,3,majority
Ensemble-XGB+GPT-few-CoT-sector,binary,RTX,UP,UP,0.7530930042266846,UP,UP,3,majority
Ensemble-XGB+GPT-few-CoT-sector,binary,SBUX,DOWN,DOWN,0.5679597854614258,DOWN,UP,3,majority
Ensemble-XGB+GPT-few-CoT-sector,binary,SCHW,UP,UP,0.7605741024017334,UP,UP,3,majority
Ensemble-XGB+GPT-few-CoT-sector,binary,SHW,UP,DOWN,0.6114580631256104,UP,UP,3,majority
Ensemble-XGB+GPT-few-CoT-sector,binary,SO,UP,,0.0,UP,,1,agreement
Ensemble-XGB+GPT-few-CoT-sector,binary,SPG,UP,DOWN,0.6277908086776733,UP,UP,3,majority
Ensemble-XGB+GPT-few-CoT-sector,binary,SPGI,UP,UP,0.5203769207000732,UP,UP,3,majority
Ensemble-XGB+GPT-few-CoT-sector,binary,SRE,UP,,0.0,UP,,1,agreement
Ensemble-XGB+GPT-few-CoT-sector,binary,SYK,UP,DOWN,0.7057185173034668,UP,UP,3,majority
Ensemble-XGB+GPT-few-CoT-sector,binary,TJX,UP,DOWN,0.5598067045211792,UP,UP,3,majority
Ensemble-XGB+GPT-few-CoT-sector,binary,TMO,UP,UP,0.7803909182548523,DOWN,UP,3,majority
Ensemble-XGB+GPT-few-CoT-sector,binary,TMUS,UP,UP,0.6211352348327637,UP,UP,3,majority
Ensemble-XGB+GPT-few-CoT-sector,binary,TSLA,DOWN,DOWN,0.6792675256729126,DOWN,UP,3,majority
Ensemble-XGB+GPT-few-CoT-sector,binary,TT,UP,DOWN,0.6365512609481812,UP,UP,3,majority
Ensemble-XGB+GPT-few-CoT-sector,binary,TXN,UP,UP,0.6786090135574341,UP,UP,3,majority
Ensemble-XGB+GPT-few-CoT-sector,binary,UBER,UP,DOWN,0.5912438631057739,UP,UP,3,majority
Ensemble-XGB+GPT-few-CoT-sector,binary,UNH,UP,UP,0.7993847727775574,DOWN,UP,3,majority
Ensemble-XGB+GPT-few-CoT-sector,binary,UNP,UP,UP,0.677431583404541,UP,UP,3,majority
Ensemble-XGB+GPT-few-CoT-sector,binary,V,UP,UP,0.6039298176765442,UP,UP,3,majority
Ensemble-XGB+GPT-few-CoT-sector,binary,WELL,UP,UP,0.6749137043952942,UP,UP,3,majority
Ensemble-XGB+GPT-few-CoT-sector,binary,WFC,UP,UP,0.8854357600212097,UP,UP,3,majority
Ensemble-XGB+GPT-few-CoT-sector,binary,WMB,UP,UP,0.694337010383606,UP,UP,3,majority
Ensemble-XGB+GPT-few-CoT-sector,binary,WMT,UP,UP,0.8366624712944031,UP,UP,3,majority
Ensemble-XGB+GPT-few-CoT-sector,binary,XOM,UP,,0.0,UP,,1,agreement
Ensemble-XGB+GPT-rag-few,binary,AAPL,UP,UP,0.7113956809043884,UP,UP,3,majority
Ensemble-XGB+GPT-rag-few,binary,ABBV,UP,UP,0.7918427586555481,UP,UP,3,majority
Ensemble-XGB+GPT-rag-few,binary,ABNB,UP,UP,0.6341512799263,UP,UP,3,majority
Ensemble-XGB+GPT-rag-few,binary,ABT,UP,UP,0.888501763343811,UP,UP,3,majority
Ensemble-XGB+GPT-rag-few,binary,AEP,UP,,0.0,UP,,1,agreement
Ensemble-XGB+GPT-rag-few,binary,AMAT,UP,UP,0.5874327421188354,UP,UP,3,majority
Ensemble-XGB+GPT-rag-few,binary,AMD,UP,UP,0.7787294983863831,UP,UP,3,majority
Ensemble-XGB+GPT-rag-few,binary,AMGN,UP,DOWN,0.9070791006088256,UP,UP,3,majority
Ensemble-XGB+GPT-rag-few,binary,AMT,UP,UP,0.7178767323493958,UP,UP,3,majority
Ensemble-XGB+GPT-rag-few,binary,AMZN,UP,,0.0,UP,,1,agreement
Ensemble-XGB+GPT-rag-few,binary,APD,DOWN,,0.0,DOWN,,1,agreement
Ensemble-XGB+GPT-rag-few,binary,AVGO,UP,UP,0.5212748646736145,UP,UP,3,majority
Ensemble-XGB+GPT-rag-few,binary,AXP,UP,UP,0.7582918405532837,UP,UP,3,majority
Ensemble-XGB+GPT-rag-few,binary,BA,UP,UP,0.8120792508125305,UP,UP,3,majority
Ensemble-XGB+GPT-rag-few,binary,BAC,UP,UP,0.8269565105438232,UP,UP,3,majority
Ensemble-XGB+GPT-rag-few,binary,BKNG,UP,UP,0.6602661609649658,UP,UP,3,majority
Ensemble-XGB+GPT-rag-few,binary,BLK,UP,UP,0.7309955954551697,UP,UP,3,majority
Ensemble-XGB+GPT-rag-few,binary,C,UP,UP,0.6292172074317932,UP,UP,3,majority
Ensemble-XGB+GPT-rag-few,binary,CAT,UP,UP,0.7815836071968079,DOWN,UP,3,majority
Ensemble-XGB+GPT-rag-few,binary,CB,UP,UP,0.7833603620529175,UP,UP,3,majority
Ensemble-XGB+GPT-rag-few,binary,CEG,UP,DOWN,0.7239128351211548,UP,UP,3,majority
Ensemble-XGB+GPT-rag-few,binary,COF,UP,DOWN,0.9312359094619752,UP,UP,3,majority
Ensemble-XGB+GPT-rag-few,binary,COP,UP,UP,0.8557482361793518,UP,UP,3,majority
Ensemble-XGB+GPT-rag-few,binary,COST,UP,UP,0.6970160603523254,UP,UP,3,majority
Ensemble-XGB+GPT-rag-few,binary,CSCO,UP,DOWN,0.6394883394241333,UP,UP,3,majority
Ensemble-XGB+GPT-rag-few,binary,CVX,UP,UP,0.6240411996841431,UP,UP,3,majority
Ensemble-XGB+GPT-rag-few,binary,DE,UP,UP,0.8884698748588562,DOWN,UP,3,majority
Ensemble-XGB+GPT-rag-few,binary,DHR,UP,UP,0.6525953412055969,UP,UP,3,majority
Ensemble-XGB+GPT-rag-few,binary,DLR,UP,UP,0.5971041917800903,UP,UP,3,majority
Ensemble-XGB+GPT-rag-few,binary,DUK,UP,UP,0.6333000659942627,UP,UP,3,majority
Ensemble-XGB+GPT-rag-few,binary,ECL,UP,DOWN,0.7468106746673584,UP,UP,3,majority
Ensemble-XGB+GPT-rag-few,binary,EQIX,UP,,0.0,UP,,1,agreement
Ensemble-XGB+GPT-rag-few,binary,ETN,UP,UP,0.6053839325904846,UP,UP,3,majority
Ensemble-XGB+GPT-rag-few,binary,FCX,UP,DOWN,0.6320085525512695,UP,UP,3,majority
Ensemble-XGB+GPT-rag-few,binary,FDX,DOWN,DOWN,0.5247286558151245,DOWN,UP,3,majority
Ensemble-XGB+GPT-rag-few,binary,GE,UP,UP,0.7309054732322693,UP,UP,3,majority
Ensemble-XGB+GPT-rag-few,binary,GEV,UP,UP,0.6856281161308289,UP,UP,3,majority
Ensemble-XGB+GPT-rag-few,binary,GILD,UP,UP,0.9286519885063172,UP,UP,3,majority
Ensemble-XGB+GPT-rag-few,binary,GOOGL,UP,UP,0.6446284651756287,UP,UP,3,majority
Ensemble-XGB+GPT-rag-few,binary,GS,UP,UP,0.6232287287712097,UP,UP,3,majority
Ensemble-XGB+GPT-rag-few,binary,HD,UP,UP,0.7111341953277588,DOWN,UP,3,majority
Ensemble-XGB+GPT-rag-few,binary,HON,UP,UP,0.5613176226615906,UP,UP,3,majority
Ensemble-XGB+GPT-rag-few,binary,HWM,UP,UP,0.5964716672897339,UP,UP,3,majority
Ensemble-XGB+GPT-rag-few,binary,INTC,UP,UP,0.5381876826286316,DOWN,UP,3,majority
Ensemble-XGB+GPT-rag-few,binary,ISRG,UP,UP,0.7268702983856201,UP,UP,3,majority
Ensemble-XGB+GPT-rag-few,binary,JNJ,UP,,0.0,UP,,1,agreement
Ensemble-XGB+GPT-rag-few,binary,JPM,DOWN,UP,0.6405598521232605,DOWN,DOWN,3,majority
Ensemble-XGB+GPT-rag-few,binary,KLAC,UP,DOWN,0.5375070571899414,UP,UP,3,majority
Ensemble-XGB+GPT-rag-few,binary,KO,DOWN,,0.0,DOWN,,1,agreement
Ensemble-XGB+GPT-rag-few,binary,LIN,UP,UP,0.8774190545082092,DOWN,UP,3,majority
Ensemble-XGB+GPT-rag-few,binary,LLY,UP,UP,0.5873882174491882,UP,UP,3,majority
Ensemble-XGB+GPT-rag-few,binary,LMT,UP,DOWN,0.6052002906799316,UP,UP,3,majority
Ensemble-XGB+GPT-rag-few,binary,LOW,UP,UP,0.7660863399505615,UP,UP,3,majority
Ensemble-XGB+GPT-rag-few,binary,LRCX,UP,DOWN,0.63125079870224,UP,UP,3,majority
Ensemble-XGB+GPT-rag-few,binary,MA,UP,,0.0,UP,,1,agreement
Ensemble-XGB+GPT-rag-few,binary,MAR,UP,UP,0.5250173807144165,DOWN,UP,3,majority
Ensemble-XGB+GPT-rag-few,binary,MCD,DOWN,DOWN,0.7197367548942566,DOWN,UP,3,majority
Ensemble-XGB+GPT-rag-few,binary,META,UP,DOWN,0.6595696210861206,UP,UP,3,majority
Ensemble-XGB+GPT-rag-few,binary,MO,UP,UP,0.6551470756530762,DOWN,UP,3,majority
Ensemble-XGB+GPT-rag-few,binary,MRK,UP,DOWN,0.6260300278663635,UP,UP,3,majority
Ensemble-XGB+GPT-rag-few,binary,MS,UP,UP,0.6507570147514343,UP,UP,3,majority
Ensemble-XGB+GPT-rag-few,binary,MSFT,UP,DOWN,0.6321649551391602,UP,UP,3,majority
Ensemble-XGB+GPT-rag-few,binary,MU,UP,DOWN,0.6786693334579468,UP,UP,3,majority
Ensemble-XGB+GPT-rag-few,binary,NEE,UP,UP,0.783471941947937,UP,UP,3,majority
Ensemble-XGB+GPT-rag-few,binary,NEM,UP,UP,0.8491896390914917,UP,UP,3,majority
Ensemble-XGB+GPT-rag-few,binary,NFLX,UP,UP,0.7272477149963379,UP,UP,3,majority
Ensemble-XGB+GPT-rag-few,binary,NVDA,UP,UP,0.6367442011833191,UP,UP,3,majority
Ensemble-XGB+GPT-rag-few,binary,ORCL,UP,UP,0.5721810460090637,UP,UP,3,majority
Ensemble-XGB+GPT-rag-few,binary,PEP,DOWN,DOWN,0.545039176940918,DOWN,UP,3,majority
Ensemble-XGB+GPT-rag-few,binary,PFE,UP,DOWN,0.8041144013404846,UP,UP,3,majority
Ensemble-XGB+GPT-rag-few,binary,PG,UP,UP,0.5833669304847717,DOWN,UP,3,majority
Ensemble-XGB+GPT-rag-few,binary,PH,UP,UP,0.6011568903923035,UP,UP,3,majority
Ensemble-XGB+GPT-rag-few,binary,PLD,UP,UP,0.8398150205612183,UP,UP,3,majority
Ensemble-XGB+GPT-rag-few,binary,PLTR,UP,UP,0.8458009362220764,UP,UP,3,majority
Ensemble-XGB+GPT-rag-few,binary,PM,UP,UP,0.6653205752372742,UP,UP,3,majority
Ensemble-XGB+GPT-rag-few,binary,PWR,UP,UP,0.8502388000488281,UP,UP,3,majority
Ensemble-XGB+GPT-rag-few,binary,RTX,UP,UP,0.7530930042266846,UP,UP,3,majority
Ensemble-XGB+GPT-rag-few,binary,SBUX,DOWN,DOWN,0.5679597854614258,DOWN,UP,3,majority
Ensemble-XGB+GPT-rag-few,binary,SCHW,UP,UP,0.7605741024017334,UP,UP,3,majority
Ensemble-XGB+GPT-rag-few,binary,SHW,UP,DOWN,0.6114580631256104,UP,UP,3,majority
Ensemble-XGB+GPT-rag-few,binary,SO,UP,,0.0,UP,,1,agreement
Ensemble-XGB+GPT-rag-few,binary,SPG,UP,DOWN,0.6277908086776733,UP,UP,3,majority
Ensemble-XGB+GPT-rag-few,binary,SPGI,UP,UP,0.5203769207000732,DOWN,UP,3,majority
Ensemble-XGB+GPT-rag-few,binary,SRE,UP,,0.0,UP,,1,agreement
Ensemble-XGB+GPT-rag-few,binary,SYK,UP,DOWN,0.7057185173034668,UP,UP,3,majority
Ensemble-XGB+GPT-rag-few,binary,TJX,UP,DOWN,0.5598067045211792,UP,UP,3,majority
Ensemble-XGB+GPT-rag-few,binary,TMO,UP,UP,0.7803909182548523,DOWN,UP,3,majority
Ensemble-XGB+GPT-rag-few,binary,TMUS,UP,UP,0.6211352348327637,UP,UP,3,majority
Ensemble-XGB+GPT-rag-few,binary,TSLA,DOWN,DOWN,0.6792675256729126,DOWN,UP,3,majority
Ensemble-XGB+GPT-rag-few,binary,TT,UP,DOWN,0.6365512609481812,UP,UP,3,majority
Ensemble-XGB+GPT-rag-few,binary,TXN,UP,UP,0.6786090135574341,UP,UP,3,majority
Ensemble-XGB+GPT-rag-few,binary,UBER,UP,DOWN,0.5912438631057739,UP,UP,3,majority
Ensemble-XGB+GPT-rag-few,binary,UNH,UP,UP,0.7993847727775574,DOWN,UP,3,majority
Ensemble-XGB+GPT-rag-few,binary,UNP,UP,UP,0.677431583404541,UP,UP,3,majority
Ensemble-XGB+GPT-rag-few,binary,V,UP,UP,0.6039298176765442,UP,UP,3,majority
Ensemble-XGB+GPT-rag-few,binary,WELL,UP,UP,0.6749137043952942,UP,UP,3,majority
Ensemble-XGB+GPT-rag-few,binary,WFC,UP,UP,0.8854357600212097,UP,UP,3,majority
Ensemble-XGB+GPT-rag-few,binary,WMB,UP,UP,0.694337010383606,UP,UP,3,majority
Ensemble-XGB+GPT-rag-few,binary,WMT,UP,UP,0.8366624712944031,UP,UP,3,majority
Ensemble-XGB+GPT-rag-few,binary,XOM,UP,,0.0,UP,,1,agreement
Ensemble-XGB+GPT-two-stage,binary,AAPL,UP,UP,0.7113956809043884,UP,UP,3,majority
Ensemble-XGB+GPT-two-stage,binary,ABBV,UP,UP,0.7918427586555481,UP,UP,3,majority
Ensemble-XGB+GPT-two-stage,binary,ABNB,UP,UP,0.6341512799263,DOWN,UP,3,majority
Ensemble-XGB+GPT-two-stage,binary,ABT,UP,UP,0.888501763343811,UP,UP,3,majority
Ensemble-XGB+GPT-two-stage,binary,AEP,UP,,0.0,UP,,1,agreement
Ensemble-XGB+GPT-two-stage,binary,AMAT,UP,UP,0.5874327421188354,UP,UP,3,majority
Ensemble-XGB+GPT-two-stage,binary,AMD,UP,UP,0.7787294983863831,UP,UP,3,majority
Ensemble-XGB+GPT-two-stage,binary,AMGN,UP,DOWN,0.9070791006088256,UP,UP,3,majority
Ensemble-XGB+GPT-two-stage,binary,AMT,UP,UP,0.7178767323493958,UP,UP,3,majority
Ensemble-XGB+GPT-two-stage,binary,AMZN,UP,,0.0,UP,,1,agreement
Ensemble-XGB+GPT-two-stage,binary,APD,DOWN,,0.0,DOWN,,1,agreement
Ensemble-XGB+GPT-two-stage,binary,AVGO,UP,UP,0.5212748646736145,UP,UP,3,majority
Ensemble-XGB+GPT-two-stage,binary,AXP,UP,UP,0.7582918405532837,UP,UP,3,majority
Ensemble-XGB+GPT-two-stage,binary,BA,UP,UP,0.8120792508125305,UP,UP,3,majority
Ensemble-XGB+GPT-two-stage,binary,BAC,UP,UP,0.8269565105438232,UP,UP,3,majority
Ensemble-XGB+GPT-two-stage,binary,BKNG,UP,UP,0.6602661609649658,UP,UP,3,majority
Ensemble-XGB+GPT-two-stage,binary,BLK,UP,UP,0.7309955954551697,UP,UP,3,majority
Ensemble-XGB+GPT-two-stage,binary,C,UP,UP,0.6292172074317932,UP,UP,3,majority
Ensemble-XGB+GPT-two-stage,binary,CAT,UP,UP,0.7815836071968079,DOWN,UP,3,majority
Ensemble-XGB+GPT-two-stage,binary,CB,UP,UP,0.7833603620529175,UP,UP,3,majority
Ensemble-XGB+GPT-two-stage,binary,CEG,UP,DOWN,0.7239128351211548,UP,UP,3,majority
Ensemble-XGB+GPT-two-stage,binary,COF,DOWN,DOWN,0.9312359094619752,DOWN,UP,3,majority
Ensemble-XGB+GPT-two-stage,binary,COP,UP,UP,0.8557482361793518,UP,UP,3,majority
Ensemble-XGB+GPT-two-stage,binary,COST,UP,UP,0.6970160603523254,UP,UP,3,majority
Ensemble-XGB+GPT-two-stage,binary,CSCO,UP,DOWN,0.6394883394241333,UP,UP,3,majority
Ensemble-XGB+GPT-two-stage,binary,CVX,UP,UP,0.6240411996841431,DOWN,UP,3,majority
Ensemble-XGB+GPT-two-stage,binary,DE,UP,UP,0.8884698748588562,DOWN,UP,3,majority
Ensemble-XGB+GPT-two-stage,binary,DHR,UP,UP,0.6525953412055969,UP,UP,3,majority
Ensemble-XGB+GPT-two-stage,binary,DLR,UP,UP,0.5971041917800903,UP,UP,3,majority
Ensemble-XGB+GPT-two-stage,binary,DUK,UP,UP,0.6333000659942627,UP,UP,3,majority
Ensemble-XGB+GPT-two-stage,binary,ECL,UP,DOWN,0.7468106746673584,UP,UP,3,majority
Ensemble-XGB+GPT-two-stage,binary,EQIX,UP,,0.0,UP,,1,agreement
Ensemble-XGB+GPT-two-stage,binary,ETN,UP,UP,0.6053839325904846,UP,UP,3,majority
Ensemble-XGB+GPT-two-stage,binary,FCX,UP,DOWN,0.6320085525512695,UP,UP,3,majority
Ensemble-XGB+GPT-two-stage,binary,FDX,DOWN,DOWN,0.5247286558151245,DOWN,UP,3,majority
Ensemble-XGB+GPT-two-stage,binary,GE,UP,UP,0.7309054732322693,UP,UP,3,majority
Ensemble-XGB+GPT-two-stage,binary,GEV,UP,UP,0.6856281161308289,UP,UP,3,majority
Ensemble-XGB+GPT-two-stage,binary,GILD,UP,UP,0.9286519885063172,DOWN,UP,3,majority
Ensemble-XGB+GPT-two-stage,binary,GOOGL,UP,UP,0.6446284651756287,DOWN,UP,3,majority
Ensemble-XGB+GPT-two-stage,binary,GS,UP,UP,0.6232287287712097,UP,UP,3,majority
Ensemble-XGB+GPT-two-stage,binary,HD,UP,UP,0.7111341953277588,DOWN,UP,3,majority
Ensemble-XGB+GPT-two-stage,binary,HON,UP,UP,0.5613176226615906,UP,UP,3,majority
Ensemble-XGB+GPT-two-stage,binary,HWM,UP,UP,0.5964716672897339,UP,UP,3,majority
Ensemble-XGB+GPT-two-stage,binary,INTC,UP,UP,0.5381876826286316,DOWN,UP,3,majority
Ensemble-XGB+GPT-two-stage,binary,ISRG,UP,UP,0.7268702983856201,UP,UP,3,majority
Ensemble-XGB+GPT-two-stage,binary,JNJ,UP,,0.0,UP,,1,agreement
Ensemble-XGB+GPT-two-stage,binary,JPM,UP,UP,0.6405598521232605,UP,DOWN,3,majority
Ensemble-XGB+GPT-two-stage,binary,KLAC,UP,DOWN,0.5375070571899414,UP,UP,3,majority
Ensemble-XGB+GPT-two-stage,binary,KO,UP,,0.0,UP,,1,agreement
Ensemble-XGB+GPT-two-stage,binary,LIN,UP,UP,0.8774190545082092,UP,UP,3,majority
Ensemble-XGB+GPT-two-stage,binary,LLY,UP,UP,0.5873882174491882,UP,UP,3,majority
Ensemble-XGB+GPT-two-stage,binary,LMT,UP,DOWN,0.6052002906799316,UP,UP,3,majority
Ensemble-XGB+GPT-two-stage,binary,LOW,UP,UP,0.7660863399505615,UP,UP,3,majority
Ensemble-XGB+GPT-two-stage,binary,LRCX,UP,DOWN,0.63125079870224,UP,UP,3,majority
Ensemble-XGB+GPT-two-stage,binary,MA,UP,,0.0,UP,,1,agreement
Ensemble-XGB+GPT-two-stage,binary,MAR,UP,UP,0.5250173807144165,DOWN,UP,3,majority
Ensemble-XGB+GPT-two-stage,binary,MCD,DOWN,DOWN,0.7197367548942566,DOWN,UP,3,majority
Ensemble-XGB+GPT-two-stage,binary,META,DOWN,DOWN,0.6595696210861206,DOWN,UP,3,majority
Ensemble-XGB+GPT-two-stage,binary,MO,UP,UP,0.6551470756530762,DOWN,UP,3,majority
Ensemble-XGB+GPT-two-stage,binary,MRK,UP,DOWN,0.6260300278663635,UP,UP,3,majority
Ensemble-XGB+GPT-two-stage,binary,MS,UP,UP,0.6507570147514343,UP,UP,3,majority
Ensemble-XGB+GPT-two-stage,binary,MSFT,UP,DOWN,0.6321649551391602,UP,UP,3,majority
Ensemble-XGB+GPT-two-stage,binary,MU,UP,DOWN,0.6786693334579468,UP,UP,3,majority
Ensemble-XGB+GPT-two-stage,binary,NEE,UP,UP,0.783471941947937,UP,UP,3,majority
Ensemble-XGB+GPT-two-stage,binary,NEM,UP,UP,0.8491896390914917,UP,UP,3,majority
Ensemble-XGB+GPT-two-stage,binary,NFLX,UP,UP,0.7272477149963379,UP,UP,3,majority
Ensemble-XGB+GPT-two-stage,binary,NVDA,UP,UP,0.6367442011833191,UP,UP,3,majority
Ensemble-XGB+GPT-two-stage,binary,ORCL,UP,UP,0.5721810460090637,UP,UP,3,majority
Ensemble-XGB+GPT-two-stage,binary,PEP,DOWN,DOWN,0.545039176940918,DOWN,UP,3,majority
Ensemble-XGB+GPT-two-stage,binary,PFE,UP,DOWN,0.8041144013404846,UP,UP,3,majority
Ensemble-XGB+GPT-two-stage,binary,PG,UP,UP,0.5833669304847717,DOWN,UP,3,majority
Ensemble-XGB+GPT-two-stage,binary,PH,UP,UP,0.6011568903923035,UP,UP,3,majority
Ensemble-XGB+GPT-two-stage,binary,PLD,UP,UP,0.8398150205612183,DOWN,UP,3,majority
Ensemble-XGB+GPT-two-stage,binary,PLTR,UP,UP,0.8458009362220764,UP,UP,3,majority
Ensemble-XGB+GPT-two-stage,binary,PM,UP,UP,0.6653205752372742,UP,UP,3,majority
Ensemble-XGB+GPT-two-stage,binary,PWR,UP,UP,0.8502388000488281,UP,UP,3,majority
Ensemble-XGB+GPT-two-stage,binary,RTX,UP,UP,0.7530930042266846,DOWN,UP,3,majority
Ensemble-XGB+GPT-two-stage,binary,SBUX,DOWN,DOWN,0.5679597854614258,DOWN,UP,3,majority
Ensemble-XGB+GPT-two-stage,binary,SCHW,UP,UP,0.7605741024017334,UP,UP,3,majority
Ensemble-XGB+GPT-two-stage,binary,SHW,UP,DOWN,0.6114580631256104,UP,UP,3,majority
Ensemble-XGB+GPT-two-stage,binary,SO,UP,,0.0,UP,,1,agreement
Ensemble-XGB+GPT-two-stage,binary,SPG,UP,DOWN,0.6277908086776733,UP,UP,3,majority
Ensemble-XGB+GPT-two-stage,binary,SPGI,UP,UP,0.5203769207000732,DOWN,UP,3,majority
Ensemble-XGB+GPT-two-stage,binary,SRE,DOWN,,0.0,DOWN,,1,agreement
Ensemble-XGB+GPT-two-stage,binary,SYK,UP,DOWN,0.7057185173034668,UP,UP,3,majority
Ensemble-XGB+GPT-two-stage,binary,TJX,UP,DOWN,0.5598067045211792,UP,UP,3,majority
Ensemble-XGB+GPT-two-stage,binary,TMO,UP,UP,0.7803909182548523,DOWN,UP,3,majority
Ensemble-XGB+GPT-two-stage,binary,TMUS,UP,UP,0.6211352348327637,UP,UP,3,majority
Ensemble-XGB+GPT-two-stage,binary,TSLA,UP,DOWN,0.6792675256729126,UP,UP,3,majority
Ensemble-XGB+GPT-two-stage,binary,TT,UP,DOWN,0.6365512609481812,UP,UP,3,majority
Ensemble-XGB+GPT-two-stage,binary,TXN,UP,UP,0.6786090135574341,UP,UP,3,majority
Ensemble-XGB+GPT-two-stage,binary,UBER,UP,DOWN,0.5912438631057739,UP,UP,3,majority
Ensemble-XGB+GPT-two-stage,binary,UNH,UP,UP,0.7993847727775574,DOWN,UP,3,majority
Ensemble-XGB+GPT-two-stage,binary,UNP,UP,UP,0.677431583404541,UP,UP,3,majority
Ensemble-XGB+GPT-two-stage,binary,V,UP,UP,0.6039298176765442,UP,UP,3,majority
Ensemble-XGB+GPT-two-stage,binary,WELL,UP,UP,0.6749137043952942,UP,UP,3,majority
Ensemble-XGB+GPT-two-stage,binary,WFC,UP,UP,0.8854357600212097,DOWN,UP,3,majority
Ensemble-XGB+GPT-two-stage,binary,WMB,UP,UP,0.694337010383606,UP,UP,3,majority
Ensemble-XGB+GPT-two-stage,binary,WMT,UP,UP,0.8366624712944031,UP,UP,3,majority
Ensemble-XGB+GPT-two-stage,binary,XOM,DOWN,,0.0,DOWN,,1,agreement
Ensemble-XGB+GPT-two-stage-CoT,binary,AAPL,UP,UP,0.7113956809043884,UP,UP,3,majority
Ensemble-XGB+GPT-two-stage-CoT,binary,ABBV,UP,UP,0.7918427586555481,UP,UP,3,majority
Ensemble-XGB+GPT-two-stage-CoT,binary,ABNB,UP,UP,0.6341512799263,DOWN,UP,3,majority
Ensemble-XGB+GPT-two-stage-CoT,binary,ABT,UP,UP,0.888501763343811,UP,UP,3,majority
Ensemble-XGB+GPT-two-stage-CoT,binary,AEP,UP,,0.0,UP,,1,agreement
Ensemble-XGB+GPT-two-stage-CoT,binary,AMAT,UP,UP,0.5874327421188354,UP,UP,3,majority
Ensemble-XGB+GPT-two-stage-CoT,binary,AMD,UP,UP,0.7787294983863831,UP,UP,3,majority
Ensemble-XGB+GPT-two-stage-CoT,binary,AMGN,UP,DOWN,0.9070791006088256,UP,UP,3,majority
Ensemble-XGB+GPT-two-stage-CoT,binary,AMT,UP,UP,0.7178767323493958,UP,UP,3,majority
Ensemble-XGB+GPT-two-stage-CoT,binary,AMZN,UP,,0.0,UP,,1,agreement
Ensemble-XGB+GPT-two-stage-CoT,binary,APD,DOWN,,0.0,DOWN,,1,agreement
Ensemble-XGB+GPT-two-stage-CoT,binary,AVGO,UP,UP,0.5212748646736145,UP,UP,3,majority
Ensemble-XGB+GPT-two-stage-CoT,binary,AXP,UP,UP,0.7582918405532837,DOWN,UP,3,majority
Ensemble-XGB+GPT-two-stage-CoT,binary,BA,UP,UP,0.8120792508125305,UP,UP,3,majority
Ensemble-XGB+GPT-two-stage-CoT,binary,BAC,UP,UP,0.8269565105438232,DOWN,UP,3,majority
Ensemble-XGB+GPT-two-stage-CoT,binary,BKNG,UP,UP,0.6602661609649658,UP,UP,3,majority
Ensemble-XGB+GPT-two-stage-CoT,binary,BLK,UP,UP,0.7309955954551697,UP,UP,3,majority
Ensemble-XGB+GPT-two-stage-CoT,binary,C,UP,UP,0.6292172074317932,DOWN,UP,3,majority
Ensemble-XGB+GPT-two-stage-CoT,binary,CAT,UP,UP,0.7815836071968079,DOWN,UP,3,majority
Ensemble-XGB+GPT-two-stage-CoT,binary,CB,UP,UP,0.7833603620529175,DOWN,UP,3,majority
Ensemble-XGB+GPT-two-stage-CoT,binary,CEG,DOWN,DOWN,0.7239128351211548,DOWN,UP,3,majority
Ensemble-XGB+GPT-two-stage-CoT,binary,COF,DOWN,DOWN,0.9312359094619752,DOWN,UP,3,majority
Ensemble-XGB+GPT-two-stage-CoT,binary,COP,UP,UP,0.8557482361793518,UP,UP,3,majority
Ensemble-XGB+GPT-two-stage-CoT,binary,COST,UP,UP,0.6970160603523254,DOWN,UP,3,majority
Ensemble-XGB+GPT-two-stage-CoT,binary,CSCO,UP,DOWN,0.6394883394241333,UP,UP,3,majority
Ensemble-XGB+GPT-two-stage-CoT,binary,CVX,UP,UP,0.6240411996841431,DOWN,UP,3,majority
Ensemble-XGB+GPT-two-stage-CoT,binary,DE,UP,UP,0.8884698748588562,DOWN,UP,3,majority
Ensemble-XGB+GPT-two-stage-CoT,binary,DHR,UP,UP,0.6525953412055969,UP,UP,3,majority
Ensemble-XGB+GPT-two-stage-CoT,binary,DLR,UP,UP,0.5971041917800903,UP,UP,3,majority
Ensemble-XGB+GPT-two-stage-CoT,binary,DUK,UP,UP,0.6333000659942627,UP,UP,3,majority
Ensemble-XGB+GPT-two-stage-CoT,binary,ECL,UP,DOWN,0.7468106746673584,UP,UP,3,majority
Ensemble-XGB+GPT-two-stage-CoT,binary,EQIX,UP,,0.0,UP,,1,agreement
Ensemble-XGB+GPT-two-stage-CoT,binary,ETN,UP,UP,0.6053839325904846,UP,UP,3,majority
Ensemble-XGB+GPT-two-stage-CoT,binary,FCX,UP,DOWN,0.6320085525512695,UP,UP,3,majority
Ensemble-XGB+GPT-two-stage-CoT,binary,FDX,DOWN,DOWN,0.5247286558151245,DOWN,UP,3,majority
Ensemble-XGB+GPT-two-stage-CoT,binary,GE,UP,UP,0.7309054732322693,UP,UP,3,majority
Ensemble-XGB+GPT-two-stage-CoT,binary,GEV,UP,UP,0.6856281161308289,UP,UP,3,majority
Ensemble-XGB+GPT-two-stage-CoT,binary,GILD,UP,UP,0.9286519885063172,DOWN,UP,3,majority
Ensemble-XGB+GPT-two-stage-CoT,binary,GOOGL,UP,UP,0.6446284651756287,DOWN,UP,3,majority
Ensemble-XGB+GPT-two-stage-CoT,binary,GS,UP,UP,0.6232287287712097,UP,UP,3,majority
Ensemble-XGB+GPT-two-stage-CoT,binary,HD,UP,UP,0.7111341953277588,DOWN,UP,3,majority
Ensemble-XGB+GPT-two-stage-CoT,binary,HON,UP,UP,0.5613176226615906,UP,UP,3,majority
Ensemble-XGB+GPT-two-stage-CoT,binary,HWM,UP,UP,0.5964716672897339,UP,UP,3,majority
Ensemble-XGB+GPT-two-stage-CoT,binary,INTC,UP,UP,0.5381876826286316,DOWN,UP,3,majority
Ensemble-XGB+GPT-two-stage-CoT,binary,ISRG,UP,UP,0.7268702983856201,DOWN,UP,3,majority
Ensemble-XGB+GPT-two-stage-CoT,binary,JNJ,UP,,0.0,UP,,1,agreement
Ensemble-XGB+GPT-two-stage-CoT,binary,JPM,UP,UP,0.6405598521232605,UP,DOWN,3,majority
Ensemble-XGB+GPT-two-stage-CoT,binary,KLAC,UP,DOWN,0.5375070571899414,UP,UP,3,majority
Ensemble-XGB+GPT-two-stage-CoT,binary,KO,DOWN,,0.0,DOWN,,1,agreement
Ensemble-XGB+GPT-two-stage-CoT,binary,LIN,UP,UP,0.8774190545082092,DOWN,UP,3,majority
Ensemble-XGB+GPT-two-stage-CoT,binary,LLY,UP,UP,0.5873882174491882,DOWN,UP,3,majority
Ensemble-XGB+GPT-two-stage-CoT,binary,LMT,UP,DOWN,0.6052002906799316,UP,UP,3,majority
Ensemble-XGB+GPT-two-stage-CoT,binary,LOW,UP,UP,0.7660863399505615,UP,UP,3,majority
Ensemble-XGB+GPT-two-stage-CoT,binary,LRCX,UP,DOWN,0.63125079870224,UP,UP,3,majority
Ensemble-XGB+GPT-two-stage-CoT,binary,MA,UP,,0.0,UP,,1,agreement
Ensemble-XGB+GPT-two-stage-CoT,binary,MAR,UP,UP,0.5250173807144165,DOWN,UP,3,majority
Ensemble-XGB+GPT-two-stage-CoT,binary,MCD,DOWN,DOWN,0.7197367548942566,DOWN,UP,3,majority
Ensemble-XGB+GPT-two-stage-CoT,binary,META,DOWN,DOWN,0.6595696210861206,DOWN,UP,3,majority
Ensemble-XGB+GPT-two-stage-CoT,binary,MO,UP,UP,0.6551470756530762,DOWN,UP,3,majority
Ensemble-XGB+GPT-two-stage-CoT,binary,MRK,UP,DOWN,0.6260300278663635,UP,UP,3,majority
Ensemble-XGB+GPT-two-stage-CoT,binary,MS,UP,UP,0.6507570147514343,DOWN,UP,3,majority
Ensemble-XGB+GPT-two-stage-CoT,binary,MSFT,UP,DOWN,0.6321649551391602,UP,UP,3,majority
Ensemble-XGB+GPT-two-stage-CoT,binary,MU,UP,DOWN,0.6786693334579468,UP,UP,3,majority
Ensemble-XGB+GPT-two-stage-CoT,binary,NEE,UP,UP,0.783471941947937,UP,UP,3,majority
Ensemble-XGB+GPT-two-stage-CoT,binary,NEM,UP,UP,0.8491896390914917,DOWN,UP,3,majority
Ensemble-XGB+GPT-two-stage-CoT,binary,NFLX,UP,UP,0.7272477149963379,UP,UP,3,majority
Ensemble-XGB+GPT-two-stage-CoT,binary,NVDA,UP,UP,0.6367442011833191,UP,UP,3,majority
Ensemble-XGB+GPT-two-stage-CoT,binary,ORCL,UP,UP,0.5721810460090637,UP,UP,3,majority
Ensemble-XGB+GPT-two-stage-CoT,binary,PEP,DOWN,DOWN,0.545039176940918,DOWN,UP,3,majority
Ensemble-XGB+GPT-two-stage-CoT,binary,PFE,UP,DOWN,0.8041144013404846,UP,UP,3,majority
Ensemble-XGB+GPT-two-stage-CoT,binary,PG,UP,UP,0.5833669304847717,DOWN,UP,3,majority
Ensemble-XGB+GPT-two-stage-CoT,binary,PH,UP,UP,0.6011568903923035,UP,UP,3,majority
Ensemble-XGB+GPT-two-stage-CoT,binary,PLD,UP,UP,0.8398150205612183,DOWN,UP,3,majority
Ensemble-XGB+GPT-two-stage-CoT,binary,PLTR,UP,UP,0.8458009362220764,UP,UP,3,majority
Ensemble-XGB+GPT-two-stage-CoT,binary,PM,UP,UP,0.6653205752372742,UP,UP,3,majority
Ensemble-XGB+GPT-two-stage-CoT,binary,PWR,UP,UP,0.8502388000488281,UP,UP,3,majority
Ensemble-XGB+GPT-two-stage-CoT,binary,RTX,UP,UP,0.7530930042266846,DOWN,UP,3,majority
Ensemble-XGB+GPT-two-stage-CoT,binary,SBUX,DOWN,DOWN,0.5679597854614258,DOWN,UP,3,majority
Ensemble-XGB+GPT-two-stage-CoT,binary,SCHW,UP,UP,0.7605741024017334,UP,UP,3,majority
Ensemble-XGB+GPT-two-stage-CoT,binary,SHW,DOWN,DOWN,0.6114580631256104,DOWN,UP,3,majority
Ensemble-XGB+GPT-two-stage-CoT,binary,SO,UP,,0.0,UP,,1,agreement
Ensemble-XGB+GPT-two-stage-CoT,binary,SPG,UP,DOWN,0.6277908086776733,UP,UP,3,majority
Ensemble-XGB+GPT-two-stage-CoT,binary,SPGI,UP,UP,0.5203769207000732,DOWN,UP,3,majority
Ensemble-XGB+GPT-two-stage-CoT,binary,SRE,DOWN,,0.0,DOWN,,1,agreement
Ensemble-XGB+GPT-two-stage-CoT,binary,SYK,UP,DOWN,0.7057185173034668,UP,UP,3,majority
Ensemble-XGB+GPT-two-stage-CoT,binary,TJX,UP,DOWN,0.5598067045211792,UP,UP,3,majority
Ensemble-XGB+GPT-two-stage-CoT,binary,TMO,UP,UP,0.7803909182548523,DOWN,UP,3,majority
Ensemble-XGB+GPT-two-stage-CoT,binary,TMUS,UP,UP,0.6211352348327637,UP,UP,3,majority
Ensemble-XGB+GPT-two-stage-CoT,binary,TSLA,DOWN,DOWN,0.6792675256729126,DOWN,UP,3,majority
Ensemble-XGB+GPT-two-stage-CoT,binary,TT,UP,DOWN,0.6365512609481812,UP,UP,3,majority
Ensemble-XGB+GPT-two-stage-CoT,binary,TXN,UP,UP,0.6786090135574341,UP,UP,3,majority
Ensemble-XGB+GPT-two-stage-CoT,binary,UBER,UP,DOWN,0.5912438631057739,UP,UP,3,majority
Ensemble-XGB+GPT-two-stage-CoT,binary,UNH,UP,UP,0.7993847727775574,DOWN,UP,3,majority
Ensemble-XGB+GPT-two-stage-CoT,binary,UNP,UP,UP,0.677431583404541,DOWN,UP,3,majority
Ensemble-XGB+GPT-two-stage-CoT,binary,V,UP,UP,0.6039298176765442,UP,UP,3,majority
Ensemble-XGB+GPT-two-stage-CoT,binary,WELL,UP,UP,0.6749137043952942,UP,UP,3,majority
Ensemble-XGB+GPT-two-stage-CoT,binary,WFC,UP,UP,0.8854357600212097,DOWN,UP,3,majority
Ensemble-XGB+GPT-two-stage-CoT,binary,WMB,UP,UP,0.694337010383606,UP,UP,3,majority
Ensemble-XGB+GPT-two-stage-CoT,binary,WMT,UP,UP,0.8366624712944031,UP,UP,3,majority
Ensemble-XGB+GPT-two-stage-CoT,binary,XOM,DOWN,,0.0,DOWN,,1,agreement
Ensemble-XGB+GPT-zero-calibrated,binary,AAPL,UP,UP,0.7113956809043884,UP,UP,3,majority
Ensemble-XGB+GPT-zero-calibrated,binary,ABBV,UP,UP,0.7918427586555481,UP,UP,3,majority
Ensemble-XGB+GPT-zero-calibrated,binary,ABNB,UP,UP,0.6341512799263,UP,UP,3,majority
Ensemble-XGB+GPT-zero-calibrated,binary,ABT,UP,UP,0.888501763343811,UP,UP,3,majority
Ensemble-XGB+GPT-zero-calibrated,binary,AEP,UP,,0.0,UP,,1,agreement
Ensemble-XGB+GPT-zero-calibrated,binary,AMAT,UP,UP,0.5874327421188354,UP,UP,3,majority
Ensemble-XGB+GPT-zero-calibrated,binary,AMD,UP,UP,0.7787294983863831,UP,UP,3,majority
Ensemble-XGB+GPT-zero-calibrated,binary,AMGN,UP,DOWN,0.9070791006088256,UP,UP,3,majority
Ensemble-XGB+GPT-zero-calibrated,binary,AMT,UP,UP,0.7178767323493958,UP,UP,3,majority
Ensemble-XGB+GPT-zero-calibrated,binary,AMZN,UP,,0.0,UP,,1,agreement
Ensemble-XGB+GPT-zero-calibrated,binary,APD,DOWN,,0.0,DOWN,,1,agreement
Ensemble-XGB+GPT-zero-calibrated,binary,AVGO,UP,UP,0.5212748646736145,UP,UP,3,majority
Ensemble-XGB+GPT-zero-calibrated,binary,AXP,UP,UP,0.7582918405532837,UP,UP,3,majority
Ensemble-XGB+GPT-zero-calibrated,binary,BA,UP,UP,0.8120792508125305,UP,UP,3,majority
Ensemble-XGB+GPT-zero-calibrated,binary,BAC,UP,UP,0.8269565105438232,UP,UP,3,majority
Ensemble-XGB+GPT-zero-calibrated,binary,BKNG,UP,UP,0.6602661609649658,UP,UP,3,majority
Ensemble-XGB+GPT-zero-calibrated,binary,BLK,UP,UP,0.7309955954551697,UP,UP,3,majority
Ensemble-XGB+GPT-zero-calibrated,binary,C,UP,UP,0.6292172074317932,UP,UP,3,majority
Ensemble-XGB+GPT-zero-calibrated,binary,CAT,UP,UP,0.7815836071968079,UP,UP,3,majority
Ensemble-XGB+GPT-zero-calibrated,binary,CB,UP,UP,0.7833603620529175,DOWN,UP,3,majority
Ensemble-XGB+GPT-zero-calibrated,binary,CEG,UP,DOWN,0.7239128351211548,UP,UP,3,majority
Ensemble-XGB+GPT-zero-calibrated,binary,COF,UP,DOWN,0.9312359094619752,UP,UP,3,majority
Ensemble-XGB+GPT-zero-calibrated,binary,COP,UP,UP,0.8557482361793518,UP,UP,3,majority
Ensemble-XGB+GPT-zero-calibrated,binary,COST,UP,UP,0.6970160603523254,UP,UP,3,majority
Ensemble-XGB+GPT-zero-calibrated,binary,CSCO,UP,DOWN,0.6394883394241333,UP,UP,3,majority
Ensemble-XGB+GPT-zero-calibrated,binary,CVX,UP,UP,0.6240411996841431,UP,UP,3,majority
Ensemble-XGB+GPT-zero-calibrated,binary,DE,UP,UP,0.8884698748588562,DOWN,UP,3,majority
Ensemble-XGB+GPT-zero-calibrated,binary,DHR,UP,UP,0.6525953412055969,UP,UP,3,majority
Ensemble-XGB+GPT-zero-calibrated,binary,DLR,UP,UP,0.5971041917800903,UP,UP,3,majority
Ensemble-XGB+GPT-zero-calibrated,binary,DUK,UP,UP,0.6333000659942627,UP,UP,3,majority
Ensemble-XGB+GPT-zero-calibrated,binary,ECL,UP,DOWN,0.7468106746673584,UP,UP,3,majority
Ensemble-XGB+GPT-zero-calibrated,binary,EQIX,UP,,0.0,UP,,1,agreement
Ensemble-XGB+GPT-zero-calibrated,binary,ETN,UP,UP,0.6053839325904846,UP,UP,3,majority
Ensemble-XGB+GPT-zero-calibrated,binary,FCX,UP,DOWN,0.6320085525512695,UP,UP,3,majority
Ensemble-XGB+GPT-zero-calibrated,binary,FDX,DOWN,DOWN,0.5247286558151245,DOWN,UP,3,majority
Ensemble-XGB+GPT-zero-calibrated,binary,GE,UP,UP,0.7309054732322693,UP,UP,3,majority
Ensemble-XGB+GPT-zero-calibrated,binary,GEV,UP,UP,0.6856281161308289,UP,UP,3,majority
Ensemble-XGB+GPT-zero-calibrated,binary,GILD,UP,UP,0.9286519885063172,UP,UP,3,majority
Ensemble-XGB+GPT-zero-calibrated,binary,GOOGL,UP,UP,0.6446284651756287,UP,UP,3,majority
Ensemble-XGB+GPT-zero-calibrated,binary,GS,UP,UP,0.6232287287712097,UP,UP,3,majority
Ensemble-XGB+GPT-zero-calibrated,binary,HD,UP,UP,0.7111341953277588,DOWN,UP,3,majority
Ensemble-XGB+GPT-zero-calibrated,binary,HON,UP,UP,0.5613176226615906,UP,UP,3,majority
Ensemble-XGB+GPT-zero-calibrated,binary,HWM,UP,UP,0.5964716672897339,UP,UP,3,majority
Ensemble-XGB+GPT-zero-calibrated,binary,INTC,UP,UP,0.5381876826286316,DOWN,UP,3,majority
Ensemble-XGB+GPT-zero-calibrated,binary,ISRG,UP,UP,0.7268702983856201,UP,UP,3,majority
Ensemble-XGB+GPT-zero-calibrated,binary,JNJ,UP,,0.0,UP,,1,agreement
Ensemble-XGB+GPT-zero-calibrated,binary,JPM,UP,UP,0.6405598521232605,UP,DOWN,3,majority
Ensemble-XGB+GPT-zero-calibrated,binary,KLAC,UP,DOWN,0.5375070571899414,UP,UP,3,majority
Ensemble-XGB+GPT-zero-calibrated,binary,KO,UP,,0.0,UP,,1,agreement
Ensemble-XGB+GPT-zero-calibrated,binary,LIN,UP,UP,0.8774190545082092,UP,UP,3,majority
Ensemble-XGB+GPT-zero-calibrated,binary,LLY,UP,UP,0.5873882174491882,UP,UP,3,majority
Ensemble-XGB+GPT-zero-calibrated,binary,LMT,UP,DOWN,0.6052002906799316,UP,UP,3,majority
Ensemble-XGB+GPT-zero-calibrated,binary,LOW,UP,UP,0.7660863399505615,UP,UP,3,majority
Ensemble-XGB+GPT-zero-calibrated,binary,LRCX,UP,DOWN,0.63125079870224,UP,UP,3,majority
Ensemble-XGB+GPT-zero-calibrated,binary,MA,UP,,0.0,UP,,1,agreement
Ensemble-XGB+GPT-zero-calibrated,binary,MAR,UP,UP,0.5250173807144165,DOWN,UP,3,majority
Ensemble-XGB+GPT-zero-calibrated,binary,MCD,DOWN,DOWN,0.7197367548942566,DOWN,UP,3,majority
Ensemble-XGB+GPT-zero-calibrated,binary,META,UP,DOWN,0.6595696210861206,UP,UP,3,majority
Ensemble-XGB+GPT-zero-calibrated,binary,MO,UP,UP,0.6551470756530762,DOWN,UP,3,majority
Ensemble-XGB+GPT-zero-calibrated,binary,MRK,DOWN,DOWN,0.6260300278663635,DOWN,UP,3,majority
Ensemble-XGB+GPT-zero-calibrated,binary,MS,UP,UP,0.6507570147514343,UP,UP,3,majority
Ensemble-XGB+GPT-zero-calibrated,binary,MSFT,UP,DOWN,0.6321649551391602,UP,UP,3,majority
Ensemble-XGB+GPT-zero-calibrated,binary,MU,UP,DOWN,0.6786693334579468,UP,UP,3,majority
Ensemble-XGB+GPT-zero-calibrated,binary,NEE,UP,UP,0.783471941947937,UP,UP,3,majority
Ensemble-XGB+GPT-zero-calibrated,binary,NEM,UP,UP,0.8491896390914917,UP,UP,3,majority
Ensemble-XGB+GPT-zero-calibrated,binary,NFLX,UP,UP,0.7272477149963379,UP,UP,3,majority
Ensemble-XGB+GPT-zero-calibrated,binary,NVDA,UP,UP,0.6367442011833191,UP,UP,3,majority
Ensemble-XGB+GPT-zero-calibrated,binary,ORCL,UP,UP,0.5721810460090637,UP,UP,3,majority
Ensemble-XGB+GPT-zero-calibrated,binary,PEP,DOWN,DOWN,0.545039176940918,DOWN,UP,3,majority
Ensemble-XGB+GPT-zero-calibrated,binary,PFE,UP,DOWN,0.8041144013404846,UP,UP,3,majority
Ensemble-XGB+GPT-zero-calibrated,binary,PG,UP,UP,0.5833669304847717,DOWN,UP,3,majority
Ensemble-XGB+GPT-zero-calibrated,binary,PH,UP,UP,0.6011568903923035,UP,UP,3,majority
Ensemble-XGB+GPT-zero-calibrated,binary,PLD,UP,UP,0.8398150205612183,UP,UP,3,majority
Ensemble-XGB+GPT-zero-calibrated,binary,PLTR,UP,UP,0.8458009362220764,UP,UP,3,majority
Ensemble-XGB+GPT-zero-calibrated,binary,PM,UP,UP,0.6653205752372742,UP,UP,3,majority
Ensemble-XGB+GPT-zero-calibrated,binary,PWR,UP,UP,0.8502388000488281,UP,UP,3,majority
Ensemble-XGB+GPT-zero-calibrated,binary,RTX,UP,UP,0.7530930042266846,UP,UP,3,majority
Ensemble-XGB+GPT-zero-calibrated,binary,SBUX,DOWN,DOWN,0.5679597854614258,DOWN,UP,3,majority
Ensemble-XGB+GPT-zero-calibrated,binary,SCHW,UP,UP,0.7605741024017334,UP,UP,3,majority
Ensemble-XGB+GPT-zero-calibrated,binary,SHW,UP,DOWN,0.6114580631256104,UP,UP,3,majority
Ensemble-XGB+GPT-zero-calibrated,binary,SO,UP,,0.0,UP,,1,agreement
Ensemble-XGB+GPT-zero-calibrated,binary,SPG,UP,DOWN,0.6277908086776733,UP,UP,3,majority
Ensemble-XGB+GPT-zero-calibrated,binary,SPGI,UP,UP,0.5203769207000732,UP,UP,3,majority
Ensemble-XGB+GPT-zero-calibrated,binary,SRE,UP,,0.0,UP,,1,agreement
Ensemble-XGB+GPT-zero-calibrated,binary,SYK,UP,DOWN,0.7057185173034668,UP,UP,3,majority
Ensemble-XGB+GPT-zero-calibrated,binary,TJX,UP,DOWN,0.5598067045211792,UP,UP,3,majority
Ensemble-XGB+GPT-zero-calibrated,binary,TMO,UP,UP,0.7803909182548523,DOWN,UP,3,majority
Ensemble-XGB+GPT-zero-calibrated,binary,TMUS,UP,UP,0.6211352348327637,UP,UP,3,majority
Ensemble-XGB+GPT-zero-calibrated,binary,TSLA,DOWN,DOWN,0.6792675256729126,DOWN,UP,3,majority
Ensemble-XGB+GPT-zero-calibrated,binary,TT,UP,DOWN,0.6365512609481812,UP,UP,3,majority
Ensemble-XGB+GPT-zero-calibrated,binary,TXN,UP,UP,0.6786090135574341,UP,UP,3,majority
Ensemble-XGB+GPT-zero-calibrated,binary,UBER,UP,DOWN,0.5912438631057739,UP,UP,3,majority
Ensemble-XGB+GPT-zero-calibrated,binary,UNH,UP,UP,0.7993847727775574,DOWN,UP,3,majority
Ensemble-XGB+GPT-zero-calibrated,binary,UNP,UP,UP,0.677431583404541,UP,UP,3,majority
Ensemble-XGB+GPT-zero-calibrated,binary,V,UP,UP,0.6039298176765442,UP,UP,3,majority
Ensemble-XGB+GPT-zero-calibrated,binary,WELL,UP,UP,0.6749137043952942,UP,UP,3,majority
Ensemble-XGB+GPT-zero-calibrated,binary,WFC,UP,UP,0.8854357600212097,UP,UP,3,majority
Ensemble-XGB+GPT-zero-calibrated,binary,WMB,UP,UP,0.694337010383606,UP,UP,3,majority
Ensemble-XGB+GPT-zero-calibrated,binary,WMT,UP,UP,0.8366624712944031,UP,UP,3,majority
Ensemble-XGB+GPT-zero-calibrated,binary,XOM,UP,,0.0,UP,,1,agreement
Ensemble-XGB+GPT-feat-inject,binary,AAPL,UP,UP,0.7113956809043884,UP,UP,3,majority
Ensemble-XGB+GPT-feat-inject,binary,ABBV,UP,UP,0.7918427586555481,UP,UP,3,majority
Ensemble-XGB+GPT-feat-inject,binary,ABNB,UP,UP,0.6341512799263,UP,UP,3,majority
Ensemble-XGB+GPT-feat-inject,binary,ABT,UP,UP,0.888501763343811,UP,UP,3,majority
Ensemble-XGB+GPT-feat-inject,binary,AEP,UP,,0.0,UP,,1,agreement
Ensemble-XGB+GPT-feat-inject,binary,AMAT,UP,UP,0.5874327421188354,UP,UP,3,majority
Ensemble-XGB+GPT-feat-inject,binary,AMD,UP,UP,0.7787294983863831,UP,UP,3,majority
Ensemble-XGB+GPT-feat-inject,binary,AMGN,UP,DOWN,0.9070791006088256,UP,UP,3,majority
Ensemble-XGB+GPT-feat-inject,binary,AMT,UP,UP,0.7178767323493958,UP,UP,3,majority
Ensemble-XGB+GPT-feat-inject,binary,AMZN,UP,,0.0,UP,,1,agreement
Ensemble-XGB+GPT-feat-inject,binary,APD,DOWN,,0.0,DOWN,,1,agreement
Ensemble-XGB+GPT-feat-inject,binary,AVGO,UP,UP,0.5212748646736145,UP,UP,3,majority
Ensemble-XGB+GPT-feat-inject,binary,AXP,UP,UP,0.7582918405532837,UP,UP,3,majority
Ensemble-XGB+GPT-feat-inject,binary,BA,UP,UP,0.8120792508125305,UP,UP,3,majority
Ensemble-XGB+GPT-feat-inject,binary,BAC,UP,UP,0.8269565105438232,UP,UP,3,majority
Ensemble-XGB+GPT-feat-inject,binary,BKNG,UP,UP,0.6602661609649658,,UP,2,agreement
Ensemble-XGB+GPT-feat-inject,binary,BLK,UP,UP,0.7309955954551697,UP,UP,3,majority
Ensemble-XGB+GPT-feat-inject,binary,C,UP,UP,0.6292172074317932,UP,UP,3,majority
Ensemble-XGB+GPT-feat-inject,binary,CAT,UP,UP,0.7815836071968079,DOWN,UP,3,majority
Ensemble-XGB+GPT-feat-inject,binary,CB,UP,UP,0.7833603620529175,UP,UP,3,majority
Ensemble-XGB+GPT-feat-inject,binary,CEG,UP,DOWN,0.7239128351211548,UP,UP,3,majority
Ensemble-XGB+GPT-feat-inject,binary,COF,UP,DOWN,0.9312359094619752,UP,UP,3,majority
Ensemble-XGB+GPT-feat-inject,binary,COP,UP,UP,0.8557482361793518,UP,UP,3,majority
Ensemble-XGB+GPT-feat-inject,binary,COST,UP,UP,0.6970160603523254,UP,UP,3,majority
Ensemble-XGB+GPT-feat-inject,binary,CSCO,UP,DOWN,0.6394883394241333,UP,UP,3,majority
Ensemble-XGB+GPT-feat-inject,binary,CVX,UP,UP,0.6240411996841431,UP,UP,3,majority
Ensemble-XGB+GPT-feat-inject,binary,DE,UP,UP,0.8884698748588562,DOWN,UP,3,majority
Ensemble-XGB+GPT-feat-inject,binary,DHR,UP,UP,0.6525953412055969,UP,UP,3,majority
Ensemble-XGB+GPT-feat-inject,binary,DLR,UP,UP,0.5971041917800903,UP,UP,3,majority
Ensemble-XGB+GPT-feat-inject,binary,DUK,UP,UP,0.6333000659942627,UP,UP,3,majority
Ensemble-XGB+GPT-feat-inject,binary,ECL,UP,DOWN,0.7468106746673584,UP,UP,3,majority
Ensemble-XGB+GPT-feat-inject,binary,EQIX,UP,,0.0,UP,,1,agreement
Ensemble-XGB+GPT-feat-inject,binary,ETN,UP,UP,0.6053839325904846,UP,UP,3,majority
Ensemble-XGB+GPT-feat-inject,binary,FCX,UP,DOWN,0.6320085525512695,UP,UP,3,majority
Ensemble-XGB+GPT-feat-inject,binary,FDX,DOWN,DOWN,0.5247286558151245,DOWN,UP,3,majority
Ensemble-XGB+GPT-feat-inject,binary,GE,UP,UP,0.7309054732322693,UP,UP,3,majority
Ensemble-XGB+GPT-feat-inject,binary,GEV,UP,UP,0.6856281161308289,UP,UP,3,majority
Ensemble-XGB+GPT-feat-inject,binary,GILD,UP,UP,0.9286519885063172,DOWN,UP,3,majority
Ensemble-XGB+GPT-feat-inject,binary,GOOGL,UP,UP,0.6446284651756287,UP,UP,3,majority
Ensemble-XGB+GPT-feat-inject,binary,GS,UP,UP,0.6232287287712097,UP,UP,3,majority
Ensemble-XGB+GPT-feat-inject,binary,HD,UP,UP,0.7111341953277588,DOWN,UP,3,majority
Ensemble-XGB+GPT-feat-inject,binary,HON,UP,UP,0.5613176226615906,UP,UP,3,majority
Ensemble-XGB+GPT-feat-inject,binary,HWM,UP,UP,0.5964716672897339,UP,UP,3,majority
Ensemble-XGB+GPT-feat-inject,binary,INTC,UP,UP,0.5381876826286316,DOWN,UP,3,majority
Ensemble-XGB+GPT-feat-inject,binary,ISRG,UP,UP,0.7268702983856201,UP,UP,3,majority
Ensemble-XGB+GPT-feat-inject,binary,JNJ,UP,,0.0,UP,,1,agreement
Ensemble-XGB+GPT-feat-inject,binary,JPM,DOWN,UP,0.6405598521232605,DOWN,DOWN,3,majority
Ensemble-XGB+GPT-feat-inject,binary,KLAC,UP,DOWN,0.5375070571899414,UP,UP,3,majority
Ensemble-XGB+GPT-feat-inject,binary,KO,UP,,0.0,UP,,1,agreement
Ensemble-XGB+GPT-feat-inject,binary,LIN,UP,UP,0.8774190545082092,DOWN,UP,3,majority
Ensemble-XGB+GPT-feat-inject,binary,LLY,UP,UP,0.5873882174491882,UP,UP,3,majority
Ensemble-XGB+GPT-feat-inject,binary,LMT,UP,DOWN,0.6052002906799316,UP,UP,3,majority
Ensemble-XGB+GPT-feat-inject,binary,LOW,UP,UP,0.7660863399505615,UP,UP,3,majority
Ensemble-XGB+GPT-feat-inject,binary,LRCX,UP,DOWN,0.63125079870224,UP,UP,3,majority
Ensemble-XGB+GPT-feat-inject,binary,MA,UP,,0.0,UP,,1,agreement
Ensemble-XGB+GPT-feat-inject,binary,MAR,UP,UP,0.5250173807144165,DOWN,UP,3,majority
Ensemble-XGB+GPT-feat-inject,binary,MCD,DOWN,DOWN,0.7197367548942566,DOWN,UP,3,majority
Ensemble-XGB+GPT-feat-inject,binary,META,UP,DOWN,0.6595696210861206,UP,UP,3,majority
Ensemble-XGB+GPT-feat-inject,binary,MO,UP,UP,0.6551470756530762,DOWN,UP,3,majority
Ensemble-XGB+GPT-feat-inject,binary,MRK,UP,DOWN,0.6260300278663635,UP,UP,3,majority
Ensemble-XGB+GPT-feat-inject,binary,MS,UP,UP,0.6507570147514343,UP,UP,3,majority
Ensemble-XGB+GPT-feat-inject,binary,MSFT,UP,DOWN,0.6321649551391602,UP,UP,3,majority
Ensemble-XGB+GPT-feat-inject,binary,MU,UP,DOWN,0.6786693334579468,UP,UP,3,majority
Ensemble-XGB+GPT-feat-inject,binary,NEE,UP,UP,0.783471941947937,UP,UP,3,majority
Ensemble-XGB+GPT-feat-inject,binary,NEM,UP,UP,0.8491896390914917,UP,UP,3,majority
Ensemble-XGB+GPT-feat-inject,binary,NFLX,UP,UP,0.7272477149963379,UP,UP,3,majority
Ensemble-XGB+GPT-feat-inject,binary,NVDA,UP,UP,0.6367442011833191,UP,UP,3,majority
Ensemble-XGB+GPT-feat-inject,binary,ORCL,UP,UP,0.5721810460090637,UP,UP,3,majority
Ensemble-XGB+GPT-feat-inject,binary,PEP,DOWN,DOWN,0.545039176940918,DOWN,UP,3,majority
Ensemble-XGB+GPT-feat-inject,binary,PFE,UP,DOWN,0.8041144013404846,UP,UP,3,majority
Ensemble-XGB+GPT-feat-inject,binary,PG,UP,UP,0.5833669304847717,DOWN,UP,3,majority
Ensemble-XGB+GPT-feat-inject,binary,PH,UP,UP,0.6011568903923035,UP,UP,3,majority
Ensemble-XGB+GPT-feat-inject,binary,PLD,UP,UP,0.8398150205612183,UP,UP,3,majority
Ensemble-XGB+GPT-feat-inject,binary,PLTR,UP,UP,0.8458009362220764,UP,UP,3,majority
Ensemble-XGB+GPT-feat-inject,binary,PM,UP,UP,0.6653205752372742,UP,UP,3,majority
Ensemble-XGB+GPT-feat-inject,binary,PWR,UP,UP,0.8502388000488281,UP,UP,3,majority
Ensemble-XGB+GPT-feat-inject,binary,RTX,UP,UP,0.7530930042266846,UP,UP,3,majority
Ensemble-XGB+GPT-feat-inject,binary,SBUX,DOWN,DOWN,0.5679597854614258,DOWN,UP,3,majority
Ensemble-XGB+GPT-feat-inject,binary,SCHW,UP,UP,0.7605741024017334,UP,UP,3,majority
Ensemble-XGB+GPT-feat-inject,binary,SHW,UP,DOWN,0.6114580631256104,UP,UP,3,majority
Ensemble-XGB+GPT-feat-inject,binary,SO,UP,,0.0,UP,,1,agreement
Ensemble-XGB+GPT-feat-inject,binary,SPG,DOWN,DOWN,0.6277908086776733,DOWN,UP,3,majority
Ensemble-XGB+GPT-feat-inject,binary,SPGI,UP,UP,0.5203769207000732,UP,UP,3,majority
Ensemble-XGB+GPT-feat-inject,binary,SRE,UP,,0.0,UP,,1,agreement
Ensemble-XGB+GPT-feat-inject,binary,SYK,UP,DOWN,0.7057185173034668,UP,UP,3,majority
Ensemble-XGB+GPT-feat-inject,binary,TJX,DOWN,DOWN,0.5598067045211792,DOWN,UP,3,majority
Ensemble-XGB+GPT-feat-inject,binary,TMO,UP,UP,0.7803909182548523,DOWN,UP,3,majority
Ensemble-XGB+GPT-feat-inject,binary,TMUS,UP,UP,0.6211352348327637,UP,UP,3,majority
Ensemble-XGB+GPT-feat-inject,binary,TSLA,UP,DOWN,0.6792675256729126,UP,UP,3,majority
Ensemble-XGB+GPT-feat-inject,binary,TT,UP,DOWN,0.6365512609481812,UP,UP,3,majority
Ensemble-XGB+GPT-feat-inject,binary,TXN,UP,UP,0.6786090135574341,UP,UP,3,majority
Ensemble-XGB+GPT-feat-inject,binary,UBER,UP,DOWN,0.5912438631057739,UP,UP,3,majority
Ensemble-XGB+GPT-feat-inject,binary,UNH,UP,UP,0.7993847727775574,DOWN,UP,3,majority
Ensemble-XGB+GPT-feat-inject,binary,UNP,UP,UP,0.677431583404541,UP,UP,3,majority
Ensemble-XGB+GPT-feat-inject,binary,V,UP,UP,0.6039298176765442,UP,UP,3,majority
Ensemble-XGB+GPT-feat-inject,binary,WELL,UP,UP,0.6749137043952942,UP,UP,3,majority
Ensemble-XGB+GPT-feat-inject,binary,WFC,UP,UP,0.8854357600212097,DOWN,UP,3,majority
Ensemble-XGB+GPT-feat-inject,binary,WMB,UP,UP,0.694337010383606,UP,UP,3,majority
Ensemble-XGB+GPT-feat-inject,binary,WMT,UP,UP,0.8366624712944031,UP,UP,3,majority
Ensemble-XGB+GPT-feat-inject,binary,XOM,UP,,0.0,UP,,1,agreement
Ensemble-XGB+GPT-feat-only,binary,AAPL,UP,UP,0.7113956809043884,DOWN,UP,3,majority
Ensemble-XGB+GPT-feat-only,binary,ABBV,UP,UP,0.7918427586555481,DOWN,UP,3,majority
Ensemble-XGB+GPT-feat-only,binary,ABNB,UP,UP,0.6341512799263,DOWN,UP,3,majority
Ensemble-XGB+GPT-feat-only,binary,ABT,UP,UP,0.888501763343811,DOWN,UP,3,majority
Ensemble-XGB+GPT-feat-only,binary,AEP,UP,,0.0,UP,,1,agreement
Ensemble-XGB+GPT-feat-only,binary,AMAT,UP,UP,0.5874327421188354,UP,UP,3,majority
Ensemble-XGB+GPT-feat-only,binary,AMD,UP,UP,0.7787294983863831,UP,UP,3,majority
Ensemble-XGB+GPT-feat-only,binary,AMGN,DOWN,DOWN,0.9070791006088256,DOWN,UP,3,majority
Ensemble-XGB+GPT-feat-only,binary,AMT,UP,UP,0.7178767323493958,DOWN,UP,3,majority
Ensemble-XGB+GPT-feat-only,binary,AMZN,UP,,0.0,UP,,1,agreement
Ensemble-XGB+GPT-feat-only,binary,APD,DOWN,,0.0,DOWN,,1,agreement
Ensemble-XGB+GPT-feat-only,binary,AVGO,UP,UP,0.5212748646736145,DOWN,UP,3,majority
Ensemble-XGB+GPT-feat-only,binary,AXP,UP,UP,0.7582918405532837,DOWN,UP,3,majority
Ensemble-XGB+GPT-feat-only,binary,BA,UP,UP,0.8120792508125305,DOWN,UP,3,majority
Ensemble-XGB+GPT-feat-only,binary,BAC,UP,UP,0.8269565105438232,DOWN,UP,3,majority
Ensemble-XGB+GPT-feat-only,binary,BKNG,UP,UP,0.6602661609649658,UP,UP,3,majority
Ensemble-XGB+GPT-feat-only,binary,BLK,UP,UP,0.7309955954551697,DOWN,UP,3,majority
Ensemble-XGB+GPT-feat-only,binary,C,UP,UP,0.6292172074317932,DOWN,UP,3,majority
Ensemble-XGB+GPT-feat-only,binary,CAT,UP,UP,0.7815836071968079,UP,UP,3,majority
Ensemble-XGB+GPT-feat-only,binary,CB,UP,UP,0.7833603620529175,DOWN,UP,3,majority
Ensemble-XGB+GPT-feat-only,binary,CEG,DOWN,DOWN,0.7239128351211548,DOWN,UP,3,majority
Ensemble-XGB+GPT-feat-only,binary,COF,DOWN,DOWN,0.9312359094619752,DOWN,UP,3,majority
Ensemble-XGB+GPT-feat-only,binary,COP,UP,UP,0.8557482361793518,DOWN,UP,3,majority
Ensemble-XGB+GPT-feat-only,binary,COST,UP,UP,0.6970160603523254,UP,UP,3,majority
Ensemble-XGB+GPT-feat-only,binary,CSCO,UP,DOWN,0.6394883394241333,UP,UP,3,majority
Ensemble-XGB+GPT-feat-only,binary,CVX,UP,UP,0.6240411996841431,DOWN,UP,3,majority
Ensemble-XGB+GPT-feat-only,binary,DE,UP,UP,0.8884698748588562,DOWN,UP,3,majority
Ensemble-XGB+GPT-feat-only,binary,DHR,UP,UP,0.6525953412055969,DOWN,UP,3,majority
Ensemble-XGB+GPT-feat-only,binary,DLR,UP,UP,0.5971041917800903,DOWN,UP,3,majority
Ensemble-XGB+GPT-feat-only,binary,DUK,UP,UP,0.6333000659942627,DOWN,UP,3,majority
Ensemble-XGB+GPT-feat-only,binary,ECL,UP,DOWN,0.7468106746673584,UP,UP,3,majority
Ensemble-XGB+GPT-feat-only,binary,EQIX,DOWN,,0.0,DOWN,,1,agreement
Ensemble-XGB+GPT-feat-only,binary,ETN,UP,UP,0.6053839325904846,DOWN,UP,3,majority
Ensemble-XGB+GPT-feat-only,binary,FCX,UP,DOWN,0.6320085525512695,UP,UP,3,majority
Ensemble-XGB+GPT-feat-only,binary,FDX,DOWN,DOWN,0.5247286558151245,DOWN,UP,3,majority
Ensemble-XGB+GPT-feat-only,binary,GE,UP,UP,0.7309054732322693,DOWN,UP,3,majority
Ensemble-XGB+GPT-feat-only,binary,GEV,UP,UP,0.6856281161308289,UP,UP,3,majority
Ensemble-XGB+GPT-feat-only,binary,GILD,UP,UP,0.9286519885063172,UP,UP,3,majority
Ensemble-XGB+GPT-feat-only,binary,GOOGL,UP,UP,0.6446284651756287,UP,UP,3,majority
Ensemble-XGB+GPT-feat-only,binary,GS,UP,UP,0.6232287287712097,UP,UP,3,majority
Ensemble-XGB+GPT-feat-only,binary,HD,UP,UP,0.7111341953277588,UP,UP,3,majority
Ensemble-XGB+GPT-feat-only,binary,HON,UP,UP,0.5613176226615906,DOWN,UP,3,majority
Ensemble-XGB+GPT-feat-only,binary,HWM,UP,UP,0.5964716672897339,DOWN,UP,3,majority
Ensemble-XGB+GPT-feat-only,binary,INTC,UP,UP,0.5381876826286316,UP,UP,3,majority
Ensemble-XGB+GPT-feat-only,binary,ISRG,UP,UP,0.7268702983856201,DOWN,UP,3,majority
Ensemble-XGB+GPT-feat-only,binary,JNJ,UP,,0.0,UP,,1,agreement
Ensemble-XGB+GPT-feat-only,binary,JPM,DOWN,UP,0.6405598521232605,DOWN,DOWN,3,majority
Ensemble-XGB+GPT-feat-only,binary,KLAC,DOWN,DOWN,0.5375070571899414,DOWN,UP,3,majority
Ensemble-XGB+GPT-feat-only,binary,KO,DOWN,,0.0,DOWN,,1,agreement
Ensemble-XGB+GPT-feat-only,binary,LIN,UP,UP,0.8774190545082092,DOWN,UP,3,majority
Ensemble-XGB+GPT-feat-only,binary,LLY,UP,UP,0.5873882174491882,DOWN,UP,3,majority
Ensemble-XGB+GPT-feat-only,binary,LMT,DOWN,DOWN,0.6052002906799316,DOWN,UP,3,majority
Ensemble-XGB+GPT-feat-only,binary,LOW,UP,UP,0.7660863399505615,UP,UP,3,majority
Ensemble-XGB+GPT-feat-only,binary,LRCX,DOWN,DOWN,0.63125079870224,DOWN,UP,3,majority
Ensemble-XGB+GPT-feat-only,binary,MA,UP,,0.0,UP,,1,agreement
Ensemble-XGB+GPT-feat-only,binary,MAR,UP,UP,0.5250173807144165,DOWN,UP,3,majority
Ensemble-XGB+GPT-feat-only,binary,MCD,DOWN,DOWN,0.7197367548942566,DOWN,UP,3,majority
Ensemble-XGB+GPT-feat-only,binary,META,DOWN,DOWN,0.6595696210861206,DOWN,UP,3,majority
Ensemble-XGB+GPT-feat-only,binary,MO,UP,UP,0.6551470756530762,DOWN,UP,3,majority
Ensemble-XGB+GPT-feat-only,binary,MRK,DOWN,DOWN,0.6260300278663635,DOWN,UP,3,majority
Ensemble-XGB+GPT-feat-only,binary,MS,UP,UP,0.6507570147514343,DOWN,UP,3,majority
Ensemble-XGB+GPT-feat-only,binary,MSFT,UP,DOWN,0.6321649551391602,UP,UP,3,majority
Ensemble-XGB+GPT-feat-only,binary,MU,UP,DOWN,0.6786693334579468,UP,UP,3,majority
Ensemble-XGB+GPT-feat-only,binary,NEE,UP,UP,0.783471941947937,DOWN,UP,3,majority
Ensemble-XGB+GPT-feat-only,binary,NEM,UP,UP,0.8491896390914917,DOWN,UP,3,majority
Ensemble-XGB+GPT-feat-only,binary,NFLX,UP,UP,0.7272477149963379,UP,UP,3,majority
Ensemble-XGB+GPT-feat-only,binary,NVDA,UP,UP,0.6367442011833191,UP,UP,3,majority
Ensemble-XGB+GPT-feat-only,binary,ORCL,UP,UP,0.5721810460090637,DOWN,UP,3,majority
Ensemble-XGB+GPT-feat-only,binary,PEP,UP,DOWN,0.545039176940918,UP,UP,3,majority
Ensemble-XGB+GPT-feat-only,binary,PFE,UP,DOWN,0.8041144013404846,UP,UP,3,majority
Ensemble-XGB+GPT-feat-only,binary,PG,UP,UP,0.5833669304847717,UP,UP,3,majority
Ensemble-XGB+GPT-feat-only,binary,PH,UP,UP,0.6011568903923035,DOWN,UP,3,majority
Ensemble-XGB+GPT-feat-only,binary,PLD,UP,UP,0.8398150205612183,DOWN,UP,3,majority
Ensemble-XGB+GPT-feat-only,binary,PLTR,UP,UP,0.8458009362220764,DOWN,UP,3,majority
Ensemble-XGB+GPT-feat-only,binary,PM,UP,UP,0.6653205752372742,DOWN,UP,3,majority
Ensemble-XGB+GPT-feat-only,binary,PWR,UP,UP,0.8502388000488281,DOWN,UP,3,majority
Ensemble-XGB+GPT-feat-only,binary,RTX,UP,UP,0.7530930042266846,DOWN,UP,3,majority
Ensemble-XGB+GPT-feat-only,binary,SBUX,UP,DOWN,0.5679597854614258,UP,UP,3,majority
Ensemble-XGB+GPT-feat-only,binary,SCHW,UP,UP,0.7605741024017334,UP,UP,3,majority
Ensemble-XGB+GPT-feat-only,binary,SHW,UP,DOWN,0.6114580631256104,UP,UP,3,majority
Ensemble-XGB+GPT-feat-only,binary,SO,DOWN,,0.0,DOWN,,1,agreement
Ensemble-XGB+GPT-feat-only,binary,SPG,DOWN,DOWN,0.6277908086776733,DOWN,UP,3,majority
Ensemble-XGB+GPT-feat-only,binary,SPGI,UP,UP,0.5203769207000732,DOWN,UP,3,majority
Ensemble-XGB+GPT-feat-only,binary,SRE,DOWN,,0.0,DOWN,,1,agreement
Ensemble-XGB+GPT-feat-only,binary,SYK,UP,DOWN,0.7057185173034668,UP,UP,3,majority
Ensemble-XGB+GPT-feat-only,binary,TJX,UP,DOWN,0.5598067045211792,UP,UP,3,majority
Ensemble-XGB+GPT-feat-only,binary,TMO,UP,UP,0.7803909182548523,UP,UP,3,majority
Ensemble-XGB+GPT-feat-only,binary,TMUS,UP,UP,0.6211352348327637,UP,UP,3,majority
Ensemble-XGB+GPT-feat-only,binary,TSLA,DOWN,DOWN,0.6792675256729126,DOWN,UP,3,majority
Ensemble-XGB+GPT-feat-only,binary,TT,DOWN,DOWN,0.6365512609481812,DOWN,UP,3,majority
Ensemble-XGB+GPT-feat-only,binary,TXN,UP,UP,0.6786090135574341,DOWN,UP,3,majority
Ensemble-XGB+GPT-feat-only,binary,UBER,DOWN,DOWN,0.5912438631057739,DOWN,UP,3,majority
Ensemble-XGB+GPT-feat-only,binary,UNH,UP,UP,0.7993847727775574,DOWN,UP,3,majority
Ensemble-XGB+GPT-feat-only,binary,UNP,UP,UP,0.677431583404541,DOWN,UP,3,majority
Ensemble-XGB+GPT-feat-only,binary,V,UP,UP,0.6039298176765442,DOWN,UP,3,majority
Ensemble-XGB+GPT-feat-only,binary,WELL,UP,UP,0.6749137043952942,UP,UP,3,majority
Ensemble-XGB+GPT-feat-only,binary,WFC,UP,UP,0.8854357600212097,DOWN,UP,3,majority
Ensemble-XGB+GPT-feat-only,binary,WMB,UP,UP,0.694337010383606,UP,UP,3,majority
Ensemble-XGB+GPT-feat-only,binary,WMT,UP,UP,0.8366624712944031,DOWN,UP,3,majority
Ensemble-XGB+GPT-feat-only,binary,XOM,DOWN,,0.0,DOWN,,1,agreement
Ensemble-XGB+GPT-speaker-seg,binary,AAPL,UP,UP,0.7113956809043884,DOWN,UP,3,majority
Ensemble-XGB+GPT-speaker-seg,binary,ABBV,UP,UP,0.7918427586555481,DOWN,UP,3,majority
Ensemble-XGB+GPT-speaker-seg,binary,ABNB,UP,UP,0.6341512799263,DOWN,UP,3,majority
Ensemble-XGB+GPT-speaker-seg,binary,ABT,UP,UP,0.888501763343811,DOWN,UP,3,majority
Ensemble-XGB+GPT-speaker-seg,binary,AEP,UP,,0.0,UP,,1,agreement
Ensemble-XGB+GPT-speaker-seg,binary,AMAT,UP,UP,0.5874327421188354,UP,UP,3,majority
Ensemble-XGB+GPT-speaker-seg,binary,AMD,UP,UP,0.7787294983863831,UP,UP,3,majority
Ensemble-XGB+GPT-speaker-seg,binary,AMGN,DOWN,DOWN,0.9070791006088256,DOWN,UP,3,majority
Ensemble-XGB+GPT-speaker-seg,binary,AMT,UP,UP,0.7178767323493958,DOWN,UP,3,majority
Ensemble-XGB+GPT-speaker-seg,binary,AMZN,DOWN,,0.0,DOWN,,1,agreement
Ensemble-XGB+GPT-speaker-seg,binary,APD,DOWN,,0.0,DOWN,,1,agreement
Ensemble-XGB+GPT-speaker-seg,binary,AVGO,UP,UP,0.5212748646736145,UP,UP,3,majority
Ensemble-XGB+GPT-speaker-seg,binary,AXP,UP,UP,0.7582918405532837,DOWN,UP,3,majority
Ensemble-XGB+GPT-speaker-seg,binary,BA,UP,UP,0.8120792508125305,UP,UP,3,majority
Ensemble-XGB+GPT-speaker-seg,binary,BAC,UP,UP,0.8269565105438232,DOWN,UP,3,majority
Ensemble-XGB+GPT-speaker-seg,binary,BKNG,UP,UP,0.6602661609649658,DOWN,UP,3,majority
Ensemble-XGB+GPT-speaker-seg,binary,BLK,UP,UP,0.7309955954551697,UP,UP,3,majority
Ensemble-XGB+GPT-speaker-seg,binary,C,UP,UP,0.6292172074317932,DOWN,UP,3,majority
Ensemble-XGB+GPT-speaker-seg,binary,CAT,UP,UP,0.7815836071968079,DOWN,UP,3,majority
Ensemble-XGB+GPT-speaker-seg,binary,CB,UP,UP,0.7833603620529175,DOWN,UP,3,majority
Ensemble-XGB+GPT-speaker-seg,binary,CEG,DOWN,DOWN,0.7239128351211548,DOWN,UP,3,majority
Ensemble-XGB+GPT-speaker-seg,binary,COF,DOWN,DOWN,0.9312359094619752,DOWN,UP,3,majority
Ensemble-XGB+GPT-speaker-seg,binary,COP,UP,UP,0.8557482361793518,DOWN,UP,3,majority
Ensemble-XGB+GPT-speaker-seg,binary,COST,UP,UP,0.6970160603523254,DOWN,UP,3,majority
Ensemble-XGB+GPT-speaker-seg,binary,CSCO,DOWN,DOWN,0.6394883394241333,DOWN,UP,3,majority
Ensemble-XGB+GPT-speaker-seg,binary,CVX,UP,UP,0.6240411996841431,DOWN,UP,3,majority
Ensemble-XGB+GPT-speaker-seg,binary,DE,UP,UP,0.8884698748588562,DOWN,UP,3,majority
Ensemble-XGB+GPT-speaker-seg,binary,DHR,UP,UP,0.6525953412055969,DOWN,UP,3,majority
Ensemble-XGB+GPT-speaker-seg,binary,DLR,UP,UP,0.5971041917800903,DOWN,UP,3,majority
Ensemble-XGB+GPT-speaker-seg,binary,DUK,UP,UP,0.6333000659942627,UP,UP,3,majority
Ensemble-XGB+GPT-speaker-seg,binary,ECL,UP,DOWN,0.7468106746673584,UP,UP,3,majority
Ensemble-XGB+GPT-speaker-seg,binary,EQIX,DOWN,,0.0,DOWN,,1,agreement
Ensemble-XGB+GPT-speaker-seg,binary,ETN,UP,UP,0.6053839325904846,UP,UP,3,majority
Ensemble-XGB+GPT-speaker-seg,binary,FCX,UP,DOWN,0.6320085525512695,UP,UP,3,majority
Ensemble-XGB+GPT-speaker-seg,binary,FDX,DOWN,DOWN,0.5247286558151245,DOWN,UP,3,majority
Ensemble-XGB+GPT-speaker-seg,binary,GE,UP,UP,0.7309054732322693,DOWN,UP,3,majority
Ensemble-XGB+GPT-speaker-seg,binary,GEV,UP,UP,0.6856281161308289,DOWN,UP,3,majority
Ensemble-XGB+GPT-speaker-seg,binary,GILD,UP,UP,0.9286519885063172,UP,UP,3,majority
Ensemble-XGB+GPT-speaker-seg,binary,GOOGL,UP,UP,0.6446284651756287,UP,UP,3,majority
Ensemble-XGB+GPT-speaker-seg,binary,GS,UP,UP,0.6232287287712097,UP,UP,3,majority
Ensemble-XGB+GPT-speaker-seg,binary,HD,UP,UP,0.7111341953277588,UP,UP,3,majority
Ensemble-XGB+GPT-speaker-seg,binary,HON,UP,UP,0.5613176226615906,DOWN,UP,3,majority
Ensemble-XGB+GPT-speaker-seg,binary,HWM,UP,UP,0.5964716672897339,DOWN,UP,3,majority
Ensemble-XGB+GPT-speaker-seg,binary,INTC,UP,UP,0.5381876826286316,UP,UP,3,majority
Ensemble-XGB+GPT-speaker-seg,binary,ISRG,UP,UP,0.7268702983856201,DOWN,UP,3,majority
Ensemble-XGB+GPT-speaker-seg,binary,JNJ,DOWN,,0.0,DOWN,,1,agreement
Ensemble-XGB+GPT-speaker-seg,binary,JPM,DOWN,UP,0.6405598521232605,DOWN,DOWN,3,majority
Ensemble-XGB+GPT-speaker-seg,binary,KLAC,DOWN,DOWN,0.5375070571899414,DOWN,UP,3,majority
Ensemble-XGB+GPT-speaker-seg,binary,KO,DOWN,,0.0,DOWN,,1,agreement
Ensemble-XGB+GPT-speaker-seg,binary,LIN,UP,UP,0.8774190545082092,DOWN,UP,3,majority
Ensemble-XGB+GPT-speaker-seg,binary,LLY,UP,UP,0.5873882174491882,DOWN,UP,3,majority
Ensemble-XGB+GPT-speaker-seg,binary,LMT,DOWN,DOWN,0.6052002906799316,DOWN,UP,3,majority
Ensemble-XGB+GPT-speaker-seg,binary,LOW,UP,UP,0.7660863399505615,UP,UP,3,majority
Ensemble-XGB+GPT-speaker-seg,binary,LRCX,UP,DOWN,0.63125079870224,UP,UP,3,majority
Ensemble-XGB+GPT-speaker-seg,binary,MA,UP,,0.0,UP,,1,agreement
Ensemble-XGB+GPT-speaker-seg,binary,MAR,UP,UP,0.5250173807144165,DOWN,UP,3,majority
Ensemble-XGB+GPT-speaker-seg,binary,MCD,DOWN,DOWN,0.7197367548942566,DOWN,UP,3,majority
Ensemble-XGB+GPT-speaker-seg,binary,META,UP,DOWN,0.6595696210861206,UP,UP,3,majority
Ensemble-XGB+GPT-speaker-seg,binary,MO,UP,UP,0.6551470756530762,DOWN,UP,3,majority
Ensemble-XGB+GPT-speaker-seg,binary,MRK,DOWN,DOWN,0.6260300278663635,DOWN,UP,3,majority
Ensemble-XGB+GPT-speaker-seg,binary,MS,UP,UP,0.6507570147514343,DOWN,UP,3,majority
Ensemble-XGB+GPT-speaker-seg,binary,MSFT,DOWN,DOWN,0.6321649551391602,DOWN,UP,3,majority
Ensemble-XGB+GPT-speaker-seg,binary,MU,UP,DOWN,0.6786693334579468,UP,UP,3,majority
Ensemble-XGB+GPT-speaker-seg,binary,NEE,UP,UP,0.783471941947937,DOWN,UP,3,majority
Ensemble-XGB+GPT-speaker-seg,binary,NEM,UP,UP,0.8491896390914917,DOWN,UP,3,majority
Ensemble-XGB+GPT-speaker-seg,binary,NFLX,UP,UP,0.7272477149963379,UP,UP,3,majority
Ensemble-XGB+GPT-speaker-seg,binary,NVDA,UP,UP,0.6367442011833191,UP,UP,3,majority
Ensemble-XGB+GPT-speaker-seg,binary,ORCL,UP,UP,0.5721810460090637,DOWN,UP,3,majority
Ensemble-XGB+GPT-speaker-seg,binary,PEP,UP,DOWN,0.545039176940918,UP,UP,3,majority
Ensemble-XGB+GPT-speaker-seg,binary,PFE,UP,DOWN,0.8041144013404846,UP,UP,3,majority
Ensemble-XGB+GPT-speaker-seg,binary,PG,UP,UP,0.5833669304847717,UP,UP,3,majority
Ensemble-XGB+GPT-speaker-seg,binary,PH,UP,UP,0.6011568903923035,DOWN,UP,3,majority
Ensemble-XGB+GPT-speaker-seg,binary,PLD,UP,UP,0.8398150205612183,DOWN,UP,3,majority
Ensemble-XGB+GPT-speaker-seg,binary,PLTR,UP,UP,0.8458009362220764,DOWN,UP,3,majority
Ensemble-XGB+GPT-speaker-seg,binary,PM,UP,UP,0.6653205752372742,DOWN,UP,3,majority
Ensemble-XGB+GPT-speaker-seg,binary,PWR,UP,UP,0.8502388000488281,DOWN,UP,3,majority
Ensemble-XGB+GPT-speaker-seg,binary,RTX,UP,UP,0.7530930042266846,DOWN,UP,3,majority
Ensemble-XGB+GPT-speaker-seg,binary,SBUX,DOWN,DOWN,0.5679597854614258,DOWN,UP,3,majority
Ensemble-XGB+GPT-speaker-seg,binary,SCHW,UP,UP,0.7605741024017334,UP,UP,3,majority
Ensemble-XGB+GPT-speaker-seg,binary,SHW,DOWN,DOWN,0.6114580631256104,DOWN,UP,3,majority
Ensemble-XGB+GPT-speaker-seg,binary,SO,DOWN,,0.0,DOWN,,1,agreement
Ensemble-XGB+GPT-speaker-seg,binary,SPG,DOWN,DOWN,0.6277908086776733,DOWN,UP,3,majority
Ensemble-XGB+GPT-speaker-seg,binary,SPGI,UP,UP,0.5203769207000732,DOWN,UP,3,majority
Ensemble-XGB+GPT-speaker-seg,binary,SRE,DOWN,,0.0,DOWN,,1,agreement
Ensemble-XGB+GPT-speaker-seg,binary,SYK,DOWN,DOWN,0.7057185173034668,DOWN,UP,3,majority
Ensemble-XGB+GPT-speaker-seg,binary,TJX,UP,DOWN,0.5598067045211792,UP,UP,3,majority
Ensemble-XGB+GPT-speaker-seg,binary,TMO,UP,UP,0.7803909182548523,DOWN,UP,3,majority
Ensemble-XGB+GPT-speaker-seg,binary,TMUS,UP,UP,0.6211352348327637,DOWN,UP,3,majority
Ensemble-XGB+GPT-speaker-seg,binary,TSLA,DOWN,DOWN,0.6792675256729126,DOWN,UP,3,majority
Ensemble-XGB+GPT-speaker-seg,binary,TT,DOWN,DOWN,0.6365512609481812,DOWN,UP,3,majority
Ensemble-XGB+GPT-speaker-seg,binary,TXN,UP,UP,0.6786090135574341,DOWN,UP,3,majority
Ensemble-XGB+GPT-speaker-seg,binary,UBER,DOWN,DOWN,0.5912438631057739,DOWN,UP,3,majority
Ensemble-XGB+GPT-speaker-seg,binary,UNH,UP,UP,0.7993847727775574,UP,UP,3,majority
Ensemble-XGB+GPT-speaker-seg,binary,UNP,UP,UP,0.677431583404541,DOWN,UP,3,majority
Ensemble-XGB+GPT-speaker-seg,binary,V,UP,UP,0.6039298176765442,DOWN,UP,3,majority
Ensemble-XGB+GPT-speaker-seg,binary,WELL,UP,UP,0.6749137043952942,UP,UP,3,majority
Ensemble-XGB+GPT-speaker-seg,binary,WFC,UP,UP,0.8854357600212097,DOWN,UP,3,majority
Ensemble-XGB+GPT-speaker-seg,binary,WMB,UP,UP,0.694337010383606,UP,UP,3,majority
Ensemble-XGB+GPT-speaker-seg,binary,WMT,UP,UP,0.8366624712944031,UP,UP,3,majority
Ensemble-XGB+GPT-speaker-seg,binary,XOM,DOWN,,0.0,DOWN,,1,agreement
Ensemble-XGB+GPT-contrastive,binary,AAPL,UP,UP,0.7113956809043884,UP,UP,3,majority
Ensemble-XGB+GPT-contrastive,binary,ABBV,UP,UP,0.7918427586555481,UP,UP,3,majority
Ensemble-XGB+GPT-contrastive,binary,ABNB,UP,UP,0.6341512799263,UP,UP,3,majority
Ensemble-XGB+GPT-contrastive,binary,ABT,UP,UP,0.888501763343811,UP,UP,3,majority
Ensemble-XGB+GPT-contrastive,binary,AEP,UP,,0.0,UP,,1,agreement
Ensemble-XGB+GPT-contrastive,binary,AMAT,UP,UP,0.5874327421188354,UP,UP,3,majority
Ensemble-XGB+GPT-contrastive,binary,AMD,UP,UP,0.7787294983863831,UP,UP,3,majority
Ensemble-XGB+GPT-contrastive,binary,AMGN,UP,DOWN,0.9070791006088256,UP,UP,3,majority
Ensemble-XGB+GPT-contrastive,binary,AMT,UP,UP,0.7178767323493958,UP,UP,3,majority
Ensemble-XGB+GPT-contrastive,binary,AMZN,UP,,0.0,UP,,1,agreement
Ensemble-XGB+GPT-contrastive,binary,APD,DOWN,,0.0,DOWN,,1,agreement
Ensemble-XGB+GPT-contrastive,binary,AVGO,UP,UP,0.5212748646736145,UP,UP,3,majority
Ensemble-XGB+GPT-contrastive,binary,AXP,UP,UP,0.7582918405532837,UP,UP,3,majority
Ensemble-XGB+GPT-contrastive,binary,BA,UP,UP,0.8120792508125305,UP,UP,3,majority
Ensemble-XGB+GPT-contrastive,binary,BAC,UP,UP,0.8269565105438232,UP,UP,3,majority
Ensemble-XGB+GPT-contrastive,binary,BKNG,UP,UP,0.6602661609649658,DOWN,UP,3,majority
Ensemble-XGB+GPT-contrastive,binary,BLK,UP,UP,0.7309955954551697,UP,UP,3,majority
Ensemble-XGB+GPT-contrastive,binary,C,UP,UP,0.6292172074317932,UP,UP,3,majority
Ensemble-XGB+GPT-contrastive,binary,CAT,UP,UP,0.7815836071968079,DOWN,UP,3,majority
Ensemble-XGB+GPT-contrastive,binary,CB,UP,UP,0.7833603620529175,DOWN,UP,3,majority
Ensemble-XGB+GPT-contrastive,binary,CEG,UP,DOWN,0.7239128351211548,UP,UP,3,majority
Ensemble-XGB+GPT-contrastive,binary,COF,UP,DOWN,0.9312359094619752,UP,UP,3,majority
Ensemble-XGB+GPT-contrastive,binary,COP,UP,UP,0.8557482361793518,UP,UP,3,majority
Ensemble-XGB+GPT-contrastive,binary,COST,UP,UP,0.6970160603523254,UP,UP,3,majority
Ensemble-XGB+GPT-contrastive,binary,CSCO,UP,DOWN,0.6394883394241333,UP,UP,3,majority
Ensemble-XGB+GPT-contrastive,binary,CVX,UP,UP,0.6240411996841431,UP,UP,3,majority
Ensemble-XGB+GPT-contrastive,binary,DE,UP,UP,0.8884698748588562,DOWN,UP,3,majority
Ensemble-XGB+GPT-contrastive,binary,DHR,UP,UP,0.6525953412055969,UP,UP,3,majority
Ensemble-XGB+GPT-contrastive,binary,DLR,UP,UP,0.5971041917800903,UP,UP,3,majority
Ensemble-XGB+GPT-contrastive,binary,DUK,UP,UP,0.6333000659942627,UP,UP,3,majority
Ensemble-XGB+GPT-contrastive,binary,ECL,UP,DOWN,0.7468106746673584,UP,UP,3,majority
Ensemble-XGB+GPT-contrastive,binary,EQIX,UP,,0.0,UP,,1,agreement
Ensemble-XGB+GPT-contrastive,binary,ETN,UP,UP,0.6053839325904846,UP,UP,3,majority
Ensemble-XGB+GPT-contrastive,binary,FCX,UP,DOWN,0.6320085525512695,UP,UP,3,majority
Ensemble-XGB+GPT-contrastive,binary,FDX,DOWN,DOWN,0.5247286558151245,DOWN,UP,3,majority
Ensemble-XGB+GPT-contrastive,binary,GE,UP,UP,0.7309054732322693,UP,UP,3,majority
Ensemble-XGB+GPT-contrastive,binary,GEV,UP,UP,0.6856281161308289,UP,UP,3,majority
Ensemble-XGB+GPT-contrastive,binary,GILD,UP,UP,0.9286519885063172,UP,UP,3,majority
Ensemble-XGB+GPT-contrastive,binary,GOOGL,UP,UP,0.6446284651756287,UP,UP,3,majority
Ensemble-XGB+GPT-contrastive,binary,GS,UP,UP,0.6232287287712097,UP,UP,3,majority
Ensemble-XGB+GPT-contrastive,binary,HD,UP,UP,0.7111341953277588,DOWN,UP,3,majority
Ensemble-XGB+GPT-contrastive,binary,HON,UP,UP,0.5613176226615906,UP,UP,3,majority
Ensemble-XGB+GPT-contrastive,binary,HWM,UP,UP,0.5964716672897339,UP,UP,3,majority
Ensemble-XGB+GPT-contrastive,binary,INTC,UP,UP,0.5381876826286316,DOWN,UP,3,majority
Ensemble-XGB+GPT-contrastive,binary,ISRG,UP,UP,0.7268702983856201,UP,UP,3,majority
Ensemble-XGB+GPT-contrastive,binary,JNJ,UP,,0.0,UP,,1,agreement
Ensemble-XGB+GPT-contrastive,binary,JPM,DOWN,UP,0.6405598521232605,DOWN,DOWN,3,majority
Ensemble-XGB+GPT-contrastive,binary,KLAC,UP,DOWN,0.5375070571899414,UP,UP,3,majority
Ensemble-XGB+GPT-contrastive,binary,KO,DOWN,,0.0,DOWN,,1,agreement
Ensemble-XGB+GPT-contrastive,binary,LIN,UP,UP,0.8774190545082092,DOWN,UP,3,majority
Ensemble-XGB+GPT-contrastive,binary,LLY,UP,UP,0.5873882174491882,UP,UP,3,majority
Ensemble-XGB+GPT-contrastive,binary,LMT,UP,DOWN,0.6052002906799316,UP,UP,3,majority
Ensemble-XGB+GPT-contrastive,binary,LOW,UP,UP,0.7660863399505615,DOWN,UP,3,majority
Ensemble-XGB+GPT-contrastive,binary,LRCX,UP,DOWN,0.63125079870224,UP,UP,3,majority
Ensemble-XGB+GPT-contrastive,binary,MA,UP,,0.0,UP,,1,agreement
Ensemble-XGB+GPT-contrastive,binary,MAR,UP,UP,0.5250173807144165,DOWN,UP,3,majority
Ensemble-XGB+GPT-contrastive,binary,MCD,DOWN,DOWN,0.7197367548942566,DOWN,UP,3,majority
Ensemble-XGB+GPT-contrastive,binary,META,UP,DOWN,0.6595696210861206,UP,UP,3,majority
Ensemble-XGB+GPT-contrastive,binary,MO,UP,UP,0.6551470756530762,DOWN,UP,3,majority
Ensemble-XGB+GPT-contrastive,binary,MRK,DOWN,DOWN,0.6260300278663635,DOWN,UP,3,majority
Ensemble-XGB+GPT-contrastive,binary,MS,UP,UP,0.6507570147514343,UP,UP,3,majority
Ensemble-XGB+GPT-contrastive,binary,MSFT,UP,DOWN,0.6321649551391602,UP,UP,3,majority
Ensemble-XGB+GPT-contrastive,binary,MU,UP,DOWN,0.6786693334579468,UP,UP,3,majority
Ensemble-XGB+GPT-contrastive,binary,NEE,UP,UP,0.783471941947937,UP,UP,3,majority
Ensemble-XGB+GPT-contrastive,binary,NEM,UP,UP,0.8491896390914917,UP,UP,3,majority
Ensemble-XGB+GPT-contrastive,binary,NFLX,UP,UP,0.7272477149963379,UP,UP,3,majority
Ensemble-XGB+GPT-contrastive,binary,NVDA,UP,UP,0.6367442011833191,UP,UP,3,majority
Ensemble-XGB+GPT-contrastive,binary,ORCL,UP,UP,0.5721810460090637,UP,UP,3,majority
Ensemble-XGB+GPT-contrastive,binary,PEP,DOWN,DOWN,0.545039176940918,DOWN,UP,3,majority
Ensemble-XGB+GPT-contrastive,binary,PFE,UP,DOWN,0.8041144013404846,UP,UP,3,majority
Ensemble-XGB+GPT-contrastive,binary,PG,UP,UP,0.5833669304847717,DOWN,UP,3,majority
Ensemble-XGB+GPT-contrastive,binary,PH,UP,UP,0.6011568903923035,UP,UP,3,majority
Ensemble-XGB+GPT-contrastive,binary,PLD,UP,UP,0.8398150205612183,UP,UP,3,majority
Ensemble-XGB+GPT-contrastive,binary,PLTR,UP,UP,0.8458009362220764,UP,UP,3,majority
Ensemble-XGB+GPT-contrastive,binary,PM,UP,UP,0.6653205752372742,UP,UP,3,majority
Ensemble-XGB+GPT-contrastive,binary,PWR,UP,UP,0.8502388000488281,UP,UP,3,majority
Ensemble-XGB+GPT-contrastive,binary,RTX,UP,UP,0.7530930042266846,UP,UP,3,majority
Ensemble-XGB+GPT-contrastive,binary,SBUX,DOWN,DOWN,0.5679597854614258,DOWN,UP,3,majority
Ensemble-XGB+GPT-contrastive,binary,SCHW,UP,UP,0.7605741024017334,UP,UP,3,majority
Ensemble-XGB+GPT-contrastive,binary,SHW,UP,DOWN,0.6114580631256104,UP,UP,3,majority
Ensemble-XGB+GPT-contrastive,binary,SO,UP,,0.0,UP,,1,agreement
Ensemble-XGB+GPT-contrastive,binary,SPG,DOWN,DOWN,0.6277908086776733,DOWN,UP,3,majority
Ensemble-XGB+GPT-contrastive,binary,SPGI,UP,UP,0.5203769207000732,UP,UP,3,majority
Ensemble-XGB+GPT-contrastive,binary,SRE,UP,,0.0,UP,,1,agreement
Ensemble-XGB+GPT-contrastive,binary,SYK,UP,DOWN,0.7057185173034668,UP,UP,3,majority
Ensemble-XGB+GPT-contrastive,binary,TJX,DOWN,DOWN,0.5598067045211792,DOWN,UP,3,majority
Ensemble-XGB+GPT-contrastive,binary,TMO,UP,UP,0.7803909182548523,DOWN,UP,3,majority
Ensemble-XGB+GPT-contrastive,binary,TMUS,UP,UP,0.6211352348327637,UP,UP,3,majority
Ensemble-XGB+GPT-contrastive,binary,TSLA,UP,DOWN,0.6792675256729126,UP,UP,3,majority
Ensemble-XGB+GPT-contrastive,binary,TT,UP,DOWN,0.6365512609481812,UP,UP,3,majority
Ensemble-XGB+GPT-contrastive,binary,TXN,UP,UP,0.6786090135574341,DOWN,UP,3,majority
Ensemble-XGB+GPT-contrastive,binary,UBER,UP,DOWN,0.5912438631057739,UP,UP,3,majority
Ensemble-XGB+GPT-contrastive,binary,UNH,UP,UP,0.7993847727775574,DOWN,UP,3,majority
Ensemble-XGB+GPT-contrastive,binary,UNP,UP,UP,0.677431583404541,UP,UP,3,majority
Ensemble-XGB+GPT-contrastive,binary,V,UP,UP,0.6039298176765442,UP,UP,3,majority
Ensemble-XGB+GPT-contrastive,binary,WELL,UP,UP,0.6749137043952942,UP,UP,3,majority
Ensemble-XGB+GPT-contrastive,binary,WFC,UP,UP,0.8854357600212097,UP,UP,3,majority
Ensemble-XGB+GPT-contrastive,binary,WMB,UP,UP,0.694337010383606,UP,UP,3,majority
Ensemble-XGB+GPT-contrastive,binary,WMT,UP,UP,0.8366624712944031,UP,UP,3,majority
Ensemble-XGB+GPT-contrastive,binary,XOM,UP,,0.0,UP,,1,agreement
Ensemble-XGB+GPT-xgb-inject,binary,AAPL,UP,UP,0.7113956809043884,UP,UP,3,majority
Ensemble-XGB+GPT-xgb-inject,binary,ABBV,UP,UP,0.7918427586555481,UP,UP,3,majority
Ensemble-XGB+GPT-xgb-inject,binary,ABNB,UP,UP,0.6341512799263,UP,UP,3,majority
Ensemble-XGB+GPT-xgb-inject,binary,ABT,UP,UP,0.888501763343811,UP,UP,3,majority
Ensemble-XGB+GPT-xgb-inject,binary,AEP,UP,,0.0,UP,,1,agreement
Ensemble-XGB+GPT-xgb-inject,binary,AMAT,UP,UP,0.5874327421188354,UP,UP,3,majority
Ensemble-XGB+GPT-xgb-inject,binary,AMD,UP,UP,0.7787294983863831,UP,UP,3,majority
Ensemble-XGB+GPT-xgb-inject,binary,AMGN,UP,DOWN,0.9070791006088256,UP,UP,3,majority
Ensemble-XGB+GPT-xgb-inject,binary,AMT,UP,UP,0.7178767323493958,UP,UP,3,majority
Ensemble-XGB+GPT-xgb-inject,binary,AMZN,UP,,0.0,UP,,1,agreement
Ensemble-XGB+GPT-xgb-inject,binary,APD,DOWN,,0.0,DOWN,,1,agreement
Ensemble-XGB+GPT-xgb-inject,binary,AVGO,UP,UP,0.5212748646736145,UP,UP,3,majority
Ensemble-XGB+GPT-xgb-inject,binary,AXP,UP,UP,0.7582918405532837,UP,UP,3,majority
Ensemble-XGB+GPT-xgb-inject,binary,BA,UP,UP,0.8120792508125305,UP,UP,3,majority
Ensemble-XGB+GPT-xgb-inject,binary,BAC,UP,UP,0.8269565105438232,UP,UP,3,majority
Ensemble-XGB+GPT-xgb-inject,binary,BKNG,UP,UP,0.6602661609649658,DOWN,UP,3,majority
Ensemble-XGB+GPT-xgb-inject,binary,BLK,UP,UP,0.7309955954551697,UP,UP,3,majority
Ensemble-XGB+GPT-xgb-inject,binary,C,UP,UP,0.6292172074317932,UP,UP,3,majority
Ensemble-XGB+GPT-xgb-inject,binary,CAT,UP,UP,0.7815836071968079,UP,UP,3,majority
Ensemble-XGB+GPT-xgb-inject,binary,CB,UP,UP,0.7833603620529175,UP,UP,3,majority
Ensemble-XGB+GPT-xgb-inject,binary,CEG,UP,DOWN,0.7239128351211548,UP,UP,3,majority
Ensemble-XGB+GPT-xgb-inject,binary,COF,DOWN,DOWN,0.9312359094619752,DOWN,UP,3,majority
Ensemble-XGB+GPT-xgb-inject,binary,COP,UP,UP,0.8557482361793518,UP,UP,3,majority
Ensemble-XGB+GPT-xgb-inject,binary,COST,UP,UP,0.6970160603523254,UP,UP,3,majority
Ensemble-XGB+GPT-xgb-inject,binary,CSCO,UP,DOWN,0.6394883394241333,UP,UP,3,majority
Ensemble-XGB+GPT-xgb-inject,binary,CVX,UP,UP,0.6240411996841431,UP,UP,3,majority
Ensemble-XGB+GPT-xgb-inject,binary,DE,UP,UP,0.8884698748588562,UP,UP,3,majority
Ensemble-XGB+GPT-xgb-inject,binary,DHR,UP,UP,0.6525953412055969,UP,UP,3,majority
Ensemble-XGB+GPT-xgb-inject,binary,DLR,UP,UP,0.5971041917800903,UP,UP,3,majority
Ensemble-XGB+GPT-xgb-inject,binary,DUK,UP,UP,0.6333000659942627,UP,UP,3,majority
Ensemble-XGB+GPT-xgb-inject,binary,ECL,DOWN,DOWN,0.7468106746673584,DOWN,UP,3,majority
Ensemble-XGB+GPT-xgb-inject,binary,EQIX,UP,,0.0,UP,,1,agreement
Ensemble-XGB+GPT-xgb-inject,binary,ETN,UP,UP,0.6053839325904846,UP,UP,3,majority
Ensemble-XGB+GPT-xgb-inject,binary,FCX,UP,DOWN,0.6320085525512695,UP,UP,3,majority
Ensemble-XGB+GPT-xgb-inject,binary,FDX,DOWN,DOWN,0.5247286558151245,DOWN,UP,3,majority
Ensemble-XGB+GPT-xgb-inject,binary,GE,UP,UP,0.7309054732322693,UP,UP,3,majority
Ensemble-XGB+GPT-xgb-inject,binary,GEV,UP,UP,0.6856281161308289,UP,UP,3,majority
Ensemble-XGB+GPT-xgb-inject,binary,GILD,UP,UP,0.9286519885063172,UP,UP,3,majority
Ensemble-XGB+GPT-xgb-inject,binary,GOOGL,UP,UP,0.6446284651756287,UP,UP,3,majority
Ensemble-XGB+GPT-xgb-inject,binary,GS,UP,UP,0.6232287287712097,UP,UP,3,majority
Ensemble-XGB+GPT-xgb-inject,binary,HD,UP,UP,0.7111341953277588,UP,UP,3,majority
Ensemble-XGB+GPT-xgb-inject,binary,HON,UP,UP,0.5613176226615906,UP,UP,3,majority
Ensemble-XGB+GPT-xgb-inject,binary,HWM,UP,UP,0.5964716672897339,UP,UP,3,majority
Ensemble-XGB+GPT-xgb-inject,binary,INTC,UP,UP,0.5381876826286316,DOWN,UP,3,majority
Ensemble-XGB+GPT-xgb-inject,binary,ISRG,UP,UP,0.7268702983856201,UP,UP,3,majority
Ensemble-XGB+GPT-xgb-inject,binary,JNJ,UP,,0.0,UP,,1,agreement
Ensemble-XGB+GPT-xgb-inject,binary,JPM,UP,UP,0.6405598521232605,UP,DOWN,3,majority
Ensemble-XGB+GPT-xgb-inject,binary,KLAC,UP,DOWN,0.5375070571899414,UP,UP,3,majority
Ensemble-XGB+GPT-xgb-inject,binary,KO,UP,,0.0,UP,,1,agreement
Ensemble-XGB+GPT-xgb-inject,binary,LIN,UP,UP,0.8774190545082092,UP,UP,3,majority
Ensemble-XGB+GPT-xgb-inject,binary,LLY,UP,UP,0.5873882174491882,UP,UP,3,majority
Ensemble-XGB+GPT-xgb-inject,binary,LMT,UP,DOWN,0.6052002906799316,UP,UP,3,majority
Ensemble-XGB+GPT-xgb-inject,binary,LOW,UP,UP,0.7660863399505615,UP,UP,3,majority
Ensemble-XGB+GPT-xgb-inject,binary,LRCX,UP,DOWN,0.63125079870224,UP,UP,3,majority
Ensemble-XGB+GPT-xgb-inject,binary,MA,UP,,0.0,UP,,1,agreement
Ensemble-XGB+GPT-xgb-inject,binary,MAR,UP,UP,0.5250173807144165,DOWN,UP,3,majority
Ensemble-XGB+GPT-xgb-inject,binary,MCD,DOWN,DOWN,0.7197367548942566,DOWN,UP,3,majority
Ensemble-XGB+GPT-xgb-inject,binary,META,UP,DOWN,0.6595696210861206,UP,UP,3,majority
Ensemble-XGB+GPT-xgb-inject,binary,MO,UP,UP,0.6551470756530762,UP,UP,3,majority
Ensemble-XGB+GPT-xgb-inject,binary,MRK,DOWN,DOWN,0.6260300278663635,DOWN,UP,3,majority
Ensemble-XGB+GPT-xgb-inject,binary,MS,UP,UP,0.6507570147514343,UP,UP,3,majority
Ensemble-XGB+GPT-xgb-inject,binary,MSFT,UP,DOWN,0.6321649551391602,UP,UP,3,majority
Ensemble-XGB+GPT-xgb-inject,binary,MU,UP,DOWN,0.6786693334579468,UP,UP,3,majority
Ensemble-XGB+GPT-xgb-inject,binary,NEE,UP,UP,0.783471941947937,UP,UP,3,majority
Ensemble-XGB+GPT-xgb-inject,binary,NEM,UP,UP,0.8491896390914917,UP,UP,3,majority
Ensemble-XGB+GPT-xgb-inject,binary,NFLX,UP,UP,0.7272477149963379,UP,UP,3,majority
Ensemble-XGB+GPT-xgb-inject,binary,NVDA,UP,UP,0.6367442011833191,UP,UP,3,majority
Ensemble-XGB+GPT-xgb-inject,binary,ORCL,UP,UP,0.5721810460090637,UP,UP,3,majority
Ensemble-XGB+GPT-xgb-inject,binary,PEP,DOWN,DOWN,0.545039176940918,DOWN,UP,3,majority
Ensemble-XGB+GPT-xgb-inject,binary,PFE,DOWN,DOWN,0.8041144013404846,DOWN,UP,3,majority
Ensemble-XGB+GPT-xgb-inject,binary,PG,UP,UP,0.5833669304847717,DOWN,UP,3,majority
Ensemble-XGB+GPT-xgb-inject,binary,PH,UP,UP,0.6011568903923035,UP,UP,3,majority
Ensemble-XGB+GPT-xgb-inject,binary,PLD,UP,UP,0.8398150205612183,UP,UP,3,majority
Ensemble-XGB+GPT-xgb-inject,binary,PLTR,UP,UP,0.8458009362220764,UP,UP,3,majority
Ensemble-XGB+GPT-xgb-inject,binary,PM,UP,UP,0.6653205752372742,UP,UP,3,majority
Ensemble-XGB+GPT-xgb-inject,binary,PWR,UP,UP,0.8502388000488281,UP,UP,3,majority
Ensemble-XGB+GPT-xgb-inject,binary,RTX,UP,UP,0.7530930042266846,UP,UP,3,majority
Ensemble-XGB+GPT-xgb-inject,binary,SBUX,DOWN,DOWN,0.5679597854614258,DOWN,UP,3,majority
Ensemble-XGB+GPT-xgb-inject,binary,SCHW,UP,UP,0.7605741024017334,UP,UP,3,majority
Ensemble-XGB+GPT-xgb-inject,binary,SHW,UP,DOWN,0.6114580631256104,UP,UP,3,majority
Ensemble-XGB+GPT-xgb-inject,binary,SO,UP,,0.0,UP,,1,agreement
Ensemble-XGB+GPT-xgb-inject,binary,SPG,DOWN,DOWN,0.6277908086776733,DOWN,UP,3,majority
Ensemble-XGB+GPT-xgb-inject,binary,SPGI,UP,UP,0.5203769207000732,DOWN,UP,3,majority
Ensemble-XGB+GPT-xgb-inject,binary,SRE,UP,,0.0,UP,,1,agreement
Ensemble-XGB+GPT-xgb-inject,binary,SYK,UP,DOWN,0.7057185173034668,UP,UP,3,majority
Ensemble-XGB+GPT-xgb-inject,binary,TJX,DOWN,DOWN,0.5598067045211792,DOWN,UP,3,majority
Ensemble-XGB+GPT-xgb-inject,binary,TMO,UP,UP,0.7803909182548523,DOWN,UP,3,majority
Ensemble-XGB+GPT-xgb-inject,binary,TMUS,UP,UP,0.6211352348327637,UP,UP,3,majority
Ensemble-XGB+GPT-xgb-inject,binary,TSLA,UP,DOWN,0.6792675256729126,UP,UP,3,majority
Ensemble-XGB+GPT-xgb-inject,binary,TT,UP,DOWN,0.6365512609481812,UP,UP,3,majority
Ensemble-XGB+GPT-xgb-inject,binary,TXN,UP,UP,0.6786090135574341,UP,UP,3,majority
Ensemble-XGB+GPT-xgb-inject,binary,UBER,DOWN,DOWN,0.5912438631057739,DOWN,UP,3,majority
Ensemble-XGB+GPT-xgb-inject,binary,UNH,UP,UP,0.7993847727775574,DOWN,UP,3,majority
Ensemble-XGB+GPT-xgb-inject,binary,UNP,UP,UP,0.677431583404541,UP,UP,3,majority
Ensemble-XGB+GPT-xgb-inject,binary,V,UP,UP,0.6039298176765442,UP,UP,3,majority
Ensemble-XGB+GPT-xgb-inject,binary,WELL,UP,UP,0.6749137043952942,UP,UP,3,majority
Ensemble-XGB+GPT-xgb-inject,binary,WFC,UP,UP,0.8854357600212097,UP,UP,3,majority
Ensemble-XGB+GPT-xgb-inject,binary,WMB,UP,UP,0.694337010383606,UP,UP,3,majority
Ensemble-XGB+GPT-xgb-inject,binary,WMT,UP,UP,0.8366624712944031,UP,UP,3,majority
Ensemble-XGB+GPT-xgb-inject,binary,XOM,UP,,0.0,UP,,1,agreement
Ensemble-XGB+GPT-zero,ternary,AAPL,UP,UP,0.7303208708763123,UP,,2,agreement
Ensemble-XGB+GPT-zero,ternary,ABBV,UP,UP,0.6413828730583191,UP,,2,agreement
Ensemble-XGB+GPT-zero,ternary,ABNB,UP,UP,0.7697778344154358,FLAT,,2,xgb_conf_0.77
Ensemble-XGB+GPT-zero,ternary,ABT,UP,UP,0.9544740319252014,UP,,2,agreement
Ensemble-XGB+GPT-zero,ternary,AEP,UP,FLAT,0.5618107914924622,UP,,2,xgb_conf_0.56
Ensemble-XGB+GPT-zero,ternary,AMAT,UP,UP,0.6607730984687805,UP,,2,agreement
Ensemble-XGB+GPT-zero,ternary,AMD,UP,UP,0.8055766820907593,UP,,2,agreement
Ensemble-XGB+GPT-zero,ternary,AMGN,UP,DOWN,0.5161386728286743,UP,,2,xgb_conf_0.52
Ensemble-XGB+GPT-zero,ternary,AMT,UP,UP,0.4842815697193146,UP,,2,agreement
Ensemble-XGB+GPT-zero,ternary,AMZN,UP,UP,0.8332909345626831,UP,,2,agreement
Ensemble-XGB+GPT-zero,ternary,APD,DOWN,DOWN,0.4615415930747986,DOWN,,2,agreement
Ensemble-XGB+GPT-zero,ternary,AVGO,UP,UP,0.5135496854782104,UP,,2,agreement
Ensemble-XGB+GPT-zero,ternary,AXP,UP,UP,0.784216582775116,FLAT,,2,xgb_conf_0.78
Ensemble-XGB+GPT-zero,ternary,BA,UP,UP,0.7649681568145752,UP,,2,agreement
Ensemble-XGB+GPT-zero,ternary,BAC,UP,UP,0.9196078777313232,UP,,2,agreement
Ensemble-XGB+GPT-zero,ternary,BKNG,UP,UP,0.711437463760376,UP,,2,agreement
Ensemble-XGB+GPT-zero,ternary,BLK,UP,UP,0.6692331433296204,UP,,2,agreement
Ensemble-XGB+GPT-zero,ternary,C,UP,UP,0.6730594635009766,UP,,2,agreement
Ensemble-XGB+GPT-zero,ternary,CAT,UP,UP,0.6650351285934448,FLAT,,2,xgb_conf_0.67
Ensemble-XGB+GPT-zero,ternary,CB,UP,UP,0.8078045845031738,FLAT,,2,xgb_conf_0.81
Ensemble-XGB+GPT-zero,ternary,CEG,UP,DOWN,0.5007846355438232,UP,,2,xgb_conf_0.50
Ensemble-XGB+GPT-zero,ternary,COF,DOWN,DOWN,0.8086274266242981,UP,,2,xgb_conf_0.81
Ensemble-XGB+GPT-zero,ternary,COP,UP,UP,0.8691163063049316,FLAT,,2,xgb_conf_0.87
Ensemble-XGB+GPT-zero,ternary,COST,UP,UP,0.8312603235244751,UP,,2,agreement
Ensemble-XGB+GPT-zero,ternary,CSCO,UP,DOWN,0.514485776424408,UP,,2,xgb_conf_0.51
Ensemble-XGB+GPT-zero,ternary,CVX,FLAT,UP,0.5722041726112366,FLAT,,2,xgb_conf_0.57
Ensemble-XGB+GPT-zero,ternary,DE,DOWN,FLAT,0.5082620978355408,DOWN,,2,xgb_conf_0.51
Ensemble-XGB+GPT-zero,ternary,DHR,UP,UP,0.7213757634162903,UP,,2,agreement
Ensemble-XGB+GPT-zero,ternary,DLR,UP,UP,0.6072511076927185,UP,,2,agreement
Ensemble-XGB+GPT-zero,ternary,DUK,UP,UP,0.5671284794807434,UP,,2,agreement
Ensemble-XGB+GPT-zero,ternary,ECL,DOWN,DOWN,0.6082583069801331,UP,,2,xgb_conf_0.61
Ensemble-XGB+GPT-zero,ternary,EQIX,UP,UP,0.9343961477279664,UP,,2,agreement
Ensemble-XGB+GPT-zero,ternary,ETN,UP,UP,0.6210967898368835,UP,,2,agreement
Ensemble-XGB+GPT-zero,ternary,FCX,UP,DOWN,0.5721399188041687,UP,,2,xgb_conf_0.57
Ensemble-XGB+GPT-zero,ternary,FDX,DOWN,UP,0.509958028793335,DOWN,,2,xgb_conf_0.51
Ensemble-XGB+GPT-zero,ternary,GE,UP,UP,0.612458348274231,UP,,2,agreement
Ensemble-XGB+GPT-zero,ternary,GEV,UP,UP,0.5959250926971436,UP,,2,agreement
Ensemble-XGB+GPT-zero,ternary,GILD,UP,UP,0.9556447863578796,FLAT,,2,xgb_conf_0.96
Ensemble-XGB+GPT-zero,ternary,GOOGL,UP,UP,0.6960240006446838,UP,,2,agreement
Ensemble-XGB+GPT-zero,ternary,GS,UP,UP,0.5910691618919373,UP,,2,agreement
Ensemble-XGB+GPT-zero,ternary,HD,UP,UP,0.8480783700942993,FLAT,,2,xgb_conf_0.85
Ensemble-XGB+GPT-zero,ternary,HON,UP,UP,0.6871559023857117,UP,,2,agreement
Ensemble-XGB+GPT-zero,ternary,HWM,UP,UP,0.6556607484817505,UP,,2,agreement
Ensemble-XGB+GPT-zero,ternary,INTC,DOWN,DOWN,0.5335747003555298,DOWN,,2,agreement
Ensemble-XGB+GPT-zero,ternary,ISRG,UP,UP,0.9476966261863708,UP,,2,agreement
Ensemble-XGB+GPT-zero,ternary,JNJ,UP,UP,0.903516173362732,UP,,2,agreement
Ensemble-XGB+GPT-zero,ternary,JPM,UP,UP,0.9353743195533752,FLAT,,2,xgb_conf_0.94
Ensemble-XGB+GPT-zero,ternary,KLAC,UP,DOWN,0.5290993452072144,UP,,2,xgb_conf_0.53
Ensemble-XGB+GPT-zero,ternary,KO,FLAT,UP,0.5983483195304871,FLAT,,2,xgb_conf_0.60
Ensemble-XGB+GPT-zero,ternary,LIN,UP,UP,0.8587049841880798,FLAT,,2,xgb_conf_0.86
Ensemble-XGB+GPT-zero,ternary,LLY,UP,UP,0.5908887982368469,UP,,2,agreement
Ensemble-XGB+GPT-zero,ternary,LMT,UP,UP,0.5228568315505981,UP,,2,agreement
Ensemble-XGB+GPT-zero,ternary,LOW,UP,UP,0.8012449741363525,UP,,2,agreement
Ensemble-XGB+GPT-zero,ternary,LRCX,UP,UP,0.5294151306152344,UP,,2,agreement
Ensemble-XGB+GPT-zero,ternary,MA,UP,UP,0.5067219138145447,UP,,2,agreement
Ensemble-XGB+GPT-zero,ternary,MAR,UP,UP,0.6605110168457031,DOWN,,2,xgb_conf_0.66
Ensemble-XGB+GPT-zero,ternary,MCD,FLAT,UP,0.5291780829429626,FLAT,,2,xgb_conf_0.53
Ensemble-XGB+GPT-zero,ternary,META,UP,DOWN,0.507614254951477,UP,,2,xgb_conf_0.51
Ensemble-XGB+GPT-zero,ternary,MO,UP,UP,0.8944091796875,FLAT,,2,xgb_conf_0.89
Ensemble-XGB+GPT-zero,ternary,MRK,DOWN,DOWN,0.6163644790649414,FLAT,,2,xgb_conf_0.62
Ensemble-XGB+GPT-zero,ternary,MS,UP,UP,0.700032114982605,UP,,2,agreement
Ensemble-XGB+GPT-zero,ternary,MSFT,UP,DOWN,0.5623641014099121,UP,,2,xgb_conf_0.56
Ensemble-XGB+GPT-zero,ternary,MU,UP,UP,0.6379860043525696,UP,,2,agreement
Ensemble-XGB+GPT-zero,ternary,NEE,UP,UP,0.6440721750259399,UP,,2,agreement
Ensemble-XGB+GPT-zero,ternary,NEM,UP,UP,0.7993531823158264,UP,,2,agreement
Ensemble-XGB+GPT-zero,ternary,NFLX,UP,UP,0.6922516226768494,UP,,2,agreement
Ensemble-XGB+GPT-zero,ternary,NVDA,UP,UP,0.6421626806259155,UP,,2,agreement
Ensemble-XGB+GPT-zero,ternary,ORCL,UP,UP,0.7930459976196289,UP,,2,agreement
Ensemble-XGB+GPT-zero,ternary,PEP,DOWN,UP,0.488424688577652,DOWN,,2,xgb_conf_0.49
Ensemble-XGB+GPT-zero,ternary,PFE,DOWN,DOWN,0.7235096096992493,UP,,2,xgb_conf_0.72
Ensemble-XGB+GPT-zero,ternary,PG,DOWN,UP,0.3739197254180908,DOWN,,2,xgb_conf_0.37
Ensemble-XGB+GPT-zero,ternary,PH,UP,UP,0.7007743120193481,UP,,2,agreement
Ensemble-XGB+GPT-zero,ternary,PLD,UP,UP,0.926174819469452,FLAT,,2,xgb_conf_0.93
Ensemble-XGB+GPT-zero,ternary,PLTR,UP,UP,0.9271623492240906,UP,,2,agreement
Ensemble-XGB+GPT-zero,ternary,PM,UP,UP,0.4686643779277801,UP,,2,agreement
Ensemble-XGB+GPT-zero,ternary,PWR,UP,UP,0.9447943568229676,UP,,2,agreement
Ensemble-XGB+GPT-zero,ternary,RTX,UP,UP,0.88055020570755,UP,,2,agreement
Ensemble-XGB+GPT-zero,ternary,SBUX,DOWN,UP,0.5315513610839844,DOWN,,2,xgb_conf_0.53
Ensemble-XGB+GPT-zero,ternary,SCHW,UP,UP,0.7855741381645203,UP,,2,agreement
Ensemble-XGB+GPT-zero,ternary,SHW,FLAT,UP,0.5691658854484558,FLAT,,2,xgb_conf_0.57
Ensemble-XGB+GPT-zero,ternary,SO,UP,UP,0.9618571400642396,UP,,2,agreement
Ensemble-XGB+GPT-zero,ternary,SPG,FLAT,FLAT,0.3414376974105835,FLAT,,2,agreement
Ensemble-XGB+GPT-zero,ternary,SPGI,UP,UP,0.6339302062988281,FLAT,,2,xgb_conf_0.63
Ensemble-XGB+GPT-zero,ternary,SRE,UP,FLAT,0.4290669560432434,UP,,2,xgb_conf_0.43
Ensemble-XGB+GPT-zero,ternary,SYK,UP,UP,0.5952983498573303,UP,,2,agreement
Ensemble-XGB+GPT-zero,ternary,TJX,UP,DOWN,0.5003790259361267,UP,,2,xgb_conf_0.50
Ensemble-XGB+GPT-zero,ternary,TMO,UP,UP,0.7966629862785339,FLAT,,2,xgb_conf_0.80
Ensemble-XGB+GPT-zero,ternary,TMUS,UP,UP,0.7895787954330444,UP,,2,agreement
Ensemble-XGB+GPT-zero,ternary,TSLA,DOWN,DOWN,0.6403464078903198,DOWN,,2,agreement
Ensemble-XGB+GPT-zero,ternary,TT,UP,DOWN,0.5587783455848694,UP,,2,xgb_conf_0.56
Ensemble-XGB+GPT-zero,ternary,TXN,UP,UP,0.9118154048919678,UP,,2,agreement
Ensemble-XGB+GPT-zero,ternary,UBER,DOWN,DOWN,0.6094152927398682,UP,,2,xgb_conf_0.61
Ensemble-XGB+GPT-zero,ternary,UNH,UP,UP,0.7688249349594116,DOWN,,2,xgb_conf_0.77
Ensemble-XGB+GPT-zero,ternary,UNP,UP,UP,0.6672172546386719,FLAT,,2,xgb_conf_0.67
Ensemble-XGB+GPT-zero,ternary,V,UP,UP,0.4642840325832367,UP,,2,agreement
Ensemble-XGB+GPT-zero,ternary,WELL,UP,UP,0.617789626121521,UP,,2,agreement
Ensemble-XGB+GPT-zero,ternary,WFC,UP,UP,0.8161829710006714,UP,,2,agreement
Ensemble-XGB+GPT-zero,ternary,WMB,UP,UP,0.5212438702583313,UP,,2,agreement
Ensemble-XGB+GPT-zero,ternary,WMT,UP,UP,0.9297698736190796,UP,,2,agreement
Ensemble-XGB+GPT-zero,ternary,XOM,UP,UP,0.5359686613082886,UP,,2,agreement
Ensemble-XGB+GPT-zero-CoT,ternary,AAPL,UP,UP,0.7303208708763123,UP,,2,agreement
Ensemble-XGB+GPT-zero-CoT,ternary,ABBV,UP,UP,0.6413828730583191,UP,,2,agreement
Ensemble-XGB+GPT-zero-CoT,ternary,ABNB,UP,UP,0.7697778344154358,FLAT,,2,xgb_conf_0.77
Ensemble-XGB+GPT-zero-CoT,ternary,ABT,UP,UP,0.9544740319252014,UP,,2,agreement
Ensemble-XGB+GPT-zero-CoT,ternary,AEP,UP,FLAT,0.5618107914924622,UP,,2,xgb_conf_0.56
Ensemble-XGB+GPT-zero-CoT,ternary,AMAT,UP,UP,0.6607730984687805,UP,,2,agreement
Ensemble-XGB+GPT-zero-CoT,ternary,AMD,UP,UP,0.8055766820907593,UP,,2,agreement
Ensemble-XGB+GPT-zero-CoT,ternary,AMGN,UP,DOWN,0.5161386728286743,UP,,2,xgb_conf_0.52
Ensemble-XGB+GPT-zero-CoT,ternary,AMT,FLAT,UP,0.4842815697193146,FLAT,,2,xgb_conf_0.48
Ensemble-XGB+GPT-zero-CoT,ternary,AMZN,UP,UP,0.8332909345626831,UP,,2,agreement
Ensemble-XGB+GPT-zero-CoT,ternary,APD,DOWN,DOWN,0.4615415930747986,DOWN,,2,agreement
Ensemble-XGB+GPT-zero-CoT,ternary,AVGO,UP,UP,0.5135496854782104,UP,,2,agreement
Ensemble-XGB+GPT-zero-CoT,ternary,AXP,UP,UP,0.784216582775116,FLAT,,2,xgb_conf_0.78
Ensemble-XGB+GPT-zero-CoT,ternary,BA,UP,UP,0.7649681568145752,FLAT,,2,xgb_conf_0.76
Ensemble-XGB+GPT-zero-CoT,ternary,BAC,UP,UP,0.9196078777313232,UP,,2,agreement
Ensemble-XGB+GPT-zero-CoT,ternary,BKNG,UP,UP,0.711437463760376,UP,,2,agreement
Ensemble-XGB+GPT-zero-CoT,ternary,BLK,UP,UP,0.6692331433296204,UP,,2,agreement
Ensemble-XGB+GPT-zero-CoT,ternary,C,UP,UP,0.6730594635009766,UP,,2,agreement
Ensemble-XGB+GPT-zero-CoT,ternary,CAT,UP,UP,0.6650351285934448,FLAT,,2,xgb_conf_0.67
Ensemble-XGB+GPT-zero-CoT,ternary,CB,UP,UP,0.8078045845031738,FLAT,,2,xgb_conf_0.81
Ensemble-XGB+GPT-zero-CoT,ternary,CEG,FLAT,DOWN,0.5007846355438232,FLAT,,2,xgb_conf_0.50
Ensemble-XGB+GPT-zero-CoT,ternary,COF,DOWN,DOWN,0.8086274266242981,FLAT,,2,xgb_conf_0.81
Ensemble-XGB+GPT-zero-CoT,ternary,COP,UP,UP,0.8691163063049316,FLAT,,2,xgb_conf_0.87
Ensemble-XGB+GPT-zero-CoT,ternary,COST,UP,UP,0.8312603235244751,UP,,2,agreement
Ensemble-XGB+GPT-zero-CoT,ternary,CSCO,UP,DOWN,0.514485776424408,UP,,2,xgb_conf_0.51
Ensemble-XGB+GPT-zero-CoT,ternary,CVX,FLAT,UP,0.5722041726112366,FLAT,,2,xgb_conf_0.57
Ensemble-XGB+GPT-zero-CoT,ternary,DE,FLAT,FLAT,0.5082620978355408,FLAT,,2,agreement
Ensemble-XGB+GPT-zero-CoT,ternary,DHR,UP,UP,0.7213757634162903,UP,,2,agreement
Ensemble-XGB+GPT-zero-CoT,ternary,DLR,UP,UP,0.6072511076927185,UP,,2,agreement
Ensemble-XGB+GPT-zero-CoT,ternary,DUK,FLAT,UP,0.5671284794807434,FLAT,,2,xgb_conf_0.57
Ensemble-XGB+GPT-zero-CoT,ternary,ECL,DOWN,DOWN,0.6082583069801331,FLAT,,2,xgb_conf_0.61
Ensemble-XGB+GPT-zero-CoT,ternary,EQIX,UP,UP,0.9343961477279664,UP,,2,agreement
Ensemble-XGB+GPT-zero-CoT,ternary,ETN,UP,UP,0.6210967898368835,UP,,2,agreement
Ensemble-XGB+GPT-zero-CoT,ternary,FCX,UP,DOWN,0.5721399188041687,UP,,2,xgb_conf_0.57
Ensemble-XGB+GPT-zero-CoT,ternary,FDX,DOWN,UP,0.509958028793335,DOWN,,2,xgb_conf_0.51
Ensemble-XGB+GPT-zero-CoT,ternary,GE,UP,UP,0.612458348274231,UP,,2,agreement
Ensemble-XGB+GPT-zero-CoT,ternary,GEV,UP,UP,0.5959250926971436,UP,,2,agreement
Ensemble-XGB+GPT-zero-CoT,ternary,GILD,UP,UP,0.9556447863578796,FLAT,,2,xgb_conf_0.96
Ensemble-XGB+GPT-zero-CoT,ternary,GOOGL,UP,UP,0.6960240006446838,UP,,2,agreement
Ensemble-XGB+GPT-zero-CoT,ternary,GS,UP,UP,0.5910691618919373,UP,,2,agreement
Ensemble-XGB+GPT-zero-CoT,ternary,HD,UP,UP,0.8480783700942993,FLAT,,2,xgb_conf_0.85
Ensemble-XGB+GPT-zero-CoT,ternary,HON,UP,UP,0.6871559023857117,UP,,2,agreement
Ensemble-XGB+GPT-zero-CoT,ternary,HWM,UP,UP,0.6556607484817505,UP,,2,agreement
Ensemble-XGB+GPT-zero-CoT,ternary,INTC,FLAT,DOWN,0.5335747003555298,FLAT,,2,xgb_conf_0.53
Ensemble-XGB+GPT-zero-CoT,ternary,ISRG,UP,UP,0.9476966261863708,UP,,2,agreement
Ensemble-XGB+GPT-zero-CoT,ternary,JNJ,UP,UP,0.903516173362732,UP,,2,agreement
Ensemble-XGB+GPT-zero-CoT,ternary,JPM,UP,UP,0.9353743195533752,FLAT,,2,xgb_conf_0.94
Ensemble-XGB+GPT-zero-CoT,ternary,KLAC,UP,DOWN,0.5290993452072144,UP,,2,xgb_conf_0.53
Ensemble-XGB+GPT-zero-CoT,ternary,KO,FLAT,UP,0.5983483195304871,FLAT,,2,xgb_conf_0.60
Ensemble-XGB+GPT-zero-CoT,ternary,LIN,UP,UP,0.8587049841880798,FLAT,,2,xgb_conf_0.86
Ensemble-XGB+GPT-zero-CoT,ternary,LLY,UP,UP,0.5908887982368469,UP,,2,agreement
Ensemble-XGB+GPT-zero-CoT,ternary,LMT,UP,UP,0.5228568315505981,UP,,2,agreement
Ensemble-XGB+GPT-zero-CoT,ternary,LOW,UP,UP,0.8012449741363525,FLAT,,2,xgb_conf_0.80
Ensemble-XGB+GPT-zero-CoT,ternary,LRCX,UP,UP,0.5294151306152344,UP,,2,agreement
Ensemble-XGB+GPT-zero-CoT,ternary,MA,UP,UP,0.5067219138145447,UP,,2,agreement
Ensemble-XGB+GPT-zero-CoT,ternary,MAR,UP,UP,0.6605110168457031,FLAT,,2,xgb_conf_0.66
Ensemble-XGB+GPT-zero-CoT,ternary,MCD,FLAT,UP,0.5291780829429626,FLAT,,2,xgb_conf_0.53
Ensemble-XGB+GPT-zero-CoT,ternary,META,UP,DOWN,0.507614254951477,UP,,2,xgb_conf_0.51
Ensemble-XGB+GPT-zero-CoT,ternary,MO,UP,UP,0.8944091796875,FLAT,,2,xgb_conf_0.89
Ensemble-XGB+GPT-zero-CoT,ternary,MRK,DOWN,DOWN,0.6163644790649414,FLAT,,2,xgb_conf_0.62
Ensemble-XGB+GPT-zero-CoT,ternary,MS,UP,UP,0.700032114982605,UP,,2,agreement
Ensemble-XGB+GPT-zero-CoT,ternary,MSFT,UP,DOWN,0.5623641014099121,UP,,2,xgb_conf_0.56
Ensemble-XGB+GPT-zero-CoT,ternary,MU,UP,UP,0.6379860043525696,UP,,2,agreement
Ensemble-XGB+GPT-zero-CoT,ternary,NEE,UP,UP,0.6440721750259399,UP,,2,agreement
Ensemble-XGB+GPT-zero-CoT,ternary,NEM,UP,UP,0.7993531823158264,UP,,2,agreement
Ensemble-XGB+GPT-zero-CoT,ternary,NFLX,UP,UP,0.6922516226768494,UP,,2,agreement
Ensemble-XGB+GPT-zero-CoT,ternary,NVDA,UP,UP,0.6421626806259155,UP,,2,agreement
Ensemble-XGB+GPT-zero-CoT,ternary,ORCL,UP,UP,0.7930459976196289,UP,,2,agreement
Ensemble-XGB+GPT-zero-CoT,ternary,PEP,DOWN,UP,0.488424688577652,DOWN,,2,xgb_conf_0.49
Ensemble-XGB+GPT-zero-CoT,ternary,PFE,DOWN,DOWN,0.7235096096992493,UP,,2,xgb_conf_0.72
Ensemble-XGB+GPT-zero-CoT,ternary,PG,FLAT,UP,0.3739197254180908,FLAT,,2,xgb_conf_0.37
Ensemble-XGB+GPT-zero-CoT,ternary,PH,UP,UP,0.7007743120193481,UP,,2,agreement
Ensemble-XGB+GPT-zero-CoT,ternary,PLD,UP,UP,0.926174819469452,FLAT,,2,xgb_conf_0.93
Ensemble-XGB+GPT-zero-CoT,ternary,PLTR,UP,UP,0.9271623492240906,UP,,2,agreement
Ensemble-XGB+GPT-zero-CoT,ternary,PM,UP,UP,0.4686643779277801,UP,,2,agreement
Ensemble-XGB+GPT-zero-CoT,ternary,PWR,UP,UP,0.9447943568229676,UP,,2,agreement
Ensemble-XGB+GPT-zero-CoT,ternary,RTX,UP,UP,0.88055020570755,UP,,2,agreement
Ensemble-XGB+GPT-zero-CoT,ternary,SBUX,DOWN,UP,0.5315513610839844,DOWN,,2,xgb_conf_0.53
Ensemble-XGB+GPT-zero-CoT,ternary,SCHW,UP,UP,0.7855741381645203,UP,,2,agreement
Ensemble-XGB+GPT-zero-CoT,ternary,SHW,FLAT,UP,0.5691658854484558,FLAT,,2,xgb_conf_0.57
Ensemble-XGB+GPT-zero-CoT,ternary,SO,UP,UP,0.9618571400642396,UP,,2,agreement
Ensemble-XGB+GPT-zero-CoT,ternary,SPG,FLAT,FLAT,0.3414376974105835,FLAT,,2,agreement
Ensemble-XGB+GPT-zero-CoT,ternary,SPGI,UP,UP,0.6339302062988281,FLAT,,2,xgb_conf_0.63
Ensemble-XGB+GPT-zero-CoT,ternary,SRE,FLAT,FLAT,0.4290669560432434,FLAT,,2,agreement
Ensemble-XGB+GPT-zero-CoT,ternary,SYK,UP,UP,0.5952983498573303,UP,,2,agreement
Ensemble-XGB+GPT-zero-CoT,ternary,TJX,UP,DOWN,0.5003790259361267,UP,,2,xgb_conf_0.50
Ensemble-XGB+GPT-zero-CoT,ternary,TMO,UP,UP,0.7966629862785339,FLAT,,2,xgb_conf_0.80
Ensemble-XGB+GPT-zero-CoT,ternary,TMUS,UP,UP,0.7895787954330444,UP,,2,agreement
Ensemble-XGB+GPT-zero-CoT,ternary,TSLA,DOWN,DOWN,0.6403464078903198,FLAT,,2,xgb_conf_0.64
Ensemble-XGB+GPT-zero-CoT,ternary,TT,UP,DOWN,0.5587783455848694,UP,,2,xgb_conf_0.56
Ensemble-XGB+GPT-zero-CoT,ternary,TXN,UP,UP,0.9118154048919678,FLAT,,2,xgb_conf_0.91
Ensemble-XGB+GPT-zero-CoT,ternary,UBER,DOWN,DOWN,0.6094152927398682,UP,,2,xgb_conf_0.61
Ensemble-XGB+GPT-zero-CoT,ternary,UNH,UP,UP,0.7688249349594116,DOWN,,2,xgb_conf_0.77
Ensemble-XGB+GPT-zero-CoT,ternary,UNP,UP,UP,0.6672172546386719,FLAT,,2,xgb_conf_0.67
Ensemble-XGB+GPT-zero-CoT,ternary,V,UP,UP,0.4642840325832367,UP,,2,agreement
Ensemble-XGB+GPT-zero-CoT,ternary,WELL,UP,UP,0.617789626121521,UP,,2,agreement
Ensemble-XGB+GPT-zero-CoT,ternary,WFC,UP,UP,0.8161829710006714,FLAT,,2,xgb_conf_0.82
Ensemble-XGB+GPT-zero-CoT,ternary,WMB,UP,UP,0.5212438702583313,UP,,2,agreement
Ensemble-XGB+GPT-zero-CoT,ternary,WMT,UP,UP,0.9297698736190796,UP,,2,agreement
Ensemble-XGB+GPT-zero-CoT,ternary,XOM,FLAT,UP,0.5359686613082886,FLAT,,2,xgb_conf_0.54
Ensemble-XGB+GPT-few,ternary,AAPL,UP,UP,0.7303208708763123,UP,,2,agreement
Ensemble-XGB+GPT-few,ternary,ABBV,UP,UP,0.6413828730583191,UP,,2,agreement
Ensemble-XGB+GPT-few,ternary,ABNB,UP,UP,0.7697778344154358,FLAT,,2,xgb_conf_0.77
Ensemble-XGB+GPT-few,ternary,ABT,UP,UP,0.9544740319252014,UP,,2,agreement
Ensemble-XGB+GPT-few,ternary,AEP,UP,FLAT,0.5618107914924622,UP,,2,xgb_conf_0.56
Ensemble-XGB+GPT-few,ternary,AMAT,UP,UP,0.6607730984687805,UP,,2,agreement
Ensemble-XGB+GPT-few,ternary,AMD,UP,UP,0.8055766820907593,UP,,2,agreement
Ensemble-XGB+GPT-few,ternary,AMGN,UP,DOWN,0.5161386728286743,UP,,2,xgb_conf_0.52
Ensemble-XGB+GPT-few,ternary,AMT,UP,UP,0.4842815697193146,UP,,2,agreement
Ensemble-XGB+GPT-few,ternary,AMZN,UP,UP,0.8332909345626831,UP,,2,agreement
Ensemble-XGB+GPT-few,ternary,APD,DOWN,DOWN,0.4615415930747986,DOWN,,2,agreement
Ensemble-XGB+GPT-few,ternary,AVGO,UP,UP,0.5135496854782104,UP,,2,agreement
Ensemble-XGB+GPT-few,ternary,AXP,UP,UP,0.784216582775116,FLAT,,2,xgb_conf_0.78
Ensemble-XGB+GPT-few,ternary,BA,UP,UP,0.7649681568145752,UP,,2,agreement
Ensemble-XGB+GPT-few,ternary,BAC,UP,UP,0.9196078777313232,UP,,2,agreement
Ensemble-XGB+GPT-few,ternary,BKNG,UP,UP,0.711437463760376,UP,,2,agreement
Ensemble-XGB+GPT-few,ternary,BLK,UP,UP,0.6692331433296204,UP,,2,agreement
Ensemble-XGB+GPT-few,ternary,C,UP,UP,0.6730594635009766,UP,,2,agreement
Ensemble-XGB+GPT-few,ternary,CAT,UP,UP,0.6650351285934448,FLAT,,2,xgb_conf_0.67
Ensemble-XGB+GPT-few,ternary,CB,UP,UP,0.8078045845031738,FLAT,,2,xgb_conf_0.81
Ensemble-XGB+GPT-few,ternary,CEG,UP,DOWN,0.5007846355438232,UP,,2,xgb_conf_0.50
Ensemble-XGB+GPT-few,ternary,COF,DOWN,DOWN,0.8086274266242981,UP,,2,xgb_conf_0.81
Ensemble-XGB+GPT-few,ternary,COP,UP,UP,0.8691163063049316,FLAT,,2,xgb_conf_0.87
Ensemble-XGB+GPT-few,ternary,COST,UP,UP,0.8312603235244751,UP,,2,agreement
Ensemble-XGB+GPT-few,ternary,CSCO,UP,DOWN,0.514485776424408,UP,,2,xgb_conf_0.51
Ensemble-XGB+GPT-few,ternary,CVX,FLAT,UP,0.5722041726112366,FLAT,,2,xgb_conf_0.57
Ensemble-XGB+GPT-few,ternary,DE,FLAT,FLAT,0.5082620978355408,FLAT,,2,agreement
Ensemble-XGB+GPT-few,ternary,DHR,UP,UP,0.7213757634162903,UP,,2,agreement
Ensemble-XGB+GPT-few,ternary,DLR,UP,UP,0.6072511076927185,UP,,2,agreement
Ensemble-XGB+GPT-few,ternary,DUK,UP,UP,0.5671284794807434,UP,,2,agreement
Ensemble-XGB+GPT-few,ternary,ECL,DOWN,DOWN,0.6082583069801331,UP,,2,xgb_conf_0.61
Ensemble-XGB+GPT-few,ternary,EQIX,UP,UP,0.9343961477279664,UP,,2,agreement
Ensemble-XGB+GPT-few,ternary,ETN,UP,UP,0.6210967898368835,UP,,2,agreement
Ensemble-XGB+GPT-few,ternary,FCX,UP,DOWN,0.5721399188041687,UP,,2,xgb_conf_0.57
Ensemble-XGB+GPT-few,ternary,FDX,DOWN,UP,0.509958028793335,DOWN,,2,xgb_conf_0.51
Ensemble-XGB+GPT-few,ternary,GE,UP,UP,0.612458348274231,UP,,2,agreement
Ensemble-XGB+GPT-few,ternary,GEV,UP,UP,0.5959250926971436,UP,,2,agreement
Ensemble-XGB+GPT-few,ternary,GILD,UP,UP,0.9556447863578796,FLAT,,2,xgb_conf_0.96
Ensemble-XGB+GPT-few,ternary,GOOGL,UP,UP,0.6960240006446838,UP,,2,agreement
Ensemble-XGB+GPT-few,ternary,GS,UP,UP,0.5910691618919373,UP,,2,agreement
Ensemble-XGB+GPT-few,ternary,HD,UP,UP,0.8480783700942993,FLAT,,2,xgb_conf_0.85
Ensemble-XGB+GPT-few,ternary,HON,UP,UP,0.6871559023857117,UP,,2,agreement
Ensemble-XGB+GPT-few,ternary,HWM,UP,UP,0.6556607484817505,UP,,2,agreement
Ensemble-XGB+GPT-few,ternary,INTC,FLAT,DOWN,0.5335747003555298,FLAT,,2,xgb_conf_0.53
Ensemble-XGB+GPT-few,ternary,ISRG,UP,UP,0.9476966261863708,UP,,2,agreement
Ensemble-XGB+GPT-few,ternary,JNJ,UP,UP,0.903516173362732,UP,,2,agreement
Ensemble-XGB+GPT-few,ternary,JPM,UP,UP,0.9353743195533752,FLAT,,2,xgb_conf_0.94
Ensemble-XGB+GPT-few,ternary,KLAC,UP,DOWN,0.5290993452072144,UP,,2,xgb_conf_0.53
Ensemble-XGB+GPT-few,ternary,KO,FLAT,UP,0.5983483195304871,FLAT,,2,xgb_conf_0.60
Ensemble-XGB+GPT-few,ternary,LIN,UP,UP,0.8587049841880798,FLAT,,2,xgb_conf_0.86
Ensemble-XGB+GPT-few,ternary,LLY,UP,UP,0.5908887982368469,UP,,2,agreement
Ensemble-XGB+GPT-few,ternary,LMT,UP,UP,0.5228568315505981,UP,,2,agreement
Ensemble-XGB+GPT-few,ternary,LOW,UP,UP,0.8012449741363525,FLAT,,2,xgb_conf_0.80
Ensemble-XGB+GPT-few,ternary,LRCX,UP,UP,0.5294151306152344,UP,,2,agreement
Ensemble-XGB+GPT-few,ternary,MA,UP,UP,0.5067219138145447,UP,,2,agreement
Ensemble-XGB+GPT-few,ternary,MAR,UP,UP,0.6605110168457031,FLAT,,2,xgb_conf_0.66
Ensemble-XGB+GPT-few,ternary,MCD,FLAT,UP,0.5291780829429626,FLAT,,2,xgb_conf_0.53
Ensemble-XGB+GPT-few,ternary,META,UP,DOWN,0.507614254951477,UP,,2,xgb_conf_0.51
Ensemble-XGB+GPT-few,ternary,MO,UP,UP,0.8944091796875,FLAT,,2,xgb_conf_0.89
Ensemble-XGB+GPT-few,ternary,MRK,DOWN,DOWN,0.6163644790649414,FLAT,,2,xgb_conf_0.62
Ensemble-XGB+GPT-few,ternary,MS,UP,UP,0.700032114982605,UP,,2,agreement
Ensemble-XGB+GPT-few,ternary,MSFT,UP,DOWN,0.5623641014099121,UP,,2,xgb_conf_0.56
Ensemble-XGB+GPT-few,ternary,MU,UP,UP,0.6379860043525696,UP,,2,agreement
Ensemble-XGB+GPT-few,ternary,NEE,UP,UP,0.6440721750259399,UP,,2,agreement
Ensemble-XGB+GPT-few,ternary,NEM,UP,UP,0.7993531823158264,UP,,2,agreement
Ensemble-XGB+GPT-few,ternary,NFLX,UP,UP,0.6922516226768494,FLAT,,2,xgb_conf_0.69
Ensemble-XGB+GPT-few,ternary,NVDA,UP,UP,0.6421626806259155,UP,,2,agreement
Ensemble-XGB+GPT-few,ternary,ORCL,UP,UP,0.7930459976196289,UP,,2,agreement
Ensemble-XGB+GPT-few,ternary,PEP,DOWN,UP,0.488424688577652,DOWN,,2,xgb_conf_0.49
Ensemble-XGB+GPT-few,ternary,PFE,DOWN,DOWN,0.7235096096992493,UP,,2,xgb_conf_0.72
Ensemble-XGB+GPT-few,ternary,PG,FLAT,UP,0.3739197254180908,FLAT,,2,xgb_conf_0.37
Ensemble-XGB+GPT-few,ternary,PH,UP,UP,0.7007743120193481,UP,,2,agreement
Ensemble-XGB+GPT-few,ternary,PLD,UP,UP,0.926174819469452,FLAT,,2,xgb_conf_0.93
Ensemble-XGB+GPT-few,ternary,PLTR,UP,UP,0.9271623492240906,UP,,2,agreement
Ensemble-XGB+GPT-few,ternary,PM,UP,UP,0.4686643779277801,UP,,2,agreement
Ensemble-XGB+GPT-few,ternary,PWR,UP,UP,0.9447943568229676,UP,,2,agreement
Ensemble-XGB+GPT-few,ternary,RTX,UP,UP,0.88055020570755,UP,,2,agreement
Ensemble-XGB+GPT-few,ternary,SBUX,DOWN,UP,0.5315513610839844,DOWN,,2,xgb_conf_0.53
Ensemble-XGB+GPT-few,ternary,SCHW,UP,UP,0.7855741381645203,UP,,2,agreement
Ensemble-XGB+GPT-few,ternary,SHW,FLAT,UP,0.5691658854484558,FLAT,,2,xgb_conf_0.57
Ensemble-XGB+GPT-few,ternary,SO,UP,UP,0.9618571400642396,UP,,2,agreement
Ensemble-XGB+GPT-few,ternary,SPG,FLAT,FLAT,0.3414376974105835,FLAT,,2,agreement
Ensemble-XGB+GPT-few,ternary,SPGI,UP,UP,0.6339302062988281,FLAT,,2,xgb_conf_0.63
Ensemble-XGB+GPT-few,ternary,SRE,UP,FLAT,0.4290669560432434,UP,,2,xgb_conf_0.43
Ensemble-XGB+GPT-few,ternary,SYK,UP,UP,0.5952983498573303,UP,,2,agreement
Ensemble-XGB+GPT-few,ternary,TJX,UP,DOWN,0.5003790259361267,UP,,2,xgb_conf_0.50
Ensemble-XGB+GPT-few,ternary,TMO,UP,UP,0.7966629862785339,FLAT,,2,xgb_conf_0.80
Ensemble-XGB+GPT-few,ternary,TMUS,UP,UP,0.7895787954330444,UP,,2,agreement
Ensemble-XGB+GPT-few,ternary,TSLA,DOWN,DOWN,0.6403464078903198,FLAT,,2,xgb_conf_0.64
Ensemble-XGB+GPT-few,ternary,TT,UP,DOWN,0.5587783455848694,UP,,2,xgb_conf_0.56
Ensemble-XGB+GPT-few,ternary,TXN,UP,UP,0.9118154048919678,UP,,2,agreement
Ensemble-XGB+GPT-few,ternary,UBER,DOWN,DOWN,0.6094152927398682,UP,,2,xgb_conf_0.61
Ensemble-XGB+GPT-few,ternary,UNH,UP,UP,0.7688249349594116,DOWN,,2,xgb_conf_0.77
Ensemble-XGB+GPT-few,ternary,UNP,UP,UP,0.6672172546386719,FLAT,,2,xgb_conf_0.67
Ensemble-XGB+GPT-few,ternary,V,UP,UP,0.4642840325832367,UP,,2,agreement
Ensemble-XGB+GPT-few,ternary,WELL,UP,UP,0.617789626121521,UP,,2,agreement
Ensemble-XGB+GPT-few,ternary,WFC,UP,UP,0.8161829710006714,UP,,2,agreement
Ensemble-XGB+GPT-few,ternary,WMB,UP,UP,0.5212438702583313,UP,,2,agreement
Ensemble-XGB+GPT-few,ternary,WMT,UP,UP,0.9297698736190796,UP,,2,agreement
Ensemble-XGB+GPT-few,ternary,XOM,UP,UP,0.5359686613082886,UP,,2,agreement
Ensemble-XGB+GPT-few-CoT,ternary,AAPL,UP,UP,0.7303208708763123,FLAT,,2,xgb_conf_0.73
Ensemble-XGB+GPT-few-CoT,ternary,ABBV,UP,UP,0.6413828730583191,UP,,2,agreement
Ensemble-XGB+GPT-few-CoT,ternary,ABNB,UP,UP,0.7697778344154358,FLAT,,2,xgb_conf_0.77
Ensemble-XGB+GPT-few-CoT,ternary,ABT,UP,UP,0.9544740319252014,UP,,2,agreement
Ensemble-XGB+GPT-few-CoT,ternary,AEP,UP,FLAT,0.5618107914924622,UP,,2,xgb_conf_0.56
Ensemble-XGB+GPT-few-CoT,ternary,AMAT,UP,UP,0.6607730984687805,UP,,2,agreement
Ensemble-XGB+GPT-few-CoT,ternary,AMD,UP,UP,0.8055766820907593,UP,,2,agreement
Ensemble-XGB+GPT-few-CoT,ternary,AMGN,UP,DOWN,0.5161386728286743,UP,,2,xgb_conf_0.52
Ensemble-XGB+GPT-few-CoT,ternary,AMT,UP,UP,0.4842815697193146,UP,,2,agreement
Ensemble-XGB+GPT-few-CoT,ternary,AMZN,UP,UP,0.8332909345626831,UP,,2,agreement
Ensemble-XGB+GPT-few-CoT,ternary,APD,DOWN,DOWN,0.4615415930747986,DOWN,,2,agreement
Ensemble-XGB+GPT-few-CoT,ternary,AVGO,UP,UP,0.5135496854782104,UP,,2,agreement
Ensemble-XGB+GPT-few-CoT,ternary,AXP,UP,UP,0.784216582775116,FLAT,,2,xgb_conf_0.78
Ensemble-XGB+GPT-few-CoT,ternary,BA,UP,UP,0.7649681568145752,UP,,2,agreement
Ensemble-XGB+GPT-few-CoT,ternary,BAC,UP,UP,0.9196078777313232,FLAT,,2,xgb_conf_0.92
Ensemble-XGB+GPT-few-CoT,ternary,BKNG,UP,UP,0.711437463760376,UP,,2,agreement
Ensemble-XGB+GPT-few-CoT,ternary,BLK,UP,UP,0.6692331433296204,UP,,2,agreement
Ensemble-XGB+GPT-few-CoT,ternary,C,UP,UP,0.6730594635009766,FLAT,,2,xgb_conf_0.67
Ensemble-XGB+GPT-few-CoT,ternary,CAT,UP,UP,0.6650351285934448,FLAT,,2,xgb_conf_0.67
Ensemble-XGB+GPT-few-CoT,ternary,CB,UP,UP,0.8078045845031738,FLAT,,2,xgb_conf_0.81
Ensemble-XGB+GPT-few-CoT,ternary,CEG,FLAT,DOWN,0.5007846355438232,FLAT,,2,xgb_conf_0.50
Ensemble-XGB+GPT-few-CoT,ternary,COF,DOWN,DOWN,0.8086274266242981,FLAT,,2,xgb_conf_0.81
Ensemble-XGB+GPT-few-CoT,ternary,COP,UP,UP,0.8691163063049316,UP,,2,agreement
Ensemble-XGB+GPT-few-CoT,ternary,COST,UP,UP,0.8312603235244751,UP,,2,agreement
Ensemble-XGB+GPT-few-CoT,ternary,CSCO,UP,DOWN,0.514485776424408,UP,,2,xgb_conf_0.51
Ensemble-XGB+GPT-few-CoT,ternary,CVX,FLAT,UP,0.5722041726112366,FLAT,,2,xgb_conf_0.57
Ensemble-XGB+GPT-few-CoT,ternary,DE,DOWN,FLAT,0.5082620978355408,DOWN,,2,xgb_conf_0.51
Ensemble-XGB+GPT-few-CoT,ternary,DHR,UP,UP,0.7213757634162903,UP,,2,agreement
Ensemble-XGB+GPT-few-CoT,ternary,DLR,UP,UP,0.6072511076927185,UP,,2,agreement
Ensemble-XGB+GPT-few-CoT,ternary,DUK,UP,UP,0.5671284794807434,UP,,2,agreement
Ensemble-XGB+GPT-few-CoT,ternary,ECL,DOWN,DOWN,0.6082583069801331,FLAT,,2,xgb_conf_0.61
Ensemble-XGB+GPT-few-CoT,ternary,EQIX,UP,UP,0.9343961477279664,UP,,2,agreement
Ensemble-XGB+GPT-few-CoT,ternary,ETN,UP,UP,0.6210967898368835,UP,,2,agreement
Ensemble-XGB+GPT-few-CoT,ternary,FCX,UP,DOWN,0.5721399188041687,UP,,2,xgb_conf_0.57
Ensemble-XGB+GPT-few-CoT,ternary,FDX,DOWN,UP,0.509958028793335,DOWN,,2,xgb_conf_0.51
Ensemble-XGB+GPT-few-CoT,ternary,GE,UP,UP,0.612458348274231,UP,,2,agreement
Ensemble-XGB+GPT-few-CoT,ternary,GEV,UP,UP,0.5959250926971436,UP,,2,agreement
Ensemble-XGB+GPT-few-CoT,ternary,GILD,UP,UP,0.9556447863578796,FLAT,,2,xgb_conf_0.96
Ensemble-XGB+GPT-few-CoT,ternary,GOOGL,UP,UP,0.6960240006446838,UP,,2,agreement
Ensemble-XGB+GPT-few-CoT,ternary,GS,UP,UP,0.5910691618919373,UP,,2,agreement
Ensemble-XGB+GPT-few-CoT,ternary,HD,UP,UP,0.8480783700942993,FLAT,,2,xgb_conf_0.85
Ensemble-XGB+GPT-few-CoT,ternary,HON,UP,UP,0.6871559023857117,UP,,2,agreement
Ensemble-XGB+GPT-few-CoT,ternary,HWM,UP,UP,0.6556607484817505,UP,,2,agreement
Ensemble-XGB+GPT-few-CoT,ternary,INTC,FLAT,DOWN,0.5335747003555298,FLAT,,2,xgb_conf_0.53
Ensemble-XGB+GPT-few-CoT,ternary,ISRG,UP,UP,0.9476966261863708,UP,,2,agreement
Ensemble-XGB+GPT-few-CoT,ternary,JNJ,UP,UP,0.903516173362732,UP,,2,agreement
Ensemble-XGB+GPT-few-CoT,ternary,JPM,UP,UP,0.9353743195533752,FLAT,,2,xgb_conf_0.94
Ensemble-XGB+GPT-few-CoT,ternary,KLAC,UP,DOWN,0.5290993452072144,UP,,2,xgb_conf_0.53
Ensemble-XGB+GPT-few-CoT,ternary,KO,FLAT,UP,0.5983483195304871,FLAT,,2,xgb_conf_0.60
Ensemble-XGB+GPT-few-CoT,ternary,LIN,UP,UP,0.8587049841880798,FLAT,,2,xgb_conf_0.86
Ensemble-XGB+GPT-few-CoT,ternary,LLY,UP,UP,0.5908887982368469,UP,,2,agreement
Ensemble-XGB+GPT-few-CoT,ternary,LMT,UP,UP,0.5228568315505981,UP,,2,agreement
Ensemble-XGB+GPT-few-CoT,ternary,LOW,UP,UP,0.8012449741363525,FLAT,,2,xgb_conf_0.80
Ensemble-XGB+GPT-few-CoT,ternary,LRCX,UP,UP,0.5294151306152344,UP,,2,agreement
Ensemble-XGB+GPT-few-CoT,ternary,MA,UP,UP,0.5067219138145447,UP,,2,agreement
Ensemble-XGB+GPT-few-CoT,ternary,MAR,UP,UP,0.6605110168457031,FLAT,,2,xgb_conf_0.66
Ensemble-XGB+GPT-few-CoT,ternary,MCD,FLAT,UP,0.5291780829429626,FLAT,,2,xgb_conf_0.53
Ensemble-XGB+GPT-few-CoT,ternary,META,FLAT,DOWN,0.507614254951477,FLAT,,2,xgb_conf_0.51
Ensemble-XGB+GPT-few-CoT,ternary,MO,UP,UP,0.8944091796875,FLAT,,2,xgb_conf_0.89
Ensemble-XGB+GPT-few-CoT,ternary,MRK,DOWN,DOWN,0.6163644790649414,FLAT,,2,xgb_conf_0.62
Ensemble-XGB+GPT-few-CoT,ternary,MS,UP,UP,0.700032114982605,UP,,2,agreement
Ensemble-XGB+GPT-few-CoT,ternary,MSFT,UP,DOWN,0.5623641014099121,UP,,2,xgb_conf_0.56
Ensemble-XGB+GPT-few-CoT,ternary,MU,UP,UP,0.6379860043525696,UP,,2,agreement
Ensemble-XGB+GPT-few-CoT,ternary,NEE,UP,UP,0.6440721750259399,UP,,2,agreement
Ensemble-XGB+GPT-few-CoT,ternary,NEM,UP,UP,0.7993531823158264,FLAT,,2,xgb_conf_0.80
Ensemble-XGB+GPT-few-CoT,ternary,NFLX,UP,UP,0.6922516226768494,FLAT,,2,xgb_conf_0.69
Ensemble-XGB+GPT-few-CoT,ternary,NVDA,UP,UP,0.6421626806259155,UP,,2,agreement
Ensemble-XGB+GPT-few-CoT,ternary,ORCL,UP,UP,0.7930459976196289,UP,,2,agreement
Ensemble-XGB+GPT-few-CoT,ternary,PEP,DOWN,UP,0.488424688577652,DOWN,,2,xgb_conf_0.49
Ensemble-XGB+GPT-few-CoT,ternary,PFE,DOWN,DOWN,0.7235096096992493,UP,,2,xgb_conf_0.72
Ensemble-XGB+GPT-few-CoT,ternary,PG,FLAT,UP,0.3739197254180908,FLAT,,2,xgb_conf_0.37
Ensemble-XGB+GPT-few-CoT,ternary,PH,UP,UP,0.7007743120193481,UP,,2,agreement
Ensemble-XGB+GPT-few-CoT,ternary,PLD,UP,UP,0.926174819469452,FLAT,,2,xgb_conf_0.93
Ensemble-XGB+GPT-few-CoT,ternary,PLTR,UP,UP,0.9271623492240906,UP,,2,agreement
Ensemble-XGB+GPT-few-CoT,ternary,PM,UP,UP,0.4686643779277801,UP,,2,agreement
Ensemble-XGB+GPT-few-CoT,ternary,PWR,UP,UP,0.9447943568229676,UP,,2,agreement
Ensemble-XGB+GPT-few-CoT,ternary,RTX,UP,UP,0.88055020570755,UP,,2,agreement
Ensemble-XGB+GPT-few-CoT,ternary,SBUX,DOWN,UP,0.5315513610839844,DOWN,,2,xgb_conf_0.53
Ensemble-XGB+GPT-few-CoT,ternary,SCHW,UP,UP,0.7855741381645203,UP,,2,agreement
Ensemble-XGB+GPT-few-CoT,ternary,SHW,FLAT,UP,0.5691658854484558,FLAT,,2,xgb_conf_0.57
Ensemble-XGB+GPT-few-CoT,ternary,SO,UP,UP,0.9618571400642396,FLAT,,2,xgb_conf_0.96
Ensemble-XGB+GPT-few-CoT,ternary,SPG,FLAT,FLAT,0.3414376974105835,FLAT,,2,agreement
Ensemble-XGB+GPT-few-CoT,ternary,SPGI,UP,UP,0.6339302062988281,FLAT,,2,xgb_conf_0.63
Ensemble-XGB+GPT-few-CoT,ternary,SRE,FLAT,FLAT,0.4290669560432434,FLAT,,2,agreement
Ensemble-XGB+GPT-few-CoT,ternary,SYK,UP,UP,0.5952983498573303,UP,,2,agreement
Ensemble-XGB+GPT-few-CoT,ternary,TJX,UP,DOWN,0.5003790259361267,UP,,2,xgb_conf_0.50
Ensemble-XGB+GPT-few-CoT,ternary,TMO,UP,UP,0.7966629862785339,DOWN,,2,xgb_conf_0.80
Ensemble-XGB+GPT-few-CoT,ternary,TMUS,UP,UP,0.7895787954330444,UP,,2,agreement
Ensemble-XGB+GPT-few-CoT,ternary,TSLA,DOWN,DOWN,0.6403464078903198,FLAT,,2,xgb_conf_0.64
Ensemble-XGB+GPT-few-CoT,ternary,TT,UP,DOWN,0.5587783455848694,UP,,2,xgb_conf_0.56
Ensemble-XGB+GPT-few-CoT,ternary,TXN,UP,UP,0.9118154048919678,UP,,2,agreement
Ensemble-XGB+GPT-few-CoT,ternary,UBER,DOWN,DOWN,0.6094152927398682,FLAT,,2,xgb_conf_0.61
Ensemble-XGB+GPT-few-CoT,ternary,UNH,UP,UP,0.7688249349594116,DOWN,,2,xgb_conf_0.77
Ensemble-XGB+GPT-few-CoT,ternary,UNP,UP,UP,0.6672172546386719,FLAT,,2,xgb_conf_0.67
Ensemble-XGB+GPT-few-CoT,ternary,V,UP,UP,0.4642840325832367,UP,,2,agreement
Ensemble-XGB+GPT-few-CoT,ternary,WELL,UP,UP,0.617789626121521,UP,,2,agreement
Ensemble-XGB+GPT-few-CoT,ternary,WFC,UP,UP,0.8161829710006714,FLAT,,2,xgb_conf_0.82
Ensemble-XGB+GPT-few-CoT,ternary,WMB,UP,UP,0.5212438702583313,UP,,2,agreement
Ensemble-XGB+GPT-few-CoT,ternary,WMT,UP,UP,0.9297698736190796,UP,,2,agreement
Ensemble-XGB+GPT-few-CoT,ternary,XOM,FLAT,UP,0.5359686613082886,FLAT,,2,xgb_conf_0.54
Ensemble-XGB+GPT-few-sector,ternary,AAPL,UP,UP,0.7303208708763123,UP,,2,agreement
Ensemble-XGB+GPT-few-sector,ternary,ABBV,UP,UP,0.6413828730583191,UP,,2,agreement
Ensemble-XGB+GPT-few-sector,ternary,ABNB,UP,UP,0.7697778344154358,FLAT,,2,xgb_conf_0.77
Ensemble-XGB+GPT-few-sector,ternary,ABT,UP,UP,0.9544740319252014,UP,,2,agreement
Ensemble-XGB+GPT-few-sector,ternary,AEP,UP,FLAT,0.5618107914924622,UP,,2,xgb_conf_0.56
Ensemble-XGB+GPT-few-sector,ternary,AMAT,UP,UP,0.6607730984687805,UP,,2,agreement
Ensemble-XGB+GPT-few-sector,ternary,AMD,UP,UP,0.8055766820907593,UP,,2,agreement
Ensemble-XGB+GPT-few-sector,ternary,AMGN,UP,DOWN,0.5161386728286743,UP,,2,xgb_conf_0.52
Ensemble-XGB+GPT-few-sector,ternary,AMT,UP,UP,0.4842815697193146,UP,,2,agreement
Ensemble-XGB+GPT-few-sector,ternary,AMZN,UP,UP,0.8332909345626831,UP,,2,agreement
Ensemble-XGB+GPT-few-sector,ternary,APD,DOWN,DOWN,0.4615415930747986,DOWN,,2,agreement
Ensemble-XGB+GPT-few-sector,ternary,AVGO,UP,UP,0.5135496854782104,UP,,2,agreement
Ensemble-XGB+GPT-few-sector,ternary,AXP,UP,UP,0.784216582775116,FLAT,,2,xgb_conf_0.78
Ensemble-XGB+GPT-few-sector,ternary,BA,UP,UP,0.7649681568145752,UP,,2,agreement
Ensemble-XGB+GPT-few-sector,ternary,BAC,UP,UP,0.9196078777313232,UP,,2,agreement
Ensemble-XGB+GPT-few-sector,ternary,BKNG,UP,UP,0.711437463760376,UP,,2,agreement
Ensemble-XGB+GPT-few-sector,ternary,BLK,UP,UP,0.6692331433296204,UP,,2,agreement
Ensemble-XGB+GPT-few-sector,ternary,C,UP,UP,0.6730594635009766,UP,,2,agreement
Ensemble-XGB+GPT-few-sector,ternary,CAT,UP,UP,0.6650351285934448,FLAT,,2,xgb_conf_0.67
Ensemble-XGB+GPT-few-sector,ternary,CB,UP,UP,0.8078045845031738,FLAT,,2,xgb_conf_0.81
Ensemble-XGB+GPT-few-sector,ternary,CEG,UP,DOWN,0.5007846355438232,UP,,2,xgb_conf_0.50
Ensemble-XGB+GPT-few-sector,ternary,COF,DOWN,DOWN,0.8086274266242981,UP,,2,xgb_conf_0.81
Ensemble-XGB+GPT-few-sector,ternary,COP,UP,UP,0.8691163063049316,FLAT,,2,xgb_conf_0.87
Ensemble-XGB+GPT-few-sector,ternary,COST,UP,UP,0.8312603235244751,UP,,2,agreement
Ensemble-XGB+GPT-few-sector,ternary,CSCO,UP,DOWN,0.514485776424408,UP,,2,xgb_conf_0.51
Ensemble-XGB+GPT-few-sector,ternary,CVX,FLAT,UP,0.5722041726112366,FLAT,,2,xgb_conf_0.57
Ensemble-XGB+GPT-few-sector,ternary,DE,FLAT,FLAT,0.5082620978355408,FLAT,,2,agreement
Ensemble-XGB+GPT-few-sector,ternary,DHR,UP,UP,0.7213757634162903,UP,,2,agreement
Ensemble-XGB+GPT-few-sector,ternary,DLR,UP,UP,0.6072511076927185,UP,,2,agreement
Ensemble-XGB+GPT-few-sector,ternary,DUK,UP,UP,0.5671284794807434,UP,,2,agreement
Ensemble-XGB+GPT-few-sector,ternary,ECL,DOWN,DOWN,0.6082583069801331,UP,,2,xgb_conf_0.61
Ensemble-XGB+GPT-few-sector,ternary,EQIX,UP,UP,0.9343961477279664,UP,,2,agreement
Ensemble-XGB+GPT-few-sector,ternary,ETN,UP,UP,0.6210967898368835,UP,,2,agreement
Ensemble-XGB+GPT-few-sector,ternary,FCX,UP,DOWN,0.5721399188041687,UP,,2,xgb_conf_0.57
Ensemble-XGB+GPT-few-sector,ternary,FDX,DOWN,UP,0.509958028793335,DOWN,,2,xgb_conf_0.51
Ensemble-XGB+GPT-few-sector,ternary,GE,UP,UP,0.612458348274231,UP,,2,agreement
Ensemble-XGB+GPT-few-sector,ternary,GEV,UP,UP,0.5959250926971436,UP,,2,agreement
Ensemble-XGB+GPT-few-sector,ternary,GILD,UP,UP,0.9556447863578796,FLAT,,2,xgb_conf_0.96
Ensemble-XGB+GPT-few-sector,ternary,GOOGL,UP,UP,0.6960240006446838,UP,,2,agreement
Ensemble-XGB+GPT-few-sector,ternary,GS,UP,UP,0.5910691618919373,UP,,2,agreement
Ensemble-XGB+GPT-few-sector,ternary,HD,UP,UP,0.8480783700942993,FLAT,,2,xgb_conf_0.85
Ensemble-XGB+GPT-few-sector,ternary,HON,UP,UP,0.6871559023857117,UP,,2,agreement
Ensemble-XGB+GPT-few-sector,ternary,HWM,UP,UP,0.6556607484817505,UP,,2,agreement
Ensemble-XGB+GPT-few-sector,ternary,INTC,FLAT,DOWN,0.5335747003555298,FLAT,,2,xgb_conf_0.53
Ensemble-XGB+GPT-few-sector,ternary,ISRG,UP,UP,0.9476966261863708,UP,,2,agreement
Ensemble-XGB+GPT-few-sector,ternary,JNJ,UP,UP,0.903516173362732,UP,,2,agreement
Ensemble-XGB+GPT-few-sector,ternary,JPM,UP,UP,0.9353743195533752,FLAT,,2,xgb_conf_0.94
Ensemble-XGB+GPT-few-sector,ternary,KLAC,UP,DOWN,0.5290993452072144,UP,,2,xgb_conf_0.53
Ensemble-XGB+GPT-few-sector,ternary,KO,FLAT,UP,0.5983483195304871,FLAT,,2,xgb_conf_0.60
Ensemble-XGB+GPT-few-sector,ternary,LIN,UP,UP,0.8587049841880798,FLAT,,2,xgb_conf_0.86
Ensemble-XGB+GPT-few-sector,ternary,LLY,UP,UP,0.5908887982368469,UP,,2,agreement
Ensemble-XGB+GPT-few-sector,ternary,LMT,UP,UP,0.5228568315505981,UP,,2,agreement
Ensemble-XGB+GPT-few-sector,ternary,LOW,UP,UP,0.8012449741363525,FLAT,,2,xgb_conf_0.80
Ensemble-XGB+GPT-few-sector,ternary,LRCX,UP,UP,0.5294151306152344,UP,,2,agreement
Ensemble-XGB+GPT-few-sector,ternary,MA,UP,UP,0.5067219138145447,UP,,2,agreement
Ensemble-XGB+GPT-few-sector,ternary,MAR,UP,UP,0.6605110168457031,FLAT,,2,xgb_conf_0.66
Ensemble-XGB+GPT-few-sector,ternary,MCD,FLAT,UP,0.5291780829429626,FLAT,,2,xgb_conf_0.53
Ensemble-XGB+GPT-few-sector,ternary,META,UP,DOWN,0.507614254951477,UP,,2,xgb_conf_0.51
Ensemble-XGB+GPT-few-sector,ternary,MO,UP,UP,0.8944091796875,FLAT,,2,xgb_conf_0.89
Ensemble-XGB+GPT-few-sector,ternary,MRK,DOWN,DOWN,0.6163644790649414,FLAT,,2,xgb_conf_0.62
Ensemble-XGB+GPT-few-sector,ternary,MS,UP,UP,0.700032114982605,UP,,2,agreement
Ensemble-XGB+GPT-few-sector,ternary,MSFT,UP,DOWN,0.5623641014099121,UP,,2,xgb_conf_0.56
Ensemble-XGB+GPT-few-sector,ternary,MU,UP,UP,0.6379860043525696,UP,,2,agreement
Ensemble-XGB+GPT-few-sector,ternary,NEE,UP,UP,0.6440721750259399,UP,,2,agreement
Ensemble-XGB+GPT-few-sector,ternary,NEM,UP,UP,0.7993531823158264,UP,,2,agreement
Ensemble-XGB+GPT-few-sector,ternary,NFLX,UP,UP,0.6922516226768494,FLAT,,2,xgb_conf_0.69
Ensemble-XGB+GPT-few-sector,ternary,NVDA,UP,UP,0.6421626806259155,UP,,2,agreement
Ensemble-XGB+GPT-few-sector,ternary,ORCL,UP,UP,0.7930459976196289,UP,,2,agreement
Ensemble-XGB+GPT-few-sector,ternary,PEP,DOWN,UP,0.488424688577652,DOWN,,2,xgb_conf_0.49
Ensemble-XGB+GPT-few-sector,ternary,PFE,DOWN,DOWN,0.7235096096992493,UP,,2,xgb_conf_0.72
Ensemble-XGB+GPT-few-sector,ternary,PG,FLAT,UP,0.3739197254180908,FLAT,,2,xgb_conf_0.37
Ensemble-XGB+GPT-few-sector,ternary,PH,UP,UP,0.7007743120193481,UP,,2,agreement
Ensemble-XGB+GPT-few-sector,ternary,PLD,UP,UP,0.926174819469452,FLAT,,2,xgb_conf_0.93
Ensemble-XGB+GPT-few-sector,ternary,PLTR,UP,UP,0.9271623492240906,UP,,2,agreement
Ensemble-XGB+GPT-few-sector,ternary,PM,UP,UP,0.4686643779277801,UP,,2,agreement
Ensemble-XGB+GPT-few-sector,ternary,PWR,UP,UP,0.9447943568229676,UP,,2,agreement
Ensemble-XGB+GPT-few-sector,ternary,RTX,UP,UP,0.88055020570755,UP,,2,agreement
Ensemble-XGB+GPT-few-sector,ternary,SBUX,DOWN,UP,0.5315513610839844,DOWN,,2,xgb_conf_0.53
Ensemble-XGB+GPT-few-sector,ternary,SCHW,UP,UP,0.7855741381645203,UP,,2,agreement
Ensemble-XGB+GPT-few-sector,ternary,SHW,FLAT,UP,0.5691658854484558,FLAT,,2,xgb_conf_0.57
Ensemble-XGB+GPT-few-sector,ternary,SO,UP,UP,0.9618571400642396,UP,,2,agreement
Ensemble-XGB+GPT-few-sector,ternary,SPG,FLAT,FLAT,0.3414376974105835,FLAT,,2,agreement
Ensemble-XGB+GPT-few-sector,ternary,SPGI,UP,UP,0.6339302062988281,UP,,2,agreement
Ensemble-XGB+GPT-few-sector,ternary,SRE,UP,FLAT,0.4290669560432434,UP,,2,xgb_conf_0.43
Ensemble-XGB+GPT-few-sector,ternary,SYK,UP,UP,0.5952983498573303,UP,,2,agreement
Ensemble-XGB+GPT-few-sector,ternary,TJX,UP,DOWN,0.5003790259361267,UP,,2,xgb_conf_0.50
Ensemble-XGB+GPT-few-sector,ternary,TMO,UP,UP,0.7966629862785339,DOWN,,2,xgb_conf_0.80
Ensemble-XGB+GPT-few-sector,ternary,TMUS,UP,UP,0.7895787954330444,UP,,2,agreement
Ensemble-XGB+GPT-few-sector,ternary,TSLA,DOWN,DOWN,0.6403464078903198,DOWN,,2,agreement
Ensemble-XGB+GPT-few-sector,ternary,TT,UP,DOWN,0.5587783455848694,UP,,2,xgb_conf_0.56
Ensemble-XGB+GPT-few-sector,ternary,TXN,UP,UP,0.9118154048919678,UP,,2,agreement
Ensemble-XGB+GPT-few-sector,ternary,UBER,DOWN,DOWN,0.6094152927398682,UP,,2,xgb_conf_0.61
Ensemble-XGB+GPT-few-sector,ternary,UNH,UP,UP,0.7688249349594116,DOWN,,2,xgb_conf_0.77
Ensemble-XGB+GPT-few-sector,ternary,UNP,UP,UP,0.6672172546386719,FLAT,,2,xgb_conf_0.67
Ensemble-XGB+GPT-few-sector,ternary,V,UP,UP,0.4642840325832367,UP,,2,agreement
Ensemble-XGB+GPT-few-sector,ternary,WELL,UP,UP,0.617789626121521,UP,,2,agreement
Ensemble-XGB+GPT-few-sector,ternary,WFC,UP,UP,0.8161829710006714,FLAT,,2,xgb_conf_0.82
Ensemble-XGB+GPT-few-sector,ternary,WMB,UP,UP,0.5212438702583313,UP,,2,agreement
Ensemble-XGB+GPT-few-sector,ternary,WMT,UP,UP,0.9297698736190796,UP,,2,agreement
Ensemble-XGB+GPT-few-sector,ternary,XOM,UP,UP,0.5359686613082886,UP,,2,agreement
Ensemble-XGB+GPT-few-CoT-sector,ternary,AAPL,UP,UP,0.7303208708763123,UP,,2,agreement
Ensemble-XGB+GPT-few-CoT-sector,ternary,ABBV,UP,UP,0.6413828730583191,UP,,2,agreement
Ensemble-XGB+GPT-few-CoT-sector,ternary,ABNB,UP,UP,0.7697778344154358,FLAT,,2,xgb_conf_0.77
Ensemble-XGB+GPT-few-CoT-sector,ternary,ABT,UP,UP,0.9544740319252014,UP,,2,agreement
Ensemble-XGB+GPT-few-CoT-sector,ternary,AEP,UP,FLAT,0.5618107914924622,UP,,2,xgb_conf_0.56
Ensemble-XGB+GPT-few-CoT-sector,ternary,AMAT,UP,UP,0.6607730984687805,UP,,2,agreement
Ensemble-XGB+GPT-few-CoT-sector,ternary,AMD,UP,UP,0.8055766820907593,UP,,2,agreement
Ensemble-XGB+GPT-few-CoT-sector,ternary,AMGN,UP,DOWN,0.5161386728286743,UP,,2,xgb_conf_0.52
Ensemble-XGB+GPT-few-CoT-sector,ternary,AMT,UP,UP,0.4842815697193146,UP,,2,agreement
Ensemble-XGB+GPT-few-CoT-sector,ternary,AMZN,UP,UP,0.8332909345626831,UP,,2,agreement
Ensemble-XGB+GPT-few-CoT-sector,ternary,APD,DOWN,DOWN,0.4615415930747986,DOWN,,2,agreement
Ensemble-XGB+GPT-few-CoT-sector,ternary,AVGO,UP,UP,0.5135496854782104,UP,,2,agreement
Ensemble-XGB+GPT-few-CoT-sector,ternary,AXP,UP,UP,0.784216582775116,FLAT,,2,xgb_conf_0.78
Ensemble-XGB+GPT-few-CoT-sector,ternary,BA,UP,UP,0.7649681568145752,FLAT,,2,xgb_conf_0.76
Ensemble-XGB+GPT-few-CoT-sector,ternary,BAC,UP,UP,0.9196078777313232,UP,,2,agreement
Ensemble-XGB+GPT-few-CoT-sector,ternary,BKNG,UP,UP,0.711437463760376,UP,,2,agreement
Ensemble-XGB+GPT-few-CoT-sector,ternary,BLK,UP,UP,0.6692331433296204,UP,,2,agreement
Ensemble-XGB+GPT-few-CoT-sector,ternary,C,UP,UP,0.6730594635009766,UP,,2,agreement
Ensemble-XGB+GPT-few-CoT-sector,ternary,CAT,UP,UP,0.6650351285934448,FLAT,,2,xgb_conf_0.67
Ensemble-XGB+GPT-few-CoT-sector,ternary,CB,UP,UP,0.8078045845031738,FLAT,,2,xgb_conf_0.81
Ensemble-XGB+GPT-few-CoT-sector,ternary,CEG,UP,DOWN,0.5007846355438232,UP,,2,xgb_conf_0.50
Ensemble-XGB+GPT-few-CoT-sector,ternary,COF,DOWN,DOWN,0.8086274266242981,UP,,2,xgb_conf_0.81
Ensemble-XGB+GPT-few-CoT-sector,ternary,COP,UP,UP,0.8691163063049316,UP,,2,agreement
Ensemble-XGB+GPT-few-CoT-sector,ternary,COST,UP,UP,0.8312603235244751,UP,,2,agreement
Ensemble-XGB+GPT-few-CoT-sector,ternary,CSCO,UP,DOWN,0.514485776424408,UP,,2,xgb_conf_0.51
Ensemble-XGB+GPT-few-CoT-sector,ternary,CVX,FLAT,UP,0.5722041726112366,FLAT,,2,xgb_conf_0.57
Ensemble-XGB+GPT-few-CoT-sector,ternary,DE,FLAT,FLAT,0.5082620978355408,FLAT,,2,agreement
Ensemble-XGB+GPT-few-CoT-sector,ternary,DHR,UP,UP,0.7213757634162903,UP,,2,agreement
Ensemble-XGB+GPT-few-CoT-sector,ternary,DLR,UP,UP,0.6072511076927185,UP,,2,agreement
Ensemble-XGB+GPT-few-CoT-sector,ternary,DUK,UP,UP,0.5671284794807434,UP,,2,agreement
Ensemble-XGB+GPT-few-CoT-sector,ternary,ECL,DOWN,DOWN,0.6082583069801331,UP,,2,xgb_conf_0.61
Ensemble-XGB+GPT-few-CoT-sector,ternary,EQIX,UP,UP,0.9343961477279664,UP,,2,agreement
Ensemble-XGB+GPT-few-CoT-sector,ternary,ETN,UP,UP,0.6210967898368835,UP,,2,agreement
Ensemble-XGB+GPT-few-CoT-sector,ternary,FCX,UP,DOWN,0.5721399188041687,UP,,2,xgb_conf_0.57
Ensemble-XGB+GPT-few-CoT-sector,ternary,FDX,DOWN,UP,0.509958028793335,DOWN,,2,xgb_conf_0.51
Ensemble-XGB+GPT-few-CoT-sector,ternary,GE,UP,UP,0.612458348274231,UP,,2,agreement
Ensemble-XGB+GPT-few-CoT-sector,ternary,GEV,UP,UP,0.5959250926971436,UP,,2,agreement
Ensemble-XGB+GPT-few-CoT-sector,ternary,GILD,UP,UP,0.9556447863578796,FLAT,,2,xgb_conf_0.96
Ensemble-XGB+GPT-few-CoT-sector,ternary,GOOGL,UP,UP,0.6960240006446838,UP,,2,agreement
Ensemble-XGB+GPT-few-CoT-sector,ternary,GS,UP,UP,0.5910691618919373,UP,,2,agreement
Ensemble-XGB+GPT-few-CoT-sector,ternary,HD,UP,UP,0.8480783700942993,FLAT,,2,xgb_conf_0.85
Ensemble-XGB+GPT-few-CoT-sector,ternary,HON,UP,UP,0.6871559023857117,UP,,2,agreement
Ensemble-XGB+GPT-few-CoT-sector,ternary,HWM,UP,UP,0.6556607484817505,UP,,2,agreement
Ensemble-XGB+GPT-few-CoT-sector,ternary,INTC,FLAT,DOWN,0.5335747003555298,FLAT,,2,xgb_conf_0.53
Ensemble-XGB+GPT-few-CoT-sector,ternary,ISRG,UP,UP,0.9476966261863708,UP,,2,agreement
Ensemble-XGB+GPT-few-CoT-sector,ternary,JNJ,UP,UP,0.903516173362732,UP,,2,agreement
Ensemble-XGB+GPT-few-CoT-sector,ternary,JPM,UP,UP,0.9353743195533752,FLAT,,2,xgb_conf_0.94
Ensemble-XGB+GPT-few-CoT-sector,ternary,KLAC,UP,DOWN,0.5290993452072144,UP,,2,xgb_conf_0.53
Ensemble-XGB+GPT-few-CoT-sector,ternary,KO,FLAT,UP,0.5983483195304871,FLAT,,2,xgb_conf_0.60
Ensemble-XGB+GPT-few-CoT-sector,ternary,LIN,UP,UP,0.8587049841880798,FLAT,,2,xgb_conf_0.86
Ensemble-XGB+GPT-few-CoT-sector,ternary,LLY,UP,UP,0.5908887982368469,UP,,2,agreement
Ensemble-XGB+GPT-few-CoT-sector,ternary,LMT,UP,UP,0.5228568315505981,UP,,2,agreement
Ensemble-XGB+GPT-few-CoT-sector,ternary,LOW,UP,UP,0.8012449741363525,FLAT,,2,xgb_conf_0.80
Ensemble-XGB+GPT-few-CoT-sector,ternary,LRCX,UP,UP,0.5294151306152344,UP,,2,agreement
Ensemble-XGB+GPT-few-CoT-sector,ternary,MA,UP,UP,0.5067219138145447,UP,,2,agreement
Ensemble-XGB+GPT-few-CoT-sector,ternary,MAR,UP,UP,0.6605110168457031,DOWN,,2,xgb_conf_0.66
Ensemble-XGB+GPT-few-CoT-sector,ternary,MCD,FLAT,UP,0.5291780829429626,FLAT,,2,xgb_conf_0.53
Ensemble-XGB+GPT-few-CoT-sector,ternary,META,UP,DOWN,0.507614254951477,UP,,2,xgb_conf_0.51
Ensemble-XGB+GPT-few-CoT-sector,ternary,MO,UP,UP,0.8944091796875,FLAT,,2,xgb_conf_0.89
Ensemble-XGB+GPT-few-CoT-sector,ternary,MRK,DOWN,DOWN,0.6163644790649414,FLAT,,2,xgb_conf_0.62
Ensemble-XGB+GPT-few-CoT-sector,ternary,MS,UP,UP,0.700032114982605,UP,,2,agreement
Ensemble-XGB+GPT-few-CoT-sector,ternary,MSFT,UP,DOWN,0.5623641014099121,UP,,2,xgb_conf_0.56
Ensemble-XGB+GPT-few-CoT-sector,ternary,MU,UP,UP,0.6379860043525696,UP,,2,agreement
Ensemble-XGB+GPT-few-CoT-sector,ternary,NEE,UP,UP,0.6440721750259399,UP,,2,agreement
Ensemble-XGB+GPT-few-CoT-sector,ternary,NEM,UP,UP,0.7993531823158264,UP,,2,agreement
Ensemble-XGB+GPT-few-CoT-sector,ternary,NFLX,UP,UP,0.6922516226768494,FLAT,,2,xgb_conf_0.69
Ensemble-XGB+GPT-few-CoT-sector,ternary,NVDA,UP,UP,0.6421626806259155,UP,,2,agreement
Ensemble-XGB+GPT-few-CoT-sector,ternary,ORCL,UP,UP,0.7930459976196289,UP,,2,agreement
Ensemble-XGB+GPT-few-CoT-sector,ternary,PEP,DOWN,UP,0.488424688577652,DOWN,,2,xgb_conf_0.49
Ensemble-XGB+GPT-few-CoT-sector,ternary,PFE,DOWN,DOWN,0.7235096096992493,UP,,2,xgb_conf_0.72
Ensemble-XGB+GPT-few-CoT-sector,ternary,PG,FLAT,UP,0.3739197254180908,FLAT,,2,xgb_conf_0.37
Ensemble-XGB+GPT-few-CoT-sector,ternary,PH,UP,UP,0.7007743120193481,UP,,2,agreement
Ensemble-XGB+GPT-few-CoT-sector,ternary,PLD,UP,UP,0.926174819469452,FLAT,,2,xgb_conf_0.93
Ensemble-XGB+GPT-few-CoT-sector,ternary,PLTR,UP,UP,0.9271623492240906,UP,,2,agreement
Ensemble-XGB+GPT-few-CoT-sector,ternary,PM,UP,UP,0.4686643779277801,UP,,2,agreement
Ensemble-XGB+GPT-few-CoT-sector,ternary,PWR,UP,UP,0.9447943568229676,UP,,2,agreement
Ensemble-XGB+GPT-few-CoT-sector,ternary,RTX,UP,UP,0.88055020570755,UP,,2,agreement
Ensemble-XGB+GPT-few-CoT-sector,ternary,SBUX,DOWN,UP,0.5315513610839844,DOWN,,2,xgb_conf_0.53
Ensemble-XGB+GPT-few-CoT-sector,ternary,SCHW,UP,UP,0.7855741381645203,UP,,2,agreement
Ensemble-XGB+GPT-few-CoT-sector,ternary,SHW,FLAT,UP,0.5691658854484558,FLAT,,2,xgb_conf_0.57
Ensemble-XGB+GPT-few-CoT-sector,ternary,SO,UP,UP,0.9618571400642396,UP,,2,agreement
Ensemble-XGB+GPT-few-CoT-sector,ternary,SPG,FLAT,FLAT,0.3414376974105835,FLAT,,2,agreement
Ensemble-XGB+GPT-few-CoT-sector,ternary,SPGI,UP,UP,0.6339302062988281,FLAT,,2,xgb_conf_0.63
Ensemble-XGB+GPT-few-CoT-sector,ternary,SRE,UP,FLAT,0.4290669560432434,UP,,2,xgb_conf_0.43
Ensemble-XGB+GPT-few-CoT-sector,ternary,SYK,UP,UP,0.5952983498573303,UP,,2,agreement
Ensemble-XGB+GPT-few-CoT-sector,ternary,TJX,UP,DOWN,0.5003790259361267,UP,,2,xgb_conf_0.50
Ensemble-XGB+GPT-few-CoT-sector,ternary,TMO,UP,UP,0.7966629862785339,DOWN,,2,xgb_conf_0.80
Ensemble-XGB+GPT-few-CoT-sector,ternary,TMUS,UP,UP,0.7895787954330444,UP,,2,agreement
Ensemble-XGB+GPT-few-CoT-sector,ternary,TSLA,DOWN,DOWN,0.6403464078903198,DOWN,,2,agreement
Ensemble-XGB+GPT-few-CoT-sector,ternary,TT,UP,DOWN,0.5587783455848694,UP,,2,xgb_conf_0.56
Ensemble-XGB+GPT-few-CoT-sector,ternary,TXN,UP,UP,0.9118154048919678,UP,,2,agreement
Ensemble-XGB+GPT-few-CoT-sector,ternary,UBER,DOWN,DOWN,0.6094152927398682,UP,,2,xgb_conf_0.61
Ensemble-XGB+GPT-few-CoT-sector,ternary,UNH,UP,UP,0.7688249349594116,DOWN,,2,xgb_conf_0.77
Ensemble-XGB+GPT-few-CoT-sector,ternary,UNP,UP,UP,0.6672172546386719,FLAT,,2,xgb_conf_0.67
Ensemble-XGB+GPT-few-CoT-sector,ternary,V,UP,UP,0.4642840325832367,UP,,2,agreement
Ensemble-XGB+GPT-few-CoT-sector,ternary,WELL,UP,UP,0.617789626121521,UP,,2,agreement
Ensemble-XGB+GPT-few-CoT-sector,ternary,WFC,UP,UP,0.8161829710006714,FLAT,,2,xgb_conf_0.82
Ensemble-XGB+GPT-few-CoT-sector,ternary,WMB,UP,UP,0.5212438702583313,UP,,2,agreement
Ensemble-XGB+GPT-few-CoT-sector,ternary,WMT,UP,UP,0.9297698736190796,UP,,2,agreement
Ensemble-XGB+GPT-few-CoT-sector,ternary,XOM,UP,UP,0.5359686613082886,UP,,2,agreement
Ensemble-XGB+GPT-rag-few,ternary,AAPL,UP,UP,0.7303208708763123,FLAT,,2,xgb_conf_0.73
Ensemble-XGB+GPT-rag-few,ternary,ABBV,UP,UP,0.6413828730583191,UP,,2,agreement
Ensemble-XGB+GPT-rag-few,ternary,ABNB,UP,UP,0.7697778344154358,FLAT,,2,xgb_conf_0.77
Ensemble-XGB+GPT-rag-few,ternary,ABT,UP,UP,0.9544740319252014,UP,,2,agreement
Ensemble-XGB+GPT-rag-few,ternary,AEP,UP,FLAT,0.5618107914924622,UP,,2,xgb_conf_0.56
Ensemble-XGB+GPT-rag-few,ternary,AMAT,UP,UP,0.6607730984687805,UP,,2,agreement
Ensemble-XGB+GPT-rag-few,ternary,AMD,UP,UP,0.8055766820907593,UP,,2,agreement
Ensemble-XGB+GPT-rag-few,ternary,AMGN,UP,DOWN,0.5161386728286743,UP,,2,xgb_conf_0.52
Ensemble-XGB+GPT-rag-few,ternary,AMT,UP,UP,0.4842815697193146,UP,,2,agreement
Ensemble-XGB+GPT-rag-few,ternary,AMZN,UP,UP,0.8332909345626831,UP,,2,agreement
Ensemble-XGB+GPT-rag-few,ternary,APD,DOWN,DOWN,0.4615415930747986,DOWN,,2,agreement
Ensemble-XGB+GPT-rag-few,ternary,AVGO,UP,UP,0.5135496854782104,UP,,2,agreement
Ensemble-XGB+GPT-rag-few,ternary,AXP,UP,UP,0.784216582775116,FLAT,,2,xgb_conf_0.78
Ensemble-XGB+GPT-rag-few,ternary,BA,UP,UP,0.7649681568145752,UP,,2,agreement
Ensemble-XGB+GPT-rag-few,ternary,BAC,UP,UP,0.9196078777313232,UP,,2,agreement
Ensemble-XGB+GPT-rag-few,ternary,BKNG,UP,UP,0.711437463760376,UP,,2,agreement
Ensemble-XGB+GPT-rag-few,ternary,BLK,UP,UP,0.6692331433296204,UP,,2,agreement
Ensemble-XGB+GPT-rag-few,ternary,C,UP,UP,0.6730594635009766,UP,,2,agreement
Ensemble-XGB+GPT-rag-few,ternary,CAT,UP,UP,0.6650351285934448,FLAT,,2,xgb_conf_0.67
Ensemble-XGB+GPT-rag-few,ternary,CB,UP,UP,0.8078045845031738,FLAT,,2,xgb_conf_0.81
Ensemble-XGB+GPT-rag-few,ternary,CEG,UP,DOWN,0.5007846355438232,UP,,2,xgb_conf_0.50
Ensemble-XGB+GPT-rag-few,ternary,COF,DOWN,DOWN,0.8086274266242981,UP,,2,xgb_conf_0.81
Ensemble-XGB+GPT-rag-few,ternary,COP,UP,UP,0.8691163063049316,UP,,2,agreement
Ensemble-XGB+GPT-rag-few,ternary,COST,UP,UP,0.8312603235244751,UP,,2,agreement
Ensemble-XGB+GPT-rag-few,ternary,CSCO,UP,DOWN,0.514485776424408,UP,,2,xgb_conf_0.51
Ensemble-XGB+GPT-rag-few,ternary,CVX,FLAT,UP,0.5722041726112366,FLAT,,2,xgb_conf_0.57
Ensemble-XGB+GPT-rag-few,ternary,DE,DOWN,FLAT,0.5082620978355408,DOWN,,2,xgb_conf_0.51
Ensemble-XGB+GPT-rag-few,ternary,DHR,UP,UP,0.7213757634162903,UP,,2,agreement
Ensemble-XGB+GPT-rag-few,ternary,DLR,UP,UP,0.6072511076927185,UP,,2,agreement
Ensemble-XGB+GPT-rag-few,ternary,DUK,UP,UP,0.5671284794807434,UP,,2,agreement
Ensemble-XGB+GPT-rag-few,ternary,ECL,DOWN,DOWN,0.6082583069801331,FLAT,,2,xgb_conf_0.61
Ensemble-XGB+GPT-rag-few,ternary,EQIX,UP,UP,0.9343961477279664,UP,,2,agreement
Ensemble-XGB+GPT-rag-few,ternary,ETN,UP,UP,0.6210967898368835,UP,,2,agreement
Ensemble-XGB+GPT-rag-few,ternary,FCX,UP,DOWN,0.5721399188041687,UP,,2,xgb_conf_0.57
Ensemble-XGB+GPT-rag-few,ternary,FDX,DOWN,UP,0.509958028793335,DOWN,,2,xgb_conf_0.51
Ensemble-XGB+GPT-rag-few,ternary,GE,UP,UP,0.612458348274231,UP,,2,agreement
Ensemble-XGB+GPT-rag-few,ternary,GEV,UP,UP,0.5959250926971436,UP,,2,agreement
Ensemble-XGB+GPT-rag-few,ternary,GILD,UP,UP,0.9556447863578796,FLAT,,2,xgb_conf_0.96
Ensemble-XGB+GPT-rag-few,ternary,GOOGL,UP,UP,0.6960240006446838,UP,,2,agreement
Ensemble-XGB+GPT-rag-few,ternary,GS,UP,UP,0.5910691618919373,UP,,2,agreement
Ensemble-XGB+GPT-rag-few,ternary,HD,UP,UP,0.8480783700942993,FLAT,,2,xgb_conf_0.85
Ensemble-XGB+GPT-rag-few,ternary,HON,UP,UP,0.6871559023857117,UP,,2,agreement
Ensemble-XGB+GPT-rag-few,ternary,HWM,UP,UP,0.6556607484817505,UP,,2,agreement
Ensemble-XGB+GPT-rag-few,ternary,INTC,FLAT,DOWN,0.5335747003555298,FLAT,,2,xgb_conf_0.53
Ensemble-XGB+GPT-rag-few,ternary,ISRG,UP,UP,0.9476966261863708,UP,,2,agreement
Ensemble-XGB+GPT-rag-few,ternary,JNJ,UP,UP,0.903516173362732,UP,,2,agreement
Ensemble-XGB+GPT-rag-few,ternary,JPM,UP,UP,0.9353743195533752,FLAT,,2,xgb_conf_0.94
Ensemble-XGB+GPT-rag-few,ternary,KLAC,UP,DOWN,0.5290993452072144,UP,,2,xgb_conf_0.53
Ensemble-XGB+GPT-rag-few,ternary,KO,FLAT,UP,0.5983483195304871,FLAT,,2,xgb_conf_0.60
Ensemble-XGB+GPT-rag-few,ternary,LIN,UP,UP,0.8587049841880798,FLAT,,2,xgb_conf_0.86
Ensemble-XGB+GPT-rag-few,ternary,LLY,UP,UP,0.5908887982368469,UP,,2,agreement
Ensemble-XGB+GPT-rag-few,ternary,LMT,UP,UP,0.5228568315505981,UP,,2,agreement
Ensemble-XGB+GPT-rag-few,ternary,LOW,UP,UP,0.8012449741363525,FLAT,,2,xgb_conf_0.80
Ensemble-XGB+GPT-rag-few,ternary,LRCX,UP,UP,0.5294151306152344,UP,,2,agreement
Ensemble-XGB+GPT-rag-few,ternary,MA,UP,UP,0.5067219138145447,UP,,2,agreement
Ensemble-XGB+GPT-rag-few,ternary,MAR,UP,UP,0.6605110168457031,FLAT,,2,xgb_conf_0.66
Ensemble-XGB+GPT-rag-few,ternary,MCD,FLAT,UP,0.5291780829429626,FLAT,,2,xgb_conf_0.53
Ensemble-XGB+GPT-rag-few,ternary,META,UP,DOWN,0.507614254951477,UP,,2,xgb_conf_0.51
Ensemble-XGB+GPT-rag-few,ternary,MO,UP,UP,0.8944091796875,FLAT,,2,xgb_conf_0.89
Ensemble-XGB+GPT-rag-few,ternary,MRK,DOWN,DOWN,0.6163644790649414,FLAT,,2,xgb_conf_0.62
Ensemble-XGB+GPT-rag-few,ternary,MS,UP,UP,0.700032114982605,UP,,2,agreement
Ensemble-XGB+GPT-rag-few,ternary,MSFT,UP,DOWN,0.5623641014099121,UP,,2,xgb_conf_0.56
Ensemble-XGB+GPT-rag-few,ternary,MU,UP,UP,0.6379860043525696,UP,,2,agreement
Ensemble-XGB+GPT-rag-few,ternary,NEE,UP,UP,0.6440721750259399,UP,,2,agreement
Ensemble-XGB+GPT-rag-few,ternary,NEM,UP,UP,0.7993531823158264,UP,,2,agreement
Ensemble-XGB+GPT-rag-few,ternary,NFLX,UP,UP,0.6922516226768494,FLAT,,2,xgb_conf_0.69
Ensemble-XGB+GPT-rag-few,ternary,NVDA,UP,UP,0.6421626806259155,UP,,2,agreement
Ensemble-XGB+GPT-rag-few,ternary,ORCL,UP,UP,0.7930459976196289,UP,,2,agreement
Ensemble-XGB+GPT-rag-few,ternary,PEP,DOWN,UP,0.488424688577652,DOWN,,2,xgb_conf_0.49
Ensemble-XGB+GPT-rag-few,ternary,PFE,DOWN,DOWN,0.7235096096992493,UP,,2,xgb_conf_0.72
Ensemble-XGB+GPT-rag-few,ternary,PG,FLAT,UP,0.3739197254180908,FLAT,,2,xgb_conf_0.37
Ensemble-XGB+GPT-rag-few,ternary,PH,UP,UP,0.7007743120193481,UP,,2,agreement
Ensemble-XGB+GPT-rag-few,ternary,PLD,UP,UP,0.926174819469452,FLAT,,2,xgb_conf_0.93
Ensemble-XGB+GPT-rag-few,ternary,PLTR,UP,UP,0.9271623492240906,UP,,2,agreement
Ensemble-XGB+GPT-rag-few,ternary,PM,UP,UP,0.4686643779277801,UP,,2,agreement
Ensemble-XGB+GPT-rag-few,ternary,PWR,UP,UP,0.9447943568229676,UP,,2,agreement
Ensemble-XGB+GPT-rag-few,ternary,RTX,UP,UP,0.88055020570755,UP,,2,agreement
Ensemble-XGB+GPT-rag-few,ternary,SBUX,DOWN,UP,0.5315513610839844,DOWN,,2,xgb_conf_0.53
Ensemble-XGB+GPT-rag-few,ternary,SCHW,UP,UP,0.7855741381645203,UP,,2,agreement
Ensemble-XGB+GPT-rag-few,ternary,SHW,FLAT,UP,0.5691658854484558,FLAT,,2,xgb_conf_0.57
Ensemble-XGB+GPT-rag-few,ternary,SO,UP,UP,0.9618571400642396,UP,,2,agreement
Ensemble-XGB+GPT-rag-few,ternary,SPG,FLAT,FLAT,0.3414376974105835,FLAT,,2,agreement
Ensemble-XGB+GPT-rag-few,ternary,SPGI,UP,UP,0.6339302062988281,FLAT,,2,xgb_conf_0.63
Ensemble-XGB+GPT-rag-few,ternary,SRE,UP,FLAT,0.4290669560432434,UP,,2,xgb_conf_0.43
Ensemble-XGB+GPT-rag-few,ternary,SYK,UP,UP,0.5952983498573303,UP,,2,agreement
Ensemble-XGB+GPT-rag-few,ternary,TJX,UP,DOWN,0.5003790259361267,UP,,2,xgb_conf_0.50
Ensemble-XGB+GPT-rag-few,ternary,TMO,UP,UP,0.7966629862785339,UP,,2,agreement
Ensemble-XGB+GPT-rag-few,ternary,TMUS,UP,UP,0.7895787954330444,UP,,2,agreement
Ensemble-XGB+GPT-rag-few,ternary,TSLA,DOWN,DOWN,0.6403464078903198,DOWN,,2,agreement
Ensemble-XGB+GPT-rag-few,ternary,TT,UP,DOWN,0.5587783455848694,UP,,2,xgb_conf_0.56
Ensemble-XGB+GPT-rag-few,ternary,TXN,UP,UP,0.9118154048919678,UP,,2,agreement
Ensemble-XGB+GPT-rag-few,ternary,UBER,DOWN,DOWN,0.6094152927398682,UP,,2,xgb_conf_0.61
Ensemble-XGB+GPT-rag-few,ternary,UNH,UP,UP,0.7688249349594116,DOWN,,2,xgb_conf_0.77
Ensemble-XGB+GPT-rag-few,ternary,UNP,UP,UP,0.6672172546386719,FLAT,,2,xgb_conf_0.67
Ensemble-XGB+GPT-rag-few,ternary,V,UP,UP,0.4642840325832367,UP,,2,agreement
Ensemble-XGB+GPT-rag-few,ternary,WELL,UP,UP,0.617789626121521,UP,,2,agreement
Ensemble-XGB+GPT-rag-few,ternary,WFC,UP,UP,0.8161829710006714,FLAT,,2,xgb_conf_0.82
Ensemble-XGB+GPT-rag-few,ternary,WMB,UP,UP,0.5212438702583313,UP,,2,agreement
Ensemble-XGB+GPT-rag-few,ternary,WMT,UP,UP,0.9297698736190796,UP,,2,agreement
Ensemble-XGB+GPT-rag-few,ternary,XOM,UP,UP,0.5359686613082886,UP,,2,agreement
Ensemble-XGB+GPT-two-stage,ternary,AAPL,UP,UP,0.7303208708763123,UP,,2,agreement
Ensemble-XGB+GPT-two-stage,ternary,ABBV,UP,UP,0.6413828730583191,UP,,2,agreement
Ensemble-XGB+GPT-two-stage,ternary,ABNB,UP,UP,0.7697778344154358,FLAT,,2,xgb_conf_0.77
Ensemble-XGB+GPT-two-stage,ternary,ABT,UP,UP,0.9544740319252014,UP,,2,agreement
Ensemble-XGB+GPT-two-stage,ternary,AEP,FLAT,FLAT,0.5618107914924622,FLAT,,2,agreement
Ensemble-XGB+GPT-two-stage,ternary,AMAT,UP,UP,0.6607730984687805,FLAT,,2,xgb_conf_0.66
Ensemble-XGB+GPT-two-stage,ternary,AMD,UP,UP,0.8055766820907593,UP,,2,agreement
Ensemble-XGB+GPT-two-stage,ternary,AMGN,FLAT,DOWN,0.5161386728286743,FLAT,,2,xgb_conf_0.52
Ensemble-XGB+GPT-two-stage,ternary,AMT,UP,UP,0.4842815697193146,UP,,2,agreement
Ensemble-XGB+GPT-two-stage,ternary,AMZN,UP,UP,0.8332909345626831,FLAT,,2,xgb_conf_0.83
Ensemble-XGB+GPT-two-stage,ternary,APD,DOWN,DOWN,0.4615415930747986,DOWN,,2,agreement
Ensemble-XGB+GPT-two-stage,ternary,AVGO,UP,UP,0.5135496854782104,UP,,2,agreement
Ensemble-XGB+GPT-two-stage,ternary,AXP,UP,UP,0.784216582775116,FLAT,,2,xgb_conf_0.78
Ensemble-XGB+GPT-two-stage,ternary,BA,UP,UP,0.7649681568145752,FLAT,,2,xgb_conf_0.76
Ensemble-XGB+GPT-two-stage,ternary,BAC,UP,UP,0.9196078777313232,FLAT,,2,xgb_conf_0.92
Ensemble-XGB+GPT-two-stage,ternary,BKNG,UP,UP,0.711437463760376,UP,,2,agreement
Ensemble-XGB+GPT-two-stage,ternary,BLK,UP,UP,0.6692331433296204,FLAT,,2,xgb_conf_0.67
Ensemble-XGB+GPT-two-stage,ternary,C,UP,UP,0.6730594635009766,FLAT,,2,xgb_conf_0.67
Ensemble-XGB+GPT-two-stage,ternary,CAT,UP,UP,0.6650351285934448,FLAT,,2,xgb_conf_0.67
Ensemble-XGB+GPT-two-stage,ternary,CB,UP,UP,0.8078045845031738,FLAT,,2,xgb_conf_0.81
Ensemble-XGB+GPT-two-stage,ternary,CEG,FLAT,DOWN,0.5007846355438232,FLAT,,2,xgb_conf_0.50
Ensemble-XGB+GPT-two-stage,ternary,COF,DOWN,DOWN,0.8086274266242981,FLAT,,2,xgb_conf_0.81
Ensemble-XGB+GPT-two-stage,ternary,COP,UP,UP,0.8691163063049316,FLAT,,2,xgb_conf_0.87
Ensemble-XGB+GPT-two-stage,ternary,COST,UP,UP,0.8312603235244751,FLAT,,2,xgb_conf_0.83
Ensemble-XGB+GPT-two-stage,ternary,CSCO,UP,DOWN,0.514485776424408,UP,,2,xgb_conf_0.51
Ensemble-XGB+GPT-two-stage,ternary,CVX,FLAT,UP,0.5722041726112366,FLAT,,2,xgb_conf_0.57
Ensemble-XGB+GPT-two-stage,ternary,DE,FLAT,FLAT,0.5082620978355408,FLAT,,2,agreement
Ensemble-XGB+GPT-two-stage,ternary,DHR,UP,UP,0.7213757634162903,UP,,2,agreement
Ensemble-XGB+GPT-two-stage,ternary,DLR,UP,UP,0.6072511076927185,UP,,2,agreement
Ensemble-XGB+GPT-two-stage,ternary,DUK,UP,UP,0.5671284794807434,UP,,2,agreement
Ensemble-XGB+GPT-two-stage,ternary,ECL,DOWN,DOWN,0.6082583069801331,FLAT,,2,xgb_conf_0.61
Ensemble-XGB+GPT-two-stage,ternary,EQIX,UP,UP,0.9343961477279664,UP,,2,agreement
Ensemble-XGB+GPT-two-stage,ternary,ETN,UP,UP,0.6210967898368835,UP,,2,agreement
Ensemble-XGB+GPT-two-stage,ternary,FCX,UP,DOWN,0.5721399188041687,UP,,2,xgb_conf_0.57
Ensemble-XGB+GPT-two-stage,ternary,FDX,DOWN,UP,0.509958028793335,DOWN,,2,xgb_conf_0.51
Ensemble-XGB+GPT-two-stage,ternary,GE,UP,UP,0.612458348274231,UP,,2,agreement
Ensemble-XGB+GPT-two-stage,ternary,GEV,FLAT,UP,0.5959250926971436,FLAT,,2,xgb_conf_0.60
Ensemble-XGB+GPT-two-stage,ternary,GILD,UP,UP,0.9556447863578796,FLAT,,2,xgb_conf_0.96
Ensemble-XGB+GPT-two-stage,ternary,GOOGL,UP,UP,0.6960240006446838,FLAT,,2,xgb_conf_0.70
Ensemble-XGB+GPT-two-stage,ternary,GS,FLAT,UP,0.5910691618919373,FLAT,,2,xgb_conf_0.59
Ensemble-XGB+GPT-two-stage,ternary,HD,UP,UP,0.8480783700942993,DOWN,,2,xgb_conf_0.85
Ensemble-XGB+GPT-two-stage,ternary,HON,UP,UP,0.6871559023857117,UP,,2,agreement
Ensemble-XGB+GPT-two-stage,ternary,HWM,UP,UP,0.6556607484817505,UP,,2,agreement
Ensemble-XGB+GPT-two-stage,ternary,INTC,DOWN,DOWN,0.5335747003555298,DOWN,,2,agreement
Ensemble-XGB+GPT-two-stage,ternary,ISRG,UP,UP,0.9476966261863708,FLAT,,2,xgb_conf_0.95
Ensemble-XGB+GPT-two-stage,ternary,JNJ,UP,UP,0.903516173362732,UP,,2,agreement
Ensemble-XGB+GPT-two-stage,ternary,JPM,UP,UP,0.9353743195533752,FLAT,,2,xgb_conf_0.94
Ensemble-XGB+GPT-two-stage,ternary,KLAC,FLAT,DOWN,0.5290993452072144,FLAT,,2,xgb_conf_0.53
Ensemble-XGB+GPT-two-stage,ternary,KO,FLAT,UP,0.5983483195304871,FLAT,,2,xgb_conf_0.60
Ensemble-XGB+GPT-two-stage,ternary,LIN,UP,UP,0.8587049841880798,FLAT,,2,xgb_conf_0.86
Ensemble-XGB+GPT-two-stage,ternary,LLY,FLAT,UP,0.5908887982368469,FLAT,,2,xgb_conf_0.59
Ensemble-XGB+GPT-two-stage,ternary,LMT,FLAT,UP,0.5228568315505981,FLAT,,2,xgb_conf_0.52
Ensemble-XGB+GPT-two-stage,ternary,LOW,UP,UP,0.8012449741363525,UP,,2,agreement
Ensemble-XGB+GPT-two-stage,ternary,LRCX,UP,UP,0.5294151306152344,UP,,2,agreement
Ensemble-XGB+GPT-two-stage,ternary,MA,UP,UP,0.5067219138145447,UP,,2,agreement
Ensemble-XGB+GPT-two-stage,ternary,MAR,UP,UP,0.6605110168457031,DOWN,,2,xgb_conf_0.66
Ensemble-XGB+GPT-two-stage,ternary,MCD,DOWN,UP,0.5291780829429626,DOWN,,2,xgb_conf_0.53
Ensemble-XGB+GPT-two-stage,ternary,META,FLAT,DOWN,0.507614254951477,FLAT,,2,xgb_conf_0.51
Ensemble-XGB+GPT-two-stage,ternary,MO,UP,UP,0.8944091796875,FLAT,,2,xgb_conf_0.89
Ensemble-XGB+GPT-two-stage,ternary,MRK,DOWN,DOWN,0.6163644790649414,UP,,2,xgb_conf_0.62
Ensemble-XGB+GPT-two-stage,ternary,MS,UP,UP,0.700032114982605,FLAT,,2,xgb_conf_0.70
Ensemble-XGB+GPT-two-stage,ternary,MSFT,UP,DOWN,0.5623641014099121,UP,,2,xgb_conf_0.56
Ensemble-XGB+GPT-two-stage,ternary,MU,UP,UP,0.6379860043525696,UP,,2,agreement
Ensemble-XGB+GPT-two-stage,ternary,NEE,UP,UP,0.6440721750259399,FLAT,,2,xgb_conf_0.64
Ensemble-XGB+GPT-two-stage,ternary,NEM,UP,UP,0.7993531823158264,FLAT,,2,xgb_conf_0.80
Ensemble-XGB+GPT-two-stage,ternary,NFLX,UP,UP,0.6922516226768494,FLAT,,2,xgb_conf_0.69
Ensemble-XGB+GPT-two-stage,ternary,NVDA,UP,UP,0.6421626806259155,UP,,2,agreement
Ensemble-XGB+GPT-two-stage,ternary,ORCL,UP,UP,0.7930459976196289,UP,,2,agreement
Ensemble-XGB+GPT-two-stage,ternary,PEP,DOWN,UP,0.488424688577652,DOWN,,2,xgb_conf_0.49
Ensemble-XGB+GPT-two-stage,ternary,PFE,DOWN,DOWN,0.7235096096992493,FLAT,,2,xgb_conf_0.72
Ensemble-XGB+GPT-two-stage,ternary,PG,DOWN,UP,0.3739197254180908,DOWN,,2,xgb_conf_0.37
Ensemble-XGB+GPT-two-stage,ternary,PH,UP,UP,0.7007743120193481,UP,,2,agreement
Ensemble-XGB+GPT-two-stage,ternary,PLD,UP,UP,0.926174819469452,FLAT,,2,xgb_conf_0.93
Ensemble-XGB+GPT-two-stage,ternary,PLTR,UP,UP,0.9271623492240906,UP,,2,agreement
Ensemble-XGB+GPT-two-stage,ternary,PM,UP,UP,0.4686643779277801,UP,,2,agreement
Ensemble-XGB+GPT-two-stage,ternary,PWR,UP,UP,0.9447943568229676,UP,,2,agreement
Ensemble-XGB+GPT-two-stage,ternary,RTX,UP,UP,0.88055020570755,FLAT,,2,xgb_conf_0.88
Ensemble-XGB+GPT-two-stage,ternary,SBUX,DOWN,UP,0.5315513610839844,DOWN,,2,xgb_conf_0.53
Ensemble-XGB+GPT-two-stage,ternary,SCHW,UP,UP,0.7855741381645203,UP,,2,agreement
Ensemble-XGB+GPT-two-stage,ternary,SHW,FLAT,UP,0.5691658854484558,FLAT,,2,xgb_conf_0.57
Ensemble-XGB+GPT-two-stage,ternary,SO,UP,UP,0.9618571400642396,FLAT,,2,xgb_conf_0.96
Ensemble-XGB+GPT-two-stage,ternary,SPG,FLAT,FLAT,0.3414376974105835,FLAT,,2,agreement
Ensemble-XGB+GPT-two-stage,ternary,SPGI,UP,UP,0.6339302062988281,DOWN,,2,xgb_conf_0.63
Ensemble-XGB+GPT-two-stage,ternary,SRE,FLAT,FLAT,0.4290669560432434,FLAT,,2,agreement
Ensemble-XGB+GPT-two-stage,ternary,SYK,UP,UP,0.5952983498573303,UP,,2,agreement
Ensemble-XGB+GPT-two-stage,ternary,TJX,UP,DOWN,0.5003790259361267,UP,,2,xgb_conf_0.50
Ensemble-XGB+GPT-two-stage,ternary,TMO,UP,UP,0.7966629862785339,DOWN,,2,xgb_conf_0.80
Ensemble-XGB+GPT-two-stage,ternary,TMUS,UP,UP,0.7895787954330444,UP,,2,agreement
Ensemble-XGB+GPT-two-stage,ternary,TSLA,DOWN,DOWN,0.6403464078903198,FLAT,,2,xgb_conf_0.64
Ensemble-XGB+GPT-two-stage,ternary,TT,FLAT,DOWN,0.5587783455848694,FLAT,,2,xgb_conf_0.56
Ensemble-XGB+GPT-two-stage,ternary,TXN,UP,UP,0.9118154048919678,FLAT,,2,xgb_conf_0.91
Ensemble-XGB+GPT-two-stage,ternary,UBER,DOWN,DOWN,0.6094152927398682,FLAT,,2,xgb_conf_0.61
Ensemble-XGB+GPT-two-stage,ternary,UNH,UP,UP,0.7688249349594116,DOWN,,2,xgb_conf_0.77
Ensemble-XGB+GPT-two-stage,ternary,UNP,UP,UP,0.6672172546386719,FLAT,,2,xgb_conf_0.67
Ensemble-XGB+GPT-two-stage,ternary,V,UP,UP,0.4642840325832367,UP,,2,agreement
Ensemble-XGB+GPT-two-stage,ternary,WELL,UP,UP,0.617789626121521,UP,,2,agreement
Ensemble-XGB+GPT-two-stage,ternary,WFC,UP,UP,0.8161829710006714,FLAT,,2,xgb_conf_0.82
Ensemble-XGB+GPT-two-stage,ternary,WMB,UP,UP,0.5212438702583313,UP,,2,agreement
Ensemble-XGB+GPT-two-stage,ternary,WMT,UP,UP,0.9297698736190796,UP,,2,agreement
Ensemble-XGB+GPT-two-stage,ternary,XOM,DOWN,UP,0.5359686613082886,DOWN,,2,xgb_conf_0.54
Ensemble-XGB+GPT-two-stage-CoT,ternary,AAPL,UP,UP,0.7303208708763123,UP,,2,agreement
Ensemble-XGB+GPT-two-stage-CoT,ternary,ABBV,UP,UP,0.6413828730583191,UP,,2,agreement
Ensemble-XGB+GPT-two-stage-CoT,ternary,ABNB,UP,UP,0.7697778344154358,FLAT,,2,xgb_conf_0.77
Ensemble-XGB+GPT-two-stage-CoT,ternary,ABT,UP,UP,0.9544740319252014,UP,,2,agreement
Ensemble-XGB+GPT-two-stage-CoT,ternary,AEP,UP,FLAT,0.5618107914924622,UP,,2,xgb_conf_0.56
Ensemble-XGB+GPT-two-stage-CoT,ternary,AMAT,UP,UP,0.6607730984687805,FLAT,,2,xgb_conf_0.66
Ensemble-XGB+GPT-two-stage-CoT,ternary,AMD,UP,UP,0.8055766820907593,UP,,2,agreement
Ensemble-XGB+GPT-two-stage-CoT,ternary,AMGN,UP,DOWN,0.5161386728286743,UP,,2,xgb_conf_0.52
Ensemble-XGB+GPT-two-stage-CoT,ternary,AMT,UP,UP,0.4842815697193146,UP,,2,agreement
Ensemble-XGB+GPT-two-stage-CoT,ternary,AMZN,UP,UP,0.8332909345626831,UP,,2,agreement
Ensemble-XGB+GPT-two-stage-CoT,ternary,APD,DOWN,DOWN,0.4615415930747986,DOWN,,2,agreement
Ensemble-XGB+GPT-two-stage-CoT,ternary,AVGO,UP,UP,0.5135496854782104,UP,,2,agreement
Ensemble-XGB+GPT-two-stage-CoT,ternary,AXP,UP,UP,0.784216582775116,FLAT,,2,xgb_conf_0.78
Ensemble-XGB+GPT-two-stage-CoT,ternary,BA,UP,UP,0.7649681568145752,FLAT,,2,xgb_conf_0.76
Ensemble-XGB+GPT-two-stage-CoT,ternary,BAC,UP,UP,0.9196078777313232,FLAT,,2,xgb_conf_0.92
Ensemble-XGB+GPT-two-stage-CoT,ternary,BKNG,UP,UP,0.711437463760376,UP,,2,agreement
Ensemble-XGB+GPT-two-stage-CoT,ternary,BLK,UP,UP,0.6692331433296204,FLAT,,2,xgb_conf_0.67
Ensemble-XGB+GPT-two-stage-CoT,ternary,C,UP,UP,0.6730594635009766,FLAT,,2,xgb_conf_0.67
Ensemble-XGB+GPT-two-stage-CoT,ternary,CAT,UP,UP,0.6650351285934448,FLAT,,2,xgb_conf_0.67
Ensemble-XGB+GPT-two-stage-CoT,ternary,CB,UP,UP,0.8078045845031738,FLAT,,2,xgb_conf_0.81
Ensemble-XGB+GPT-two-stage-CoT,ternary,CEG,FLAT,DOWN,0.5007846355438232,FLAT,,2,xgb_conf_0.50
Ensemble-XGB+GPT-two-stage-CoT,ternary,COF,DOWN,DOWN,0.8086274266242981,FLAT,,2,xgb_conf_0.81
Ensemble-XGB+GPT-two-stage-CoT,ternary,COP,UP,UP,0.8691163063049316,FLAT,,2,xgb_conf_0.87
Ensemble-XGB+GPT-two-stage-CoT,ternary,COST,UP,UP,0.8312603235244751,FLAT,,2,xgb_conf_0.83
Ensemble-XGB+GPT-two-stage-CoT,ternary,CSCO,UP,DOWN,0.514485776424408,UP,,2,xgb_conf_0.51
Ensemble-XGB+GPT-two-stage-CoT,ternary,CVX,FLAT,UP,0.5722041726112366,FLAT,,2,xgb_conf_0.57
Ensemble-XGB+GPT-two-stage-CoT,ternary,DE,DOWN,FLAT,0.5082620978355408,DOWN,,2,xgb_conf_0.51
Ensemble-XGB+GPT-two-stage-CoT,ternary,DHR,UP,UP,0.7213757634162903,FLAT,,2,xgb_conf_0.72
Ensemble-XGB+GPT-two-stage-CoT,ternary,DLR,UP,UP,0.6072511076927185,UP,,2,agreement
Ensemble-XGB+GPT-two-stage-CoT,ternary,DUK,UP,UP,0.5671284794807434,UP,,2,agreement
Ensemble-XGB+GPT-two-stage-CoT,ternary,ECL,DOWN,DOWN,0.6082583069801331,FLAT,,2,xgb_conf_0.61
Ensemble-XGB+GPT-two-stage-CoT,ternary,EQIX,UP,UP,0.9343961477279664,UP,,2,agreement
Ensemble-XGB+GPT-two-stage-CoT,ternary,ETN,UP,UP,0.6210967898368835,UP,,2,agreement
Ensemble-XGB+GPT-two-stage-CoT,ternary,FCX,UP,DOWN,0.5721399188041687,UP,,2,xgb_conf_0.57
Ensemble-XGB+GPT-two-stage-CoT,ternary,FDX,DOWN,UP,0.509958028793335,DOWN,,2,xgb_conf_0.51
Ensemble-XGB+GPT-two-stage-CoT,ternary,GE,UP,UP,0.612458348274231,UP,,2,agreement
Ensemble-XGB+GPT-two-stage-CoT,ternary,GEV,FLAT,UP,0.5959250926971436,FLAT,,2,xgb_conf_0.60
Ensemble-XGB+GPT-two-stage-CoT,ternary,GILD,UP,UP,0.9556447863578796,FLAT,,2,xgb_conf_0.96
Ensemble-XGB+GPT-two-stage-CoT,ternary,GOOGL,UP,UP,0.6960240006446838,FLAT,,2,xgb_conf_0.70
Ensemble-XGB+GPT-two-stage-CoT,ternary,GS,FLAT,UP,0.5910691618919373,FLAT,,2,xgb_conf_0.59
Ensemble-XGB+GPT-two-stage-CoT,ternary,HD,UP,UP,0.8480783700942993,FLAT,,2,xgb_conf_0.85
Ensemble-XGB+GPT-two-stage-CoT,ternary,HON,UP,UP,0.6871559023857117,UP,,2,agreement
Ensemble-XGB+GPT-two-stage-CoT,ternary,HWM,UP,UP,0.6556607484817505,UP,,2,agreement
Ensemble-XGB+GPT-two-stage-CoT,ternary,INTC,FLAT,DOWN,0.5335747003555298,FLAT,,2,xgb_conf_0.53
Ensemble-XGB+GPT-two-stage-CoT,ternary,ISRG,UP,UP,0.9476966261863708,UP,,2,agreement
Ensemble-XGB+GPT-two-stage-CoT,ternary,JNJ,UP,UP,0.903516173362732,UP,,2,agreement
Ensemble-XGB+GPT-two-stage-CoT,ternary,JPM,UP,UP,0.9353743195533752,FLAT,,2,xgb_conf_0.94
Ensemble-XGB+GPT-two-stage-CoT,ternary,KLAC,UP,DOWN,0.5290993452072144,UP,,2,xgb_conf_0.53
Ensemble-XGB+GPT-two-stage-CoT,ternary,KO,FLAT,UP,0.5983483195304871,FLAT,,2,xgb_conf_0.60
Ensemble-XGB+GPT-two-stage-CoT,ternary,LIN,UP,UP,0.8587049841880798,FLAT,,2,xgb_conf_0.86
Ensemble-XGB+GPT-two-stage-CoT,ternary,LLY,FLAT,UP,0.5908887982368469,FLAT,,2,xgb_conf_0.59
Ensemble-XGB+GPT-two-stage-CoT,ternary,LMT,FLAT,UP,0.5228568315505981,FLAT,,2,xgb_conf_0.52
Ensemble-XGB+GPT-two-stage-CoT,ternary,LOW,UP,UP,0.8012449741363525,FLAT,,2,xgb_conf_0.80
Ensemble-XGB+GPT-two-stage-CoT,ternary,LRCX,UP,UP,0.5294151306152344,UP,,2,agreement
Ensemble-XGB+GPT-two-stage-CoT,ternary,MA,FLAT,UP,0.5067219138145447,FLAT,,2,xgb_conf_0.51
Ensemble-XGB+GPT-two-stage-CoT,ternary,MAR,UP,UP,0.6605110168457031,DOWN,,2,xgb_conf_0.66
Ensemble-XGB+GPT-two-stage-CoT,ternary,MCD,DOWN,UP,0.5291780829429626,DOWN,,2,xgb_conf_0.53
Ensemble-XGB+GPT-two-stage-CoT,ternary,META,FLAT,DOWN,0.507614254951477,FLAT,,2,xgb_conf_0.51
Ensemble-XGB+GPT-two-stage-CoT,ternary,MO,UP,UP,0.8944091796875,FLAT,,2,xgb_conf_0.89
Ensemble-XGB+GPT-two-stage-CoT,ternary,MRK,DOWN,DOWN,0.6163644790649414,FLAT,,2,xgb_conf_0.62
Ensemble-XGB+GPT-two-stage-CoT,ternary,MS,UP,UP,0.700032114982605,FLAT,,2,xgb_conf_0.70
Ensemble-XGB+GPT-two-stage-CoT,ternary,MSFT,UP,DOWN,0.5623641014099121,UP,,2,xgb_conf_0.56
Ensemble-XGB+GPT-two-stage-CoT,ternary,MU,UP,UP,0.6379860043525696,UP,,2,agreement
Ensemble-XGB+GPT-two-stage-CoT,ternary,NEE,UP,UP,0.6440721750259399,FLAT,,2,xgb_conf_0.64
Ensemble-XGB+GPT-two-stage-CoT,ternary,NEM,UP,UP,0.7993531823158264,FLAT,,2,xgb_conf_0.80
Ensemble-XGB+GPT-two-stage-CoT,ternary,NFLX,UP,UP,0.6922516226768494,FLAT,,2,xgb_conf_0.69
Ensemble-XGB+GPT-two-stage-CoT,ternary,NVDA,UP,UP,0.6421626806259155,UP,,2,agreement
Ensemble-XGB+GPT-two-stage-CoT,ternary,ORCL,UP,UP,0.7930459976196289,UP,,2,agreement
Ensemble-XGB+GPT-two-stage-CoT,ternary,PEP,DOWN,UP,0.488424688577652,DOWN,,2,xgb_conf_0.49
Ensemble-XGB+GPT-two-stage-CoT,ternary,PFE,DOWN,DOWN,0.7235096096992493,UP,,2,xgb_conf_0.72
Ensemble-XGB+GPT-two-stage-CoT,ternary,PG,DOWN,UP,0.3739197254180908,DOWN,,2,xgb_conf_0.37
Ensemble-XGB+GPT-two-stage-CoT,ternary,PH,UP,UP,0.7007743120193481,UP,,2,agreement
Ensemble-XGB+GPT-two-stage-CoT,ternary,PLD,UP,UP,0.926174819469452,FLAT,,2,xgb_conf_0.93
Ensemble-XGB+GPT-two-stage-CoT,ternary,PLTR,UP,UP,0.9271623492240906,UP,,2,agreement
Ensemble-XGB+GPT-two-stage-CoT,ternary,PM,UP,UP,0.4686643779277801,UP,,2,agreement
Ensemble-XGB+GPT-two-stage-CoT,ternary,PWR,UP,UP,0.9447943568229676,UP,,2,agreement
Ensemble-XGB+GPT-two-stage-CoT,ternary,RTX,UP,UP,0.88055020570755,FLAT,,2,xgb_conf_0.88
Ensemble-XGB+GPT-two-stage-CoT,ternary,SBUX,DOWN,UP,0.5315513610839844,DOWN,,2,xgb_conf_0.53
Ensemble-XGB+GPT-two-stage-CoT,ternary,SCHW,UP,UP,0.7855741381645203,UP,,2,agreement
Ensemble-XGB+GPT-two-stage-CoT,ternary,SHW,FLAT,UP,0.5691658854484558,FLAT,,2,xgb_conf_0.57
Ensemble-XGB+GPT-two-stage-CoT,ternary,SO,UP,UP,0.9618571400642396,FLAT,,2,xgb_conf_0.96
Ensemble-XGB+GPT-two-stage-CoT,ternary,SPG,FLAT,FLAT,0.3414376974105835,FLAT,,2,agreement
Ensemble-XGB+GPT-two-stage-CoT,ternary,SPGI,UP,UP,0.6339302062988281,DOWN,,2,xgb_conf_0.63
Ensemble-XGB+GPT-two-stage-CoT,ternary,SRE,FLAT,FLAT,0.4290669560432434,FLAT,,2,agreement
Ensemble-XGB+GPT-two-stage-CoT,ternary,SYK,UP,UP,0.5952983498573303,UP,,2,agreement
Ensemble-XGB+GPT-two-stage-CoT,ternary,TJX,UP,DOWN,0.5003790259361267,UP,,2,xgb_conf_0.50
Ensemble-XGB+GPT-two-stage-CoT,ternary,TMO,UP,UP,0.7966629862785339,DOWN,,2,xgb_conf_0.80
Ensemble-XGB+GPT-two-stage-CoT,ternary,TMUS,UP,UP,0.7895787954330444,UP,,2,agreement
Ensemble-XGB+GPT-two-stage-CoT,ternary,TSLA,DOWN,DOWN,0.6403464078903198,FLAT,,2,xgb_conf_0.64
Ensemble-XGB+GPT-two-stage-CoT,ternary,TT,FLAT,DOWN,0.5587783455848694,FLAT,,2,xgb_conf_0.56
Ensemble-XGB+GPT-two-stage-CoT,ternary,TXN,UP,UP,0.9118154048919678,FLAT,,2,xgb_conf_0.91
Ensemble-XGB+GPT-two-stage-CoT,ternary,UBER,DOWN,DOWN,0.6094152927398682,FLAT,,2,xgb_conf_0.61
Ensemble-XGB+GPT-two-stage-CoT,ternary,UNH,UP,UP,0.7688249349594116,DOWN,,2,xgb_conf_0.77
Ensemble-XGB+GPT-two-stage-CoT,ternary,UNP,UP,UP,0.6672172546386719,FLAT,,2,xgb_conf_0.67
Ensemble-XGB+GPT-two-stage-CoT,ternary,V,UP,UP,0.4642840325832367,UP,,2,agreement
Ensemble-XGB+GPT-two-stage-CoT,ternary,WELL,UP,UP,0.617789626121521,UP,,2,agreement
Ensemble-XGB+GPT-two-stage-CoT,ternary,WFC,UP,UP,0.8161829710006714,FLAT,,2,xgb_conf_0.82
Ensemble-XGB+GPT-two-stage-CoT,ternary,WMB,UP,UP,0.5212438702583313,UP,,2,agreement
Ensemble-XGB+GPT-two-stage-CoT,ternary,WMT,UP,UP,0.9297698736190796,UP,,2,agreement
Ensemble-XGB+GPT-two-stage-CoT,ternary,XOM,DOWN,UP,0.5359686613082886,DOWN,,2,xgb_conf_0.54
Ensemble-XGB+GPT-zero-calibrated,ternary,AAPL,UP,UP,0.7303208708763123,UP,,2,agreement
Ensemble-XGB+GPT-zero-calibrated,ternary,ABBV,UP,UP,0.6413828730583191,UP,,2,agreement
Ensemble-XGB+GPT-zero-calibrated,ternary,ABNB,UP,UP,0.7697778344154358,FLAT,,2,xgb_conf_0.77
Ensemble-XGB+GPT-zero-calibrated,ternary,ABT,UP,UP,0.9544740319252014,UP,,2,agreement
Ensemble-XGB+GPT-zero-calibrated,ternary,AEP,UP,FLAT,0.5618107914924622,UP,,2,xgb_conf_0.56
Ensemble-XGB+GPT-zero-calibrated,ternary,AMAT,UP,UP,0.6607730984687805,UP,,2,agreement
Ensemble-XGB+GPT-zero-calibrated,ternary,AMD,UP,UP,0.8055766820907593,UP,,2,agreement
Ensemble-XGB+GPT-zero-calibrated,ternary,AMGN,UP,DOWN,0.5161386728286743,UP,,2,xgb_conf_0.52
Ensemble-XGB+GPT-zero-calibrated,ternary,AMT,UP,UP,0.4842815697193146,UP,,2,agreement
Ensemble-XGB+GPT-zero-calibrated,ternary,AMZN,UP,UP,0.8332909345626831,UP,,2,agreement
Ensemble-XGB+GPT-zero-calibrated,ternary,APD,DOWN,DOWN,0.4615415930747986,DOWN,,2,agreement
Ensemble-XGB+GPT-zero-calibrated,ternary,AVGO,UP,UP,0.5135496854782104,UP,,2,agreement
Ensemble-XGB+GPT-zero-calibrated,ternary,AXP,UP,UP,0.784216582775116,FLAT,,2,xgb_conf_0.78
Ensemble-XGB+GPT-zero-calibrated,ternary,BA,UP,UP,0.7649681568145752,UP,,2,agreement
Ensemble-XGB+GPT-zero-calibrated,ternary,BAC,UP,UP,0.9196078777313232,UP,,2,agreement
Ensemble-XGB+GPT-zero-calibrated,ternary,BKNG,UP,UP,0.711437463760376,UP,,2,agreement
Ensemble-XGB+GPT-zero-calibrated,ternary,BLK,UP,UP,0.6692331433296204,UP,,2,agreement
Ensemble-XGB+GPT-zero-calibrated,ternary,C,UP,UP,0.6730594635009766,UP,,2,agreement
Ensemble-XGB+GPT-zero-calibrated,ternary,CAT,UP,UP,0.6650351285934448,FLAT,,2,xgb_conf_0.67
Ensemble-XGB+GPT-zero-calibrated,ternary,CB,UP,UP,0.8078045845031738,FLAT,,2,xgb_conf_0.81
Ensemble-XGB+GPT-zero-calibrated,ternary,CEG,UP,DOWN,0.5007846355438232,UP,,2,xgb_conf_0.50
Ensemble-XGB+GPT-zero-calibrated,ternary,COF,DOWN,DOWN,0.8086274266242981,UP,,2,xgb_conf_0.81
Ensemble-XGB+GPT-zero-calibrated,ternary,COP,UP,UP,0.8691163063049316,FLAT,,2,xgb_conf_0.87
Ensemble-XGB+GPT-zero-calibrated,ternary,COST,UP,UP,0.8312603235244751,UP,,2,agreement
Ensemble-XGB+GPT-zero-calibrated,ternary,CSCO,UP,DOWN,0.514485776424408,UP,,2,xgb_conf_0.51
Ensemble-XGB+GPT-zero-calibrated,ternary,CVX,FLAT,UP,0.5722041726112366,FLAT,,2,xgb_conf_0.57
Ensemble-XGB+GPT-zero-calibrated,ternary,DE,FLAT,FLAT,0.5082620978355408,FLAT,,2,agreement
Ensemble-XGB+GPT-zero-calibrated,ternary,DHR,UP,UP,0.7213757634162903,FLAT,,2,xgb_conf_0.72
Ensemble-XGB+GPT-zero-calibrated,ternary,DLR,UP,UP,0.6072511076927185,UP,,2,agreement
Ensemble-XGB+GPT-zero-calibrated,ternary,DUK,UP,UP,0.5671284794807434,UP,,2,agreement
Ensemble-XGB+GPT-zero-calibrated,ternary,ECL,DOWN,DOWN,0.6082583069801331,UP,,2,xgb_conf_0.61
Ensemble-XGB+GPT-zero-calibrated,ternary,EQIX,UP,UP,0.9343961477279664,UP,,2,agreement
Ensemble-XGB+GPT-zero-calibrated,ternary,ETN,UP,UP,0.6210967898368835,UP,,2,agreement
Ensemble-XGB+GPT-zero-calibrated,ternary,FCX,UP,DOWN,0.5721399188041687,UP,,2,xgb_conf_0.57
Ensemble-XGB+GPT-zero-calibrated,ternary,FDX,DOWN,UP,0.509958028793335,DOWN,,2,xgb_conf_0.51
Ensemble-XGB+GPT-zero-calibrated,ternary,GE,UP,UP,0.612458348274231,UP,,2,agreement
Ensemble-XGB+GPT-zero-calibrated,ternary,GEV,UP,UP,0.5959250926971436,UP,,2,agreement
Ensemble-XGB+GPT-zero-calibrated,ternary,GILD,UP,UP,0.9556447863578796,FLAT,,2,xgb_conf_0.96
Ensemble-XGB+GPT-zero-calibrated,ternary,GOOGL,UP,UP,0.6960240006446838,UP,,2,agreement
Ensemble-XGB+GPT-zero-calibrated,ternary,GS,UP,UP,0.5910691618919373,UP,,2,agreement
Ensemble-XGB+GPT-zero-calibrated,ternary,HD,UP,UP,0.8480783700942993,FLAT,,2,xgb_conf_0.85
Ensemble-XGB+GPT-zero-calibrated,ternary,HON,UP,UP,0.6871559023857117,UP,,2,agreement
Ensemble-XGB+GPT-zero-calibrated,ternary,HWM,UP,UP,0.6556607484817505,UP,,2,agreement
Ensemble-XGB+GPT-zero-calibrated,ternary,INTC,DOWN,DOWN,0.5335747003555298,DOWN,,2,agreement
Ensemble-XGB+GPT-zero-calibrated,ternary,ISRG,UP,UP,0.9476966261863708,UP,,2,agreement
Ensemble-XGB+GPT-zero-calibrated,ternary,JNJ,UP,UP,0.903516173362732,UP,,2,agreement
Ensemble-XGB+GPT-zero-calibrated,ternary,JPM,UP,UP,0.9353743195533752,FLAT,,2,xgb_conf_0.94
Ensemble-XGB+GPT-zero-calibrated,ternary,KLAC,UP,DOWN,0.5290993452072144,UP,,2,xgb_conf_0.53
Ensemble-XGB+GPT-zero-calibrated,ternary,KO,FLAT,UP,0.5983483195304871,FLAT,,2,xgb_conf_0.60
Ensemble-XGB+GPT-zero-calibrated,ternary,LIN,UP,UP,0.8587049841880798,FLAT,,2,xgb_conf_0.86
Ensemble-XGB+GPT-zero-calibrated,ternary,LLY,UP,UP,0.5908887982368469,UP,,2,agreement
Ensemble-XGB+GPT-zero-calibrated,ternary,LMT,UP,UP,0.5228568315505981,UP,,2,agreement
Ensemble-XGB+GPT-zero-calibrated,ternary,LOW,UP,UP,0.8012449741363525,UP,,2,agreement
Ensemble-XGB+GPT-zero-calibrated,ternary,LRCX,UP,UP,0.5294151306152344,UP,,2,agreement
Ensemble-XGB+GPT-zero-calibrated,ternary,MA,UP,UP,0.5067219138145447,UP,,2,agreement
Ensemble-XGB+GPT-zero-calibrated,ternary,MAR,UP,UP,0.6605110168457031,DOWN,,2,xgb_conf_0.66
Ensemble-XGB+GPT-zero-calibrated,ternary,MCD,FLAT,UP,0.5291780829429626,FLAT,,2,xgb_conf_0.53
Ensemble-XGB+GPT-zero-calibrated,ternary,META,UP,DOWN,0.507614254951477,UP,,2,xgb_conf_0.51
Ensemble-XGB+GPT-zero-calibrated,ternary,MO,UP,UP,0.8944091796875,FLAT,,2,xgb_conf_0.89
Ensemble-XGB+GPT-zero-calibrated,ternary,MRK,DOWN,DOWN,0.6163644790649414,FLAT,,2,xgb_conf_0.62
Ensemble-XGB+GPT-zero-calibrated,ternary,MS,UP,UP,0.700032114982605,UP,,2,agreement
Ensemble-XGB+GPT-zero-calibrated,ternary,MSFT,UP,DOWN,0.5623641014099121,UP,,2,xgb_conf_0.56
Ensemble-XGB+GPT-zero-calibrated,ternary,MU,UP,UP,0.6379860043525696,UP,,2,agreement
Ensemble-XGB+GPT-zero-calibrated,ternary,NEE,UP,UP,0.6440721750259399,UP,,2,agreement
Ensemble-XGB+GPT-zero-calibrated,ternary,NEM,UP,UP,0.7993531823158264,UP,,2,agreement
Ensemble-XGB+GPT-zero-calibrated,ternary,NFLX,UP,UP,0.6922516226768494,UP,,2,agreement
Ensemble-XGB+GPT-zero-calibrated,ternary,NVDA,UP,UP,0.6421626806259155,UP,,2,agreement
Ensemble-XGB+GPT-zero-calibrated,ternary,ORCL,UP,UP,0.7930459976196289,UP,,2,agreement
Ensemble-XGB+GPT-zero-calibrated,ternary,PEP,DOWN,UP,0.488424688577652,DOWN,,2,xgb_conf_0.49
Ensemble-XGB+GPT-zero-calibrated,ternary,PFE,DOWN,DOWN,0.7235096096992493,UP,,2,xgb_conf_0.72
Ensemble-XGB+GPT-zero-calibrated,ternary,PG,FLAT,UP,0.3739197254180908,FLAT,,2,xgb_conf_0.37
Ensemble-XGB+GPT-zero-calibrated,ternary,PH,UP,UP,0.7007743120193481,UP,,2,agreement
Ensemble-XGB+GPT-zero-calibrated,ternary,PLD,UP,UP,0.926174819469452,FLAT,,2,xgb_conf_0.93
Ensemble-XGB+GPT-zero-calibrated,ternary,PLTR,UP,UP,0.9271623492240906,UP,,2,agreement
Ensemble-XGB+GPT-zero-calibrated,ternary,PM,UP,UP,0.4686643779277801,UP,,2,agreement
Ensemble-XGB+GPT-zero-calibrated,ternary,PWR,UP,UP,0.9447943568229676,UP,,2,agreement
Ensemble-XGB+GPT-zero-calibrated,ternary,RTX,UP,UP,0.88055020570755,UP,,2,agreement
Ensemble-XGB+GPT-zero-calibrated,ternary,SBUX,DOWN,UP,0.5315513610839844,DOWN,,2,xgb_conf_0.53
Ensemble-XGB+GPT-zero-calibrated,ternary,SCHW,UP,UP,0.7855741381645203,UP,,2,agreement
Ensemble-XGB+GPT-zero-calibrated,ternary,SHW,FLAT,UP,0.5691658854484558,FLAT,,2,xgb_conf_0.57
Ensemble-XGB+GPT-zero-calibrated,ternary,SO,UP,UP,0.9618571400642396,UP,,2,agreement
Ensemble-XGB+GPT-zero-calibrated,ternary,SPG,FLAT,FLAT,0.3414376974105835,FLAT,,2,agreement
Ensemble-XGB+GPT-zero-calibrated,ternary,SPGI,UP,UP,0.6339302062988281,FLAT,,2,xgb_conf_0.63
Ensemble-XGB+GPT-zero-calibrated,ternary,SRE,UP,FLAT,0.4290669560432434,UP,,2,xgb_conf_0.43
Ensemble-XGB+GPT-zero-calibrated,ternary,SYK,UP,UP,0.5952983498573303,UP,,2,agreement
Ensemble-XGB+GPT-zero-calibrated,ternary,TJX,UP,DOWN,0.5003790259361267,UP,,2,xgb_conf_0.50
Ensemble-XGB+GPT-zero-calibrated,ternary,TMO,UP,UP,0.7966629862785339,FLAT,,2,xgb_conf_0.80
Ensemble-XGB+GPT-zero-calibrated,ternary,TMUS,UP,UP,0.7895787954330444,UP,,2,agreement
Ensemble-XGB+GPT-zero-calibrated,ternary,TSLA,DOWN,DOWN,0.6403464078903198,DOWN,,2,agreement
Ensemble-XGB+GPT-zero-calibrated,ternary,TT,UP,DOWN,0.5587783455848694,UP,,2,xgb_conf_0.56
Ensemble-XGB+GPT-zero-calibrated,ternary,TXN,UP,UP,0.9118154048919678,UP,,2,agreement
Ensemble-XGB+GPT-zero-calibrated,ternary,UBER,DOWN,DOWN,0.6094152927398682,UP,,2,xgb_conf_0.61
Ensemble-XGB+GPT-zero-calibrated,ternary,UNH,UP,UP,0.7688249349594116,DOWN,,2,xgb_conf_0.77
Ensemble-XGB+GPT-zero-calibrated,ternary,UNP,UP,UP,0.6672172546386719,FLAT,,2,xgb_conf_0.67
Ensemble-XGB+GPT-zero-calibrated,ternary,V,UP,UP,0.4642840325832367,UP,,2,agreement
Ensemble-XGB+GPT-zero-calibrated,ternary,WELL,UP,UP,0.617789626121521,UP,,2,agreement
Ensemble-XGB+GPT-zero-calibrated,ternary,WFC,UP,UP,0.8161829710006714,UP,,2,agreement
Ensemble-XGB+GPT-zero-calibrated,ternary,WMB,UP,UP,0.5212438702583313,UP,,2,agreement
Ensemble-XGB+GPT-zero-calibrated,ternary,WMT,UP,UP,0.9297698736190796,UP,,2,agreement
Ensemble-XGB+GPT-zero-calibrated,ternary,XOM,FLAT,UP,0.5359686613082886,FLAT,,2,xgb_conf_0.54
Ensemble-XGB+GPT-feat-inject,ternary,AAPL,UP,UP,0.7303208708763123,UP,,2,agreement
Ensemble-XGB+GPT-feat-inject,ternary,ABBV,UP,UP,0.6413828730583191,UP,,2,agreement
Ensemble-XGB+GPT-feat-inject,ternary,ABNB,UP,UP,0.7697778344154358,FLAT,,2,xgb_conf_0.77
Ensemble-XGB+GPT-feat-inject,ternary,ABT,UP,UP,0.9544740319252014,UP,,2,agreement
Ensemble-XGB+GPT-feat-inject,ternary,AEP,UP,FLAT,0.5618107914924622,UP,,2,xgb_conf_0.56
Ensemble-XGB+GPT-feat-inject,ternary,AMAT,UP,UP,0.6607730984687805,FLAT,,2,xgb_conf_0.66
Ensemble-XGB+GPT-feat-inject,ternary,AMD,UP,UP,0.8055766820907593,UP,,2,agreement
Ensemble-XGB+GPT-feat-inject,ternary,AMGN,UP,DOWN,0.5161386728286743,UP,,2,xgb_conf_0.52
Ensemble-XGB+GPT-feat-inject,ternary,AMT,UP,UP,0.4842815697193146,UP,,2,agreement
Ensemble-XGB+GPT-feat-inject,ternary,AMZN,UP,UP,0.8332909345626831,UP,,2,agreement
Ensemble-XGB+GPT-feat-inject,ternary,APD,FLAT,DOWN,0.4615415930747986,FLAT,,2,xgb_conf_0.46
Ensemble-XGB+GPT-feat-inject,ternary,AVGO,UP,UP,0.5135496854782104,UP,,2,agreement
Ensemble-XGB+GPT-feat-inject,ternary,AXP,UP,UP,0.784216582775116,FLAT,,2,xgb_conf_0.78
Ensemble-XGB+GPT-feat-inject,ternary,BA,UP,UP,0.7649681568145752,UP,,2,agreement
Ensemble-XGB+GPT-feat-inject,ternary,BAC,UP,UP,0.9196078777313232,FLAT,,2,xgb_conf_0.92
Ensemble-XGB+GPT-feat-inject,ternary,BKNG,UP,UP,0.711437463760376,UP,,2,agreement
Ensemble-XGB+GPT-feat-inject,ternary,BLK,UP,UP,0.6692331433296204,UP,,2,agreement
Ensemble-XGB+GPT-feat-inject,ternary,C,UP,UP,0.6730594635009766,FLAT,,2,xgb_conf_0.67
Ensemble-XGB+GPT-feat-inject,ternary,CAT,UP,UP,0.6650351285934448,FLAT,,2,xgb_conf_0.67
Ensemble-XGB+GPT-feat-inject,ternary,CB,UP,UP,0.8078045845031738,FLAT,,2,xgb_conf_0.81
Ensemble-XGB+GPT-feat-inject,ternary,CEG,FLAT,DOWN,0.5007846355438232,FLAT,,2,xgb_conf_0.50
Ensemble-XGB+GPT-feat-inject,ternary,COF,DOWN,DOWN,0.8086274266242981,FLAT,,2,xgb_conf_0.81
Ensemble-XGB+GPT-feat-inject,ternary,COP,UP,UP,0.8691163063049316,FLAT,,2,xgb_conf_0.87
Ensemble-XGB+GPT-feat-inject,ternary,COST,UP,UP,0.8312603235244751,UP,,2,agreement
Ensemble-XGB+GPT-feat-inject,ternary,CSCO,UP,DOWN,0.514485776424408,UP,,2,xgb_conf_0.51
Ensemble-XGB+GPT-feat-inject,ternary,CVX,FLAT,UP,0.5722041726112366,FLAT,,2,xgb_conf_0.57
Ensemble-XGB+GPT-feat-inject,ternary,DE,FLAT,FLAT,0.5082620978355408,FLAT,,2,agreement
Ensemble-XGB+GPT-feat-inject,ternary,DHR,UP,UP,0.7213757634162903,UP,,2,agreement
Ensemble-XGB+GPT-feat-inject,ternary,DLR,UP,UP,0.6072511076927185,UP,,2,agreement
Ensemble-XGB+GPT-feat-inject,ternary,DUK,FLAT,UP,0.5671284794807434,FLAT,,2,xgb_conf_0.57
Ensemble-XGB+GPT-feat-inject,ternary,ECL,DOWN,DOWN,0.6082583069801331,FLAT,,2,xgb_conf_0.61
Ensemble-XGB+GPT-feat-inject,ternary,EQIX,UP,UP,0.9343961477279664,UP,,2,agreement
Ensemble-XGB+GPT-feat-inject,ternary,ETN,UP,UP,0.6210967898368835,UP,,2,agreement
Ensemble-XGB+GPT-feat-inject,ternary,FCX,UP,DOWN,0.5721399188041687,UP,,2,xgb_conf_0.57
Ensemble-XGB+GPT-feat-inject,ternary,FDX,DOWN,UP,0.509958028793335,DOWN,,2,xgb_conf_0.51
Ensemble-XGB+GPT-feat-inject,ternary,GE,UP,UP,0.612458348274231,UP,,2,agreement
Ensemble-XGB+GPT-feat-inject,ternary,GEV,UP,UP,0.5959250926971436,UP,,2,agreement
Ensemble-XGB+GPT-feat-inject,ternary,GILD,UP,UP,0.9556447863578796,FLAT,,2,xgb_conf_0.96
Ensemble-XGB+GPT-feat-inject,ternary,GOOGL,UP,UP,0.6960240006446838,UP,,2,agreement
Ensemble-XGB+GPT-feat-inject,ternary,GS,UP,UP,0.5910691618919373,UP,,2,agreement
Ensemble-XGB+GPT-feat-inject,ternary,HD,UP,UP,0.8480783700942993,FLAT,,2,xgb_conf_0.85
Ensemble-XGB+GPT-feat-inject,ternary,HON,UP,UP,0.6871559023857117,UP,,2,agreement
Ensemble-XGB+GPT-feat-inject,ternary,HWM,UP,UP,0.6556607484817505,UP,,2,agreement
Ensemble-XGB+GPT-feat-inject,ternary,INTC,FLAT,DOWN,0.5335747003555298,FLAT,,2,xgb_conf_0.53
Ensemble-XGB+GPT-feat-inject,ternary,ISRG,UP,UP,0.9476966261863708,UP,,2,agreement
Ensemble-XGB+GPT-feat-inject,ternary,JNJ,UP,UP,0.903516173362732,UP,,2,agreement
Ensemble-XGB+GPT-feat-inject,ternary,JPM,UP,UP,0.9353743195533752,FLAT,,2,xgb_conf_0.94
Ensemble-XGB+GPT-feat-inject,ternary,KLAC,UP,DOWN,0.5290993452072144,UP,,2,xgb_conf_0.53
Ensemble-XGB+GPT-feat-inject,ternary,KO,FLAT,UP,0.5983483195304871,FLAT,,2,xgb_conf_0.60
Ensemble-XGB+GPT-feat-inject,ternary,LIN,UP,UP,0.8587049841880798,FLAT,,2,xgb_conf_0.86
Ensemble-XGB+GPT-feat-inject,ternary,LLY,FLAT,UP,0.5908887982368469,FLAT,,2,xgb_conf_0.59
Ensemble-XGB+GPT-feat-inject,ternary,LMT,UP,UP,0.5228568315505981,UP,,2,agreement
Ensemble-XGB+GPT-feat-inject,ternary,LOW,UP,UP,0.8012449741363525,FLAT,,2,xgb_conf_0.80
Ensemble-XGB+GPT-feat-inject,ternary,LRCX,UP,UP,0.5294151306152344,UP,,2,agreement
Ensemble-XGB+GPT-feat-inject,ternary,MA,UP,UP,0.5067219138145447,UP,,2,agreement
Ensemble-XGB+GPT-feat-inject,ternary,MAR,UP,UP,0.6605110168457031,FLAT,,2,xgb_conf_0.66
Ensemble-XGB+GPT-feat-inject,ternary,MCD,FLAT,UP,0.5291780829429626,FLAT,,2,xgb_conf_0.53
Ensemble-XGB+GPT-feat-inject,ternary,META,UP,DOWN,0.507614254951477,UP,,2,xgb_conf_0.51
Ensemble-XGB+GPT-feat-inject,ternary,MO,UP,UP,0.8944091796875,FLAT,,2,xgb_conf_0.89
Ensemble-XGB+GPT-feat-inject,ternary,MRK,DOWN,DOWN,0.6163644790649414,FLAT,,2,xgb_conf_0.62
Ensemble-XGB+GPT-feat-inject,ternary,MS,UP,UP,0.700032114982605,UP,,2,agreement
Ensemble-XGB+GPT-feat-inject,ternary,MSFT,UP,DOWN,0.5623641014099121,UP,,2,xgb_conf_0.56
Ensemble-XGB+GPT-feat-inject,ternary,MU,UP,UP,0.6379860043525696,UP,,2,agreement
Ensemble-XGB+GPT-feat-inject,ternary,NEE,UP,UP,0.6440721750259399,UP,,2,agreement
Ensemble-XGB+GPT-feat-inject,ternary,NEM,UP,UP,0.7993531823158264,FLAT,,2,xgb_conf_0.80
Ensemble-XGB+GPT-feat-inject,ternary,NFLX,UP,UP,0.6922516226768494,FLAT,,2,xgb_conf_0.69
Ensemble-XGB+GPT-feat-inject,ternary,NVDA,UP,UP,0.6421626806259155,UP,,2,agreement
Ensemble-XGB+GPT-feat-inject,ternary,ORCL,UP,UP,0.7930459976196289,UP,,2,agreement
Ensemble-XGB+GPT-feat-inject,ternary,PEP,DOWN,UP,0.488424688577652,DOWN,,2,xgb_conf_0.49
Ensemble-XGB+GPT-feat-inject,ternary,PFE,DOWN,DOWN,0.7235096096992493,UP,,2,xgb_conf_0.72
Ensemble-XGB+GPT-feat-inject,ternary,PG,FLAT,UP,0.3739197254180908,FLAT,,2,xgb_conf_0.37
Ensemble-XGB+GPT-feat-inject,ternary,PH,UP,UP,0.7007743120193481,DOWN,,2,xgb_conf_0.70
Ensemble-XGB+GPT-feat-inject,ternary,PLD,UP,UP,0.926174819469452,FLAT,,2,xgb_conf_0.93
Ensemble-XGB+GPT-feat-inject,ternary,PLTR,UP,UP,0.9271623492240906,UP,,2,agreement
Ensemble-XGB+GPT-feat-inject,ternary,PM,UP,UP,0.4686643779277801,UP,,2,agreement
Ensemble-XGB+GPT-feat-inject,ternary,PWR,UP,UP,0.9447943568229676,UP,,2,agreement
Ensemble-XGB+GPT-feat-inject,ternary,RTX,UP,UP,0.88055020570755,UP,,2,agreement
Ensemble-XGB+GPT-feat-inject,ternary,SBUX,DOWN,UP,0.5315513610839844,DOWN,,2,xgb_conf_0.53
Ensemble-XGB+GPT-feat-inject,ternary,SCHW,UP,UP,0.7855741381645203,UP,,2,agreement
Ensemble-XGB+GPT-feat-inject,ternary,SHW,FLAT,UP,0.5691658854484558,FLAT,,2,xgb_conf_0.57
Ensemble-XGB+GPT-feat-inject,ternary,SO,UP,UP,0.9618571400642396,FLAT,,2,xgb_conf_0.96
Ensemble-XGB+GPT-feat-inject,ternary,SPG,FLAT,FLAT,0.3414376974105835,FLAT,,2,agreement
Ensemble-XGB+GPT-feat-inject,ternary,SPGI,UP,UP,0.6339302062988281,FLAT,,2,xgb_conf_0.63
Ensemble-XGB+GPT-feat-inject,ternary,SRE,FLAT,FLAT,0.4290669560432434,FLAT,,2,agreement
Ensemble-XGB+GPT-feat-inject,ternary,SYK,UP,UP,0.5952983498573303,UP,,2,agreement
Ensemble-XGB+GPT-feat-inject,ternary,TJX,UP,DOWN,0.5003790259361267,UP,,2,xgb_conf_0.50
Ensemble-XGB+GPT-feat-inject,ternary,TMO,UP,UP,0.7966629862785339,FLAT,,2,xgb_conf_0.80
Ensemble-XGB+GPT-feat-inject,ternary,TMUS,UP,UP,0.7895787954330444,UP,,2,agreement
Ensemble-XGB+GPT-feat-inject,ternary,TSLA,DOWN,DOWN,0.6403464078903198,FLAT,,2,xgb_conf_0.64
Ensemble-XGB+GPT-feat-inject,ternary,TT,UP,DOWN,0.5587783455848694,UP,,2,xgb_conf_0.56
Ensemble-XGB+GPT-feat-inject,ternary,TXN,UP,UP,0.9118154048919678,FLAT,,2,xgb_conf_0.91
Ensemble-XGB+GPT-feat-inject,ternary,UBER,DOWN,DOWN,0.6094152927398682,FLAT,,2,xgb_conf_0.61
Ensemble-XGB+GPT-feat-inject,ternary,UNH,UP,UP,0.7688249349594116,DOWN,,2,xgb_conf_0.77
Ensemble-XGB+GPT-feat-inject,ternary,UNP,UP,UP,0.6672172546386719,FLAT,,2,xgb_conf_0.67
Ensemble-XGB+GPT-feat-inject,ternary,V,UP,UP,0.4642840325832367,UP,,2,agreement
Ensemble-XGB+GPT-feat-inject,ternary,WELL,UP,UP,0.617789626121521,UP,,2,agreement
Ensemble-XGB+GPT-feat-inject,ternary,WFC,UP,UP,0.8161829710006714,FLAT,,2,xgb_conf_0.82
Ensemble-XGB+GPT-feat-inject,ternary,WMB,UP,UP,0.5212438702583313,UP,,2,agreement
Ensemble-XGB+GPT-feat-inject,ternary,WMT,UP,UP,0.9297698736190796,UP,,2,agreement
Ensemble-XGB+GPT-feat-inject,ternary,XOM,FLAT,UP,0.5359686613082886,FLAT,,2,xgb_conf_0.54
Ensemble-XGB+GPT-feat-only,ternary,AAPL,UP,UP,0.7303208708763123,FLAT,,2,xgb_conf_0.73
Ensemble-XGB+GPT-feat-only,ternary,ABBV,UP,UP,0.6413828730583191,FLAT,,2,xgb_conf_0.64
Ensemble-XGB+GPT-feat-only,ternary,ABNB,UP,UP,0.7697778344154358,FLAT,,2,xgb_conf_0.77
Ensemble-XGB+GPT-feat-only,ternary,ABT,UP,UP,0.9544740319252014,FLAT,,2,xgb_conf_0.95
Ensemble-XGB+GPT-feat-only,ternary,AEP,FLAT,FLAT,0.5618107914924622,FLAT,,2,agreement
Ensemble-XGB+GPT-feat-only,ternary,AMAT,UP,UP,0.6607730984687805,FLAT,,2,xgb_conf_0.66
Ensemble-XGB+GPT-feat-only,ternary,AMD,UP,UP,0.8055766820907593,FLAT,,2,xgb_conf_0.81
Ensemble-XGB+GPT-feat-only,ternary,AMGN,FLAT,DOWN,0.5161386728286743,FLAT,,2,xgb_conf_0.52
Ensemble-XGB+GPT-feat-only,ternary,AMT,FLAT,UP,0.4842815697193146,FLAT,,2,xgb_conf_0.48
Ensemble-XGB+GPT-feat-only,ternary,AMZN,UP,UP,0.8332909345626831,FLAT,,2,xgb_conf_0.83
Ensemble-XGB+GPT-feat-only,ternary,APD,FLAT,DOWN,0.4615415930747986,FLAT,,2,xgb_conf_0.46
Ensemble-XGB+GPT-feat-only,ternary,AVGO,FLAT,UP,0.5135496854782104,FLAT,,2,xgb_conf_0.51
Ensemble-XGB+GPT-feat-only,ternary,AXP,UP,UP,0.784216582775116,FLAT,,2,xgb_conf_0.78
Ensemble-XGB+GPT-feat-only,ternary,BA,UP,UP,0.7649681568145752,FLAT,,2,xgb_conf_0.76
Ensemble-XGB+GPT-feat-only,ternary,BAC,UP,UP,0.9196078777313232,FLAT,,2,xgb_conf_0.92
Ensemble-XGB+GPT-feat-only,ternary,BKNG,UP,UP,0.711437463760376,FLAT,,2,xgb_conf_0.71
Ensemble-XGB+GPT-feat-only,ternary,BLK,UP,UP,0.6692331433296204,FLAT,,2,xgb_conf_0.67
Ensemble-XGB+GPT-feat-only,ternary,C,UP,UP,0.6730594635009766,FLAT,,2,xgb_conf_0.67
Ensemble-XGB+GPT-feat-only,ternary,CAT,UP,UP,0.6650351285934448,FLAT,,2,xgb_conf_0.67
Ensemble-XGB+GPT-feat-only,ternary,CB,UP,UP,0.8078045845031738,FLAT,,2,xgb_conf_0.81
Ensemble-XGB+GPT-feat-only,ternary,CEG,FLAT,DOWN,0.5007846355438232,FLAT,,2,xgb_conf_0.50
Ensemble-XGB+GPT-feat-only,ternary,COF,DOWN,DOWN,0.8086274266242981,FLAT,,2,xgb_conf_0.81
Ensemble-XGB+GPT-feat-only,ternary,COP,UP,UP,0.8691163063049316,FLAT,,2,xgb_conf_0.87
Ensemble-XGB+GPT-feat-only,ternary,COST,UP,UP,0.8312603235244751,FLAT,,2,xgb_conf_0.83
Ensemble-XGB+GPT-feat-only,ternary,CSCO,FLAT,DOWN,0.514485776424408,FLAT,,2,xgb_conf_0.51
Ensemble-XGB+GPT-feat-only,ternary,CVX,FLAT,UP,0.5722041726112366,FLAT,,2,xgb_conf_0.57
Ensemble-XGB+GPT-feat-only,ternary,DE,FLAT,FLAT,0.5082620978355408,FLAT,,2,agreement
Ensemble-XGB+GPT-feat-only,ternary,DHR,UP,UP,0.7213757634162903,FLAT,,2,xgb_conf_0.72
Ensemble-XGB+GPT-feat-only,ternary,DLR,UP,UP,0.6072511076927185,FLAT,,2,xgb_conf_0.61
Ensemble-XGB+GPT-feat-only,ternary,DUK,FLAT,UP,0.5671284794807434,FLAT,,2,xgb_conf_0.57
Ensemble-XGB+GPT-feat-only,ternary,ECL,DOWN,DOWN,0.6082583069801331,FLAT,,2,xgb_conf_0.61
Ensemble-XGB+GPT-feat-only,ternary,EQIX,UP,UP,0.9343961477279664,FLAT,,2,xgb_conf_0.93
Ensemble-XGB+GPT-feat-only,ternary,ETN,UP,UP,0.6210967898368835,FLAT,,2,xgb_conf_0.62
Ensemble-XGB+GPT-feat-only,ternary,FCX,FLAT,DOWN,0.5721399188041687,FLAT,,2,xgb_conf_0.57
Ensemble-XGB+GPT-feat-only,ternary,FDX,FLAT,UP,0.509958028793335,FLAT,,2,xgb_conf_0.51
Ensemble-XGB+GPT-feat-only,ternary,GE,UP,UP,0.612458348274231,FLAT,,2,xgb_conf_0.61
Ensemble-XGB+GPT-feat-only,ternary,GEV,FLAT,UP,0.5959250926971436,FLAT,,2,xgb_conf_0.60
Ensemble-XGB+GPT-feat-only,ternary,GILD,UP,UP,0.9556447863578796,FLAT,,2,xgb_conf_0.96
Ensemble-XGB+GPT-feat-only,ternary,GOOGL,UP,UP,0.6960240006446838,FLAT,,2,xgb_conf_0.70
Ensemble-XGB+GPT-feat-only,ternary,GS,FLAT,UP,0.5910691618919373,FLAT,,2,xgb_conf_0.59
Ensemble-XGB+GPT-feat-only,ternary,HD,UP,UP,0.8480783700942993,FLAT,,2,xgb_conf_0.85
Ensemble-XGB+GPT-feat-only,ternary,HON,UP,UP,0.6871559023857117,FLAT,,2,xgb_conf_0.69
Ensemble-XGB+GPT-feat-only,ternary,HWM,UP,UP,0.6556607484817505,FLAT,,2,xgb_conf_0.66
Ensemble-XGB+GPT-feat-only,ternary,INTC,FLAT,DOWN,0.5335747003555298,FLAT,,2,xgb_conf_0.53
Ensemble-XGB+GPT-feat-only,ternary,ISRG,UP,UP,0.9476966261863708,FLAT,,2,xgb_conf_0.95
Ensemble-XGB+GPT-feat-only,ternary,JNJ,UP,UP,0.903516173362732,FLAT,,2,xgb_conf_0.90
Ensemble-XGB+GPT-feat-only,ternary,JPM,UP,UP,0.9353743195533752,FLAT,,2,xgb_conf_0.94
Ensemble-XGB+GPT-feat-only,ternary,KLAC,FLAT,DOWN,0.5290993452072144,FLAT,,2,xgb_conf_0.53
Ensemble-XGB+GPT-feat-only,ternary,KO,FLAT,UP,0.5983483195304871,FLAT,,2,xgb_conf_0.60
Ensemble-XGB+GPT-feat-only,ternary,LIN,UP,UP,0.8587049841880798,FLAT,,2,xgb_conf_0.86
Ensemble-XGB+GPT-feat-only,ternary,LLY,FLAT,UP,0.5908887982368469,FLAT,,2,xgb_conf_0.59
Ensemble-XGB+GPT-feat-only,ternary,LMT,FLAT,UP,0.5228568315505981,FLAT,,2,xgb_conf_0.52
Ensemble-XGB+GPT-feat-only,ternary,LOW,UP,UP,0.8012449741363525,FLAT,,2,xgb_conf_0.80
Ensemble-XGB+GPT-feat-only,ternary,LRCX,FLAT,UP,0.5294151306152344,FLAT,,2,xgb_conf_0.53
Ensemble-XGB+GPT-feat-only,ternary,MA,FLAT,UP,0.5067219138145447,FLAT,,2,xgb_conf_0.51
Ensemble-XGB+GPT-feat-only,ternary,MAR,UP,UP,0.6605110168457031,FLAT,,2,xgb_conf_0.66
Ensemble-XGB+GPT-feat-only,ternary,MCD,FLAT,UP,0.5291780829429626,FLAT,,2,xgb_conf_0.53
Ensemble-XGB+GPT-feat-only,ternary,META,FLAT,DOWN,0.507614254951477,FLAT,,2,xgb_conf_0.51
Ensemble-XGB+GPT-feat-only,ternary,MO,UP,UP,0.8944091796875,FLAT,,2,xgb_conf_0.89
Ensemble-XGB+GPT-feat-only,ternary,MRK,DOWN,DOWN,0.6163644790649414,FLAT,,2,xgb_conf_0.62
Ensemble-XGB+GPT-feat-only,ternary,MS,UP,UP,0.700032114982605,FLAT,,2,xgb_conf_0.70
Ensemble-XGB+GPT-feat-only,ternary,MSFT,FLAT,DOWN,0.5623641014099121,FLAT,,2,xgb_conf_0.56
Ensemble-XGB+GPT-feat-only,ternary,MU,UP,UP,0.6379860043525696,FLAT,,2,xgb_conf_0.64
Ensemble-XGB+GPT-feat-only,ternary,NEE,UP,UP,0.6440721750259399,FLAT,,2,xgb_conf_0.64
Ensemble-XGB+GPT-feat-only,ternary,NEM,UP,UP,0.7993531823158264,FLAT,,2,xgb_conf_0.80
Ensemble-XGB+GPT-feat-only,ternary,NFLX,UP,UP,0.6922516226768494,FLAT,,2,xgb_conf_0.69
Ensemble-XGB+GPT-feat-only,ternary,NVDA,UP,UP,0.6421626806259155,FLAT,,2,xgb_conf_0.64
Ensemble-XGB+GPT-feat-only,ternary,ORCL,UP,UP,0.7930459976196289,FLAT,,2,xgb_conf_0.79
Ensemble-XGB+GPT-feat-only,ternary,PEP,FLAT,UP,0.488424688577652,FLAT,,2,xgb_conf_0.49
Ensemble-XGB+GPT-feat-only,ternary,PFE,DOWN,DOWN,0.7235096096992493,FLAT,,2,xgb_conf_0.72
Ensemble-XGB+GPT-feat-only,ternary,PG,FLAT,UP,0.3739197254180908,FLAT,,2,xgb_conf_0.37
Ensemble-XGB+GPT-feat-only,ternary,PH,UP,UP,0.7007743120193481,FLAT,,2,xgb_conf_0.70
Ensemble-XGB+GPT-feat-only,ternary,PLD,UP,UP,0.926174819469452,DOWN,,2,xgb_conf_0.93
Ensemble-XGB+GPT-feat-only,ternary,PLTR,UP,UP,0.9271623492240906,FLAT,,2,xgb_conf_0.93
Ensemble-XGB+GPT-feat-only,ternary,PM,FLAT,UP,0.4686643779277801,FLAT,,2,xgb_conf_0.47
Ensemble-XGB+GPT-feat-only,ternary,PWR,UP,UP,0.9447943568229676,FLAT,,2,xgb_conf_0.94
Ensemble-XGB+GPT-feat-only,ternary,RTX,UP,UP,0.88055020570755,FLAT,,2,xgb_conf_0.88
Ensemble-XGB+GPT-feat-only,ternary,SBUX,FLAT,UP,0.5315513610839844,FLAT,,2,xgb_conf_0.53
Ensemble-XGB+GPT-feat-only,ternary,SCHW,UP,UP,0.7855741381645203,FLAT,,2,xgb_conf_0.79
Ensemble-XGB+GPT-feat-only,ternary,SHW,FLAT,UP,0.5691658854484558,FLAT,,2,xgb_conf_0.57
Ensemble-XGB+GPT-feat-only,ternary,SO,UP,UP,0.9618571400642396,FLAT,,2,xgb_conf_0.96
Ensemble-XGB+GPT-feat-only,ternary,SPG,FLAT,FLAT,0.3414376974105835,FLAT,,2,agreement
Ensemble-XGB+GPT-feat-only,ternary,SPGI,UP,UP,0.6339302062988281,FLAT,,2,xgb_conf_0.63
Ensemble-XGB+GPT-feat-only,ternary,SRE,FLAT,FLAT,0.4290669560432434,FLAT,,2,agreement
Ensemble-XGB+GPT-feat-only,ternary,SYK,FLAT,UP,0.5952983498573303,FLAT,,2,xgb_conf_0.60
Ensemble-XGB+GPT-feat-only,ternary,TJX,FLAT,DOWN,0.5003790259361267,FLAT,,2,xgb_conf_0.50
Ensemble-XGB+GPT-feat-only,ternary,TMO,UP,UP,0.7966629862785339,FLAT,,2,xgb_conf_0.80
Ensemble-XGB+GPT-feat-only,ternary,TMUS,UP,UP,0.7895787954330444,FLAT,,2,xgb_conf_0.79
Ensemble-XGB+GPT-feat-only,ternary,TSLA,DOWN,DOWN,0.6403464078903198,FLAT,,2,xgb_conf_0.64
Ensemble-XGB+GPT-feat-only,ternary,TT,FLAT,DOWN,0.5587783455848694,FLAT,,2,xgb_conf_0.56
Ensemble-XGB+GPT-feat-only,ternary,TXN,UP,UP,0.9118154048919678,FLAT,,2,xgb_conf_0.91
Ensemble-XGB+GPT-feat-only,ternary,UBER,DOWN,DOWN,0.6094152927398682,FLAT,,2,xgb_conf_0.61
Ensemble-XGB+GPT-feat-only,ternary,UNH,UP,UP,0.7688249349594116,FLAT,,2,xgb_conf_0.77
Ensemble-XGB+GPT-feat-only,ternary,UNP,UP,UP,0.6672172546386719,FLAT,,2,xgb_conf_0.67
Ensemble-XGB+GPT-feat-only,ternary,V,FLAT,UP,0.4642840325832367,FLAT,,2,xgb_conf_0.46
Ensemble-XGB+GPT-feat-only,ternary,WELL,UP,UP,0.617789626121521,FLAT,,2,xgb_conf_0.62
Ensemble-XGB+GPT-feat-only,ternary,WFC,UP,UP,0.8161829710006714,FLAT,,2,xgb_conf_0.82
Ensemble-XGB+GPT-feat-only,ternary,WMB,FLAT,UP,0.5212438702583313,FLAT,,2,xgb_conf_0.52
Ensemble-XGB+GPT-feat-only,ternary,WMT,UP,UP,0.9297698736190796,FLAT,,2,xgb_conf_0.93
Ensemble-XGB+GPT-feat-only,ternary,XOM,FLAT,UP,0.5359686613082886,FLAT,,2,xgb_conf_0.54
Ensemble-XGB+GPT-speaker-seg,ternary,AAPL,UP,UP,0.7303208708763123,FLAT,,2,xgb_conf_0.73
Ensemble-XGB+GPT-speaker-seg,ternary,ABBV,UP,UP,0.6413828730583191,FLAT,,2,xgb_conf_0.64
Ensemble-XGB+GPT-speaker-seg,ternary,ABNB,UP,UP,0.7697778344154358,FLAT,,2,xgb_conf_0.77
Ensemble-XGB+GPT-speaker-seg,ternary,ABT,UP,UP,0.9544740319252014,FLAT,,2,xgb_conf_0.95
Ensemble-XGB+GPT-speaker-seg,ternary,AEP,FLAT,FLAT,0.5618107914924622,FLAT,,2,agreement
Ensemble-XGB+GPT-speaker-seg,ternary,AMAT,UP,UP,0.6607730984687805,FLAT,,2,xgb_conf_0.66
Ensemble-XGB+GPT-speaker-seg,ternary,AMD,UP,UP,0.8055766820907593,FLAT,,2,xgb_conf_0.81
Ensemble-XGB+GPT-speaker-seg,ternary,AMGN,FLAT,DOWN,0.5161386728286743,FLAT,,2,xgb_conf_0.52
Ensemble-XGB+GPT-speaker-seg,ternary,AMT,FLAT,UP,0.4842815697193146,FLAT,,2,xgb_conf_0.48
Ensemble-XGB+GPT-speaker-seg,ternary,AMZN,UP,UP,0.8332909345626831,FLAT,,2,xgb_conf_0.83
Ensemble-XGB+GPT-speaker-seg,ternary,APD,FLAT,DOWN,0.4615415930747986,FLAT,,2,xgb_conf_0.46
Ensemble-XGB+GPT-speaker-seg,ternary,AVGO,FLAT,UP,0.5135496854782104,FLAT,,2,xgb_conf_0.51
Ensemble-XGB+GPT-speaker-seg,ternary,AXP,UP,UP,0.784216582775116,FLAT,,2,xgb_conf_0.78
Ensemble-XGB+GPT-speaker-seg,ternary,BA,UP,UP,0.7649681568145752,FLAT,,2,xgb_conf_0.76
Ensemble-XGB+GPT-speaker-seg,ternary,BAC,UP,UP,0.9196078777313232,FLAT,,2,xgb_conf_0.92
Ensemble-XGB+GPT-speaker-seg,ternary,BKNG,UP,UP,0.711437463760376,FLAT,,2,xgb_conf_0.71
Ensemble-XGB+GPT-speaker-seg,ternary,BLK,UP,UP,0.6692331433296204,FLAT,,2,xgb_conf_0.67
Ensemble-XGB+GPT-speaker-seg,ternary,C,UP,UP,0.6730594635009766,FLAT,,2,xgb_conf_0.67
Ensemble-XGB+GPT-speaker-seg,ternary,CAT,UP,UP,0.6650351285934448,FLAT,,2,xgb_conf_0.67
Ensemble-XGB+GPT-speaker-seg,ternary,CB,UP,UP,0.8078045845031738,FLAT,,2,xgb_conf_0.81
Ensemble-XGB+GPT-speaker-seg,ternary,CEG,FLAT,DOWN,0.5007846355438232,FLAT,,2,xgb_conf_0.50
Ensemble-XGB+GPT-speaker-seg,ternary,COF,DOWN,DOWN,0.8086274266242981,FLAT,,2,xgb_conf_0.81
Ensemble-XGB+GPT-speaker-seg,ternary,COP,UP,UP,0.8691163063049316,FLAT,,2,xgb_conf_0.87
Ensemble-XGB+GPT-speaker-seg,ternary,COST,UP,UP,0.8312603235244751,FLAT,,2,xgb_conf_0.83
Ensemble-XGB+GPT-speaker-seg,ternary,CSCO,FLAT,DOWN,0.514485776424408,FLAT,,2,xgb_conf_0.51
Ensemble-XGB+GPT-speaker-seg,ternary,CVX,FLAT,UP,0.5722041726112366,FLAT,,2,xgb_conf_0.57
Ensemble-XGB+GPT-speaker-seg,ternary,DE,FLAT,FLAT,0.5082620978355408,FLAT,,2,agreement
Ensemble-XGB+GPT-speaker-seg,ternary,DHR,UP,UP,0.7213757634162903,FLAT,,2,xgb_conf_0.72
Ensemble-XGB+GPT-speaker-seg,ternary,DLR,UP,UP,0.6072511076927185,FLAT,,2,xgb_conf_0.61
Ensemble-XGB+GPT-speaker-seg,ternary,DUK,FLAT,UP,0.5671284794807434,FLAT,,2,xgb_conf_0.57
Ensemble-XGB+GPT-speaker-seg,ternary,ECL,DOWN,DOWN,0.6082583069801331,FLAT,,2,xgb_conf_0.61
Ensemble-XGB+GPT-speaker-seg,ternary,EQIX,UP,UP,0.9343961477279664,FLAT,,2,xgb_conf_0.93
Ensemble-XGB+GPT-speaker-seg,ternary,ETN,UP,UP,0.6210967898368835,FLAT,,2,xgb_conf_0.62
Ensemble-XGB+GPT-speaker-seg,ternary,FCX,FLAT,DOWN,0.5721399188041687,FLAT,,2,xgb_conf_0.57
Ensemble-XGB+GPT-speaker-seg,ternary,FDX,FLAT,UP,0.509958028793335,FLAT,,2,xgb_conf_0.51
Ensemble-XGB+GPT-speaker-seg,ternary,GE,UP,UP,0.612458348274231,FLAT,,2,xgb_conf_0.61
Ensemble-XGB+GPT-speaker-seg,ternary,GEV,FLAT,UP,0.5959250926971436,FLAT,,2,xgb_conf_0.60
Ensemble-XGB+GPT-speaker-seg,ternary,GILD,UP,UP,0.9556447863578796,FLAT,,2,xgb_conf_0.96
Ensemble-XGB+GPT-speaker-seg,ternary,GOOGL,UP,UP,0.6960240006446838,FLAT,,2,xgb_conf_0.70
Ensemble-XGB+GPT-speaker-seg,ternary,GS,FLAT,UP,0.5910691618919373,FLAT,,2,xgb_conf_0.59
Ensemble-XGB+GPT-speaker-seg,ternary,HD,UP,UP,0.8480783700942993,FLAT,,2,xgb_conf_0.85
Ensemble-XGB+GPT-speaker-seg,ternary,HON,UP,UP,0.6871559023857117,FLAT,,2,xgb_conf_0.69
Ensemble-XGB+GPT-speaker-seg,ternary,HWM,UP,UP,0.6556607484817505,FLAT,,2,xgb_conf_0.66
Ensemble-XGB+GPT-speaker-seg,ternary,INTC,FLAT,DOWN,0.5335747003555298,FLAT,,2,xgb_conf_0.53
Ensemble-XGB+GPT-speaker-seg,ternary,ISRG,UP,UP,0.9476966261863708,FLAT,,2,xgb_conf_0.95
Ensemble-XGB+GPT-speaker-seg,ternary,JNJ,UP,UP,0.903516173362732,FLAT,,2,xgb_conf_0.90
Ensemble-XGB+GPT-speaker-seg,ternary,JPM,UP,UP,0.9353743195533752,FLAT,,2,xgb_conf_0.94
Ensemble-XGB+GPT-speaker-seg,ternary,KLAC,FLAT,DOWN,0.5290993452072144,FLAT,,2,xgb_conf_0.53
Ensemble-XGB+GPT-speaker-seg,ternary,KO,FLAT,UP,0.5983483195304871,FLAT,,2,xgb_conf_0.60
Ensemble-XGB+GPT-speaker-seg,ternary,LIN,UP,UP,0.8587049841880798,FLAT,,2,xgb_conf_0.86
Ensemble-XGB+GPT-speaker-seg,ternary,LLY,FLAT,UP,0.5908887982368469,FLAT,,2,xgb_conf_0.59
Ensemble-XGB+GPT-speaker-seg,ternary,LMT,FLAT,UP,0.5228568315505981,FLAT,,2,xgb_conf_0.52
Ensemble-XGB+GPT-speaker-seg,ternary,LOW,UP,UP,0.8012449741363525,FLAT,,2,xgb_conf_0.80
Ensemble-XGB+GPT-speaker-seg,ternary,LRCX,FLAT,UP,0.5294151306152344,FLAT,,2,xgb_conf_0.53
Ensemble-XGB+GPT-speaker-seg,ternary,MA,FLAT,UP,0.5067219138145447,FLAT,,2,xgb_conf_0.51
Ensemble-XGB+GPT-speaker-seg,ternary,MAR,UP,UP,0.6605110168457031,FLAT,,2,xgb_conf_0.66
Ensemble-XGB+GPT-speaker-seg,ternary,MCD,FLAT,UP,0.5291780829429626,FLAT,,2,xgb_conf_0.53
Ensemble-XGB+GPT-speaker-seg,ternary,META,FLAT,DOWN,0.507614254951477,FLAT,,2,xgb_conf_0.51
Ensemble-XGB+GPT-speaker-seg,ternary,MO,UP,UP,0.8944091796875,FLAT,,2,xgb_conf_0.89
Ensemble-XGB+GPT-speaker-seg,ternary,MRK,DOWN,DOWN,0.6163644790649414,FLAT,,2,xgb_conf_0.62
Ensemble-XGB+GPT-speaker-seg,ternary,MS,UP,UP,0.700032114982605,FLAT,,2,xgb_conf_0.70
Ensemble-XGB+GPT-speaker-seg,ternary,MSFT,FLAT,DOWN,0.5623641014099121,FLAT,,2,xgb_conf_0.56
Ensemble-XGB+GPT-speaker-seg,ternary,MU,UP,UP,0.6379860043525696,FLAT,,2,xgb_conf_0.64
Ensemble-XGB+GPT-speaker-seg,ternary,NEE,UP,UP,0.6440721750259399,FLAT,,2,xgb_conf_0.64
Ensemble-XGB+GPT-speaker-seg,ternary,NEM,UP,UP,0.7993531823158264,FLAT,,2,xgb_conf_0.80
Ensemble-XGB+GPT-speaker-seg,ternary,NFLX,UP,UP,0.6922516226768494,FLAT,,2,xgb_conf_0.69
Ensemble-XGB+GPT-speaker-seg,ternary,NVDA,UP,UP,0.6421626806259155,FLAT,,2,xgb_conf_0.64
Ensemble-XGB+GPT-speaker-seg,ternary,ORCL,UP,UP,0.7930459976196289,FLAT,,2,xgb_conf_0.79
Ensemble-XGB+GPT-speaker-seg,ternary,PEP,FLAT,UP,0.488424688577652,FLAT,,2,xgb_conf_0.49
Ensemble-XGB+GPT-speaker-seg,ternary,PFE,DOWN,DOWN,0.7235096096992493,FLAT,,2,xgb_conf_0.72
Ensemble-XGB+GPT-speaker-seg,ternary,PG,FLAT,UP,0.3739197254180908,FLAT,,2,xgb_conf_0.37
Ensemble-XGB+GPT-speaker-seg,ternary,PH,UP,UP,0.7007743120193481,FLAT,,2,xgb_conf_0.70
Ensemble-XGB+GPT-speaker-seg,ternary,PLD,UP,UP,0.926174819469452,FLAT,,2,xgb_conf_0.93
Ensemble-XGB+GPT-speaker-seg,ternary,PLTR,UP,UP,0.9271623492240906,FLAT,,2,xgb_conf_0.93
Ensemble-XGB+GPT-speaker-seg,ternary,PM,FLAT,UP,0.4686643779277801,FLAT,,2,xgb_conf_0.47
Ensemble-XGB+GPT-speaker-seg,ternary,PWR,UP,UP,0.9447943568229676,FLAT,,2,xgb_conf_0.94
Ensemble-XGB+GPT-speaker-seg,ternary,RTX,UP,UP,0.88055020570755,FLAT,,2,xgb_conf_0.88
Ensemble-XGB+GPT-speaker-seg,ternary,SBUX,FLAT,UP,0.5315513610839844,FLAT,,2,xgb_conf_0.53
Ensemble-XGB+GPT-speaker-seg,ternary,SCHW,UP,UP,0.7855741381645203,FLAT,,2,xgb_conf_0.79
Ensemble-XGB+GPT-speaker-seg,ternary,SHW,FLAT,UP,0.5691658854484558,FLAT,,2,xgb_conf_0.57
Ensemble-XGB+GPT-speaker-seg,ternary,SO,UP,UP,0.9618571400642396,FLAT,,2,xgb_conf_0.96
Ensemble-XGB+GPT-speaker-seg,ternary,SPG,FLAT,FLAT,0.3414376974105835,FLAT,,2,agreement
Ensemble-XGB+GPT-speaker-seg,ternary,SPGI,UP,UP,0.6339302062988281,FLAT,,2,xgb_conf_0.63
Ensemble-XGB+GPT-speaker-seg,ternary,SRE,FLAT,FLAT,0.4290669560432434,FLAT,,2,agreement
Ensemble-XGB+GPT-speaker-seg,ternary,SYK,FLAT,UP,0.5952983498573303,FLAT,,2,xgb_conf_0.60
Ensemble-XGB+GPT-speaker-seg,ternary,TJX,FLAT,DOWN,0.5003790259361267,FLAT,,2,xgb_conf_0.50
Ensemble-XGB+GPT-speaker-seg,ternary,TMO,UP,UP,0.7966629862785339,FLAT,,2,xgb_conf_0.80
Ensemble-XGB+GPT-speaker-seg,ternary,TMUS,UP,UP,0.7895787954330444,FLAT,,2,xgb_conf_0.79
Ensemble-XGB+GPT-speaker-seg,ternary,TSLA,DOWN,DOWN,0.6403464078903198,FLAT,,2,xgb_conf_0.64
Ensemble-XGB+GPT-speaker-seg,ternary,TT,FLAT,DOWN,0.5587783455848694,FLAT,,2,xgb_conf_0.56
Ensemble-XGB+GPT-speaker-seg,ternary,TXN,UP,UP,0.9118154048919678,FLAT,,2,xgb_conf_0.91
Ensemble-XGB+GPT-speaker-seg,ternary,UBER,DOWN,DOWN,0.6094152927398682,FLAT,,2,xgb_conf_0.61
Ensemble-XGB+GPT-speaker-seg,ternary,UNH,UP,UP,0.7688249349594116,FLAT,,2,xgb_conf_0.77
Ensemble-XGB+GPT-speaker-seg,ternary,UNP,UP,UP,0.6672172546386719,FLAT,,2,xgb_conf_0.67
Ensemble-XGB+GPT-speaker-seg,ternary,V,FLAT,UP,0.4642840325832367,FLAT,,2,xgb_conf_0.46
Ensemble-XGB+GPT-speaker-seg,ternary,WELL,UP,UP,0.617789626121521,FLAT,,2,xgb_conf_0.62
Ensemble-XGB+GPT-speaker-seg,ternary,WFC,UP,UP,0.8161829710006714,FLAT,,2,xgb_conf_0.82
Ensemble-XGB+GPT-speaker-seg,ternary,WMB,FLAT,UP,0.5212438702583313,FLAT,,2,xgb_conf_0.52
Ensemble-XGB+GPT-speaker-seg,ternary,WMT,UP,UP,0.9297698736190796,FLAT,,2,xgb_conf_0.93
Ensemble-XGB+GPT-speaker-seg,ternary,XOM,FLAT,UP,0.5359686613082886,FLAT,,2,xgb_conf_0.54
Ensemble-XGB+GPT-contrastive,ternary,AAPL,UP,UP,0.7303208708763123,UP,,2,agreement
Ensemble-XGB+GPT-contrastive,ternary,ABBV,UP,UP,0.6413828730583191,UP,,2,agreement
Ensemble-XGB+GPT-contrastive,ternary,ABNB,UP,UP,0.7697778344154358,FLAT,,2,xgb_conf_0.77
Ensemble-XGB+GPT-contrastive,ternary,ABT,UP,UP,0.9544740319252014,UP,,2,agreement
Ensemble-XGB+GPT-contrastive,ternary,AEP,UP,FLAT,0.5618107914924622,UP,,2,xgb_conf_0.56
Ensemble-XGB+GPT-contrastive,ternary,AMAT,UP,UP,0.6607730984687805,UP,,2,agreement
Ensemble-XGB+GPT-contrastive,ternary,AMD,UP,UP,0.8055766820907593,UP,,2,agreement
Ensemble-XGB+GPT-contrastive,ternary,AMGN,UP,DOWN,0.5161386728286743,UP,,2,xgb_conf_0.52
Ensemble-XGB+GPT-contrastive,ternary,AMT,UP,UP,0.4842815697193146,UP,,2,agreement
Ensemble-XGB+GPT-contrastive,ternary,AMZN,UP,UP,0.8332909345626831,UP,,2,agreement
Ensemble-XGB+GPT-contrastive,ternary,APD,DOWN,DOWN,0.4615415930747986,DOWN,,2,agreement
Ensemble-XGB+GPT-contrastive,ternary,AVGO,UP,UP,0.5135496854782104,UP,,2,agreement
Ensemble-XGB+GPT-contrastive,ternary,AXP,UP,UP,0.784216582775116,FLAT,,2,xgb_conf_0.78
Ensemble-XGB+GPT-contrastive,ternary,BA,UP,UP,0.7649681568145752,FLAT,,2,xgb_conf_0.76
Ensemble-XGB+GPT-contrastive,ternary,BAC,UP,UP,0.9196078777313232,FLAT,,2,xgb_conf_0.92
Ensemble-XGB+GPT-contrastive,ternary,BKNG,UP,UP,0.711437463760376,UP,,2,agreement
Ensemble-XGB+GPT-contrastive,ternary,BLK,UP,UP,0.6692331433296204,UP,,2,agreement
Ensemble-XGB+GPT-contrastive,ternary,C,UP,UP,0.6730594635009766,FLAT,,2,xgb_conf_0.67
Ensemble-XGB+GPT-contrastive,ternary,CAT,UP,UP,0.6650351285934448,FLAT,,2,xgb_conf_0.67
Ensemble-XGB+GPT-contrastive,ternary,CB,UP,UP,0.8078045845031738,FLAT,,2,xgb_conf_0.81
Ensemble-XGB+GPT-contrastive,ternary,CEG,FLAT,DOWN,0.5007846355438232,FLAT,,2,xgb_conf_0.50
Ensemble-XGB+GPT-contrastive,ternary,COF,DOWN,DOWN,0.8086274266242981,FLAT,,2,xgb_conf_0.81
Ensemble-XGB+GPT-contrastive,ternary,COP,UP,UP,0.8691163063049316,FLAT,,2,xgb_conf_0.87
Ensemble-XGB+GPT-contrastive,ternary,COST,UP,UP,0.8312603235244751,UP,,2,agreement
Ensemble-XGB+GPT-contrastive,ternary,CSCO,UP,DOWN,0.514485776424408,UP,,2,xgb_conf_0.51
Ensemble-XGB+GPT-contrastive,ternary,CVX,FLAT,UP,0.5722041726112366,FLAT,,2,xgb_conf_0.57
Ensemble-XGB+GPT-contrastive,ternary,DE,FLAT,FLAT,0.5082620978355408,FLAT,,2,agreement
Ensemble-XGB+GPT-contrastive,ternary,DHR,UP,UP,0.7213757634162903,FLAT,,2,xgb_conf_0.72
Ensemble-XGB+GPT-contrastive,ternary,DLR,UP,UP,0.6072511076927185,UP,,2,agreement
Ensemble-XGB+GPT-contrastive,ternary,DUK,FLAT,UP,0.5671284794807434,FLAT,,2,xgb_conf_0.57
Ensemble-XGB+GPT-contrastive,ternary,ECL,DOWN,DOWN,0.6082583069801331,UP,,2,xgb_conf_0.61
Ensemble-XGB+GPT-contrastive,ternary,EQIX,UP,UP,0.9343961477279664,UP,,2,agreement
Ensemble-XGB+GPT-contrastive,ternary,ETN,UP,UP,0.6210967898368835,UP,,2,agreement
Ensemble-XGB+GPT-contrastive,ternary,FCX,UP,DOWN,0.5721399188041687,UP,,2,xgb_conf_0.57
Ensemble-XGB+GPT-contrastive,ternary,FDX,FLAT,UP,0.509958028793335,FLAT,,2,xgb_conf_0.51
Ensemble-XGB+GPT-contrastive,ternary,GE,UP,UP,0.612458348274231,UP,,2,agreement
Ensemble-XGB+GPT-contrastive,ternary,GEV,UP,UP,0.5959250926971436,UP,,2,agreement
Ensemble-XGB+GPT-contrastive,ternary,GILD,UP,UP,0.9556447863578796,FLAT,,2,xgb_conf_0.96
Ensemble-XGB+GPT-contrastive,ternary,GOOGL,UP,UP,0.6960240006446838,UP,,2,agreement
Ensemble-XGB+GPT-contrastive,ternary,GS,FLAT,UP,0.5910691618919373,FLAT,,2,xgb_conf_0.59
Ensemble-XGB+GPT-contrastive,ternary,HD,UP,UP,0.8480783700942993,FLAT,,2,xgb_conf_0.85
Ensemble-XGB+GPT-contrastive,ternary,HON,UP,UP,0.6871559023857117,UP,,2,agreement
Ensemble-XGB+GPT-contrastive,ternary,HWM,UP,UP,0.6556607484817505,UP,,2,agreement
Ensemble-XGB+GPT-contrastive,ternary,INTC,FLAT,DOWN,0.5335747003555298,FLAT,,2,xgb_conf_0.53
Ensemble-XGB+GPT-contrastive,ternary,ISRG,UP,UP,0.9476966261863708,UP,,2,agreement
Ensemble-XGB+GPT-contrastive,ternary,JNJ,UP,UP,0.903516173362732,UP,,2,agreement
Ensemble-XGB+GPT-contrastive,ternary,JPM,UP,UP,0.9353743195533752,FLAT,,2,xgb_conf_0.94
Ensemble-XGB+GPT-contrastive,ternary,KLAC,UP,DOWN,0.5290993452072144,UP,,2,xgb_conf_0.53
Ensemble-XGB+GPT-contrastive,ternary,KO,FLAT,UP,0.5983483195304871,FLAT,,2,xgb_conf_0.60
Ensemble-XGB+GPT-contrastive,ternary,LIN,UP,UP,0.8587049841880798,FLAT,,2,xgb_conf_0.86
Ensemble-XGB+GPT-contrastive,ternary,LLY,FLAT,UP,0.5908887982368469,FLAT,,2,xgb_conf_0.59
Ensemble-XGB+GPT-contrastive,ternary,LMT,FLAT,UP,0.5228568315505981,FLAT,,2,xgb_conf_0.52
Ensemble-XGB+GPT-contrastive,ternary,LOW,UP,UP,0.8012449741363525,FLAT,,2,xgb_conf_0.80
Ensemble-XGB+GPT-contrastive,ternary,LRCX,UP,UP,0.5294151306152344,UP,,2,agreement
Ensemble-XGB+GPT-contrastive,ternary,MA,UP,UP,0.5067219138145447,UP,,2,agreement
Ensemble-XGB+GPT-contrastive,ternary,MAR,UP,UP,0.6605110168457031,FLAT,,2,xgb_conf_0.66
Ensemble-XGB+GPT-contrastive,ternary,MCD,FLAT,UP,0.5291780829429626,FLAT,,2,xgb_conf_0.53
Ensemble-XGB+GPT-contrastive,ternary,META,UP,DOWN,0.507614254951477,UP,,2,xgb_conf_0.51
Ensemble-XGB+GPT-contrastive,ternary,MO,UP,UP,0.8944091796875,FLAT,,2,xgb_conf_0.89
Ensemble-XGB+GPT-contrastive,ternary,MRK,DOWN,DOWN,0.6163644790649414,FLAT,,2,xgb_conf_0.62
Ensemble-XGB+GPT-contrastive,ternary,MS,UP,UP,0.700032114982605,UP,,2,agreement
Ensemble-XGB+GPT-contrastive,ternary,MSFT,UP,DOWN,0.5623641014099121,UP,,2,xgb_conf_0.56
Ensemble-XGB+GPT-contrastive,ternary,MU,UP,UP,0.6379860043525696,UP,,2,agreement
Ensemble-XGB+GPT-contrastive,ternary,NEE,UP,UP,0.6440721750259399,UP,,2,agreement
Ensemble-XGB+GPT-contrastive,ternary,NEM,UP,UP,0.7993531823158264,FLAT,,2,xgb_conf_0.80
Ensemble-XGB+GPT-contrastive,ternary,NFLX,UP,UP,0.6922516226768494,FLAT,,2,xgb_conf_0.69
Ensemble-XGB+GPT-contrastive,ternary,NVDA,UP,UP,0.6421626806259155,UP,,2,agreement
Ensemble-XGB+GPT-contrastive,ternary,ORCL,UP,UP,0.7930459976196289,UP,,2,agreement
Ensemble-XGB+GPT-contrastive,ternary,PEP,DOWN,UP,0.488424688577652,DOWN,,2,xgb_conf_0.49
Ensemble-XGB+GPT-contrastive,ternary,PFE,DOWN,DOWN,0.7235096096992493,UP,,2,xgb_conf_0.72
Ensemble-XGB+GPT-contrastive,ternary,PG,FLAT,UP,0.3739197254180908,FLAT,,2,xgb_conf_0.37
Ensemble-XGB+GPT-contrastive,ternary,PH,UP,UP,0.7007743120193481,UP,,2,agreement
Ensemble-XGB+GPT-contrastive,ternary,PLD,UP,UP,0.926174819469452,FLAT,,2,xgb_conf_0.93
Ensemble-XGB+GPT-contrastive,ternary,PLTR,UP,UP,0.9271623492240906,UP,,2,agreement
Ensemble-XGB+GPT-contrastive,ternary,PM,UP,UP,0.4686643779277801,UP,,2,agreement
Ensemble-XGB+GPT-contrastive,ternary,PWR,UP,UP,0.9447943568229676,UP,,2,agreement
Ensemble-XGB+GPT-contrastive,ternary,RTX,UP,UP,0.88055020570755,UP,,2,agreement
Ensemble-XGB+GPT-contrastive,ternary,SBUX,DOWN,UP,0.5315513610839844,DOWN,,2,xgb_conf_0.53
Ensemble-XGB+GPT-contrastive,ternary,SCHW,UP,UP,0.7855741381645203,UP,,2,agreement
Ensemble-XGB+GPT-contrastive,ternary,SHW,FLAT,UP,0.5691658854484558,FLAT,,2,xgb_conf_0.57
Ensemble-XGB+GPT-contrastive,ternary,SO,UP,UP,0.9618571400642396,FLAT,,2,xgb_conf_0.96
Ensemble-XGB+GPT-contrastive,ternary,SPG,FLAT,FLAT,0.3414376974105835,FLAT,,2,agreement
Ensemble-XGB+GPT-contrastive,ternary,SPGI,UP,UP,0.6339302062988281,FLAT,,2,xgb_conf_0.63
Ensemble-XGB+GPT-contrastive,ternary,SRE,FLAT,FLAT,0.4290669560432434,FLAT,,2,agreement
Ensemble-XGB+GPT-contrastive,ternary,SYK,UP,UP,0.5952983498573303,UP,,2,agreement
Ensemble-XGB+GPT-contrastive,ternary,TJX,UP,DOWN,0.5003790259361267,UP,,2,xgb_conf_0.50
Ensemble-XGB+GPT-contrastive,ternary,TMO,UP,UP,0.7966629862785339,FLAT,,2,xgb_conf_0.80
Ensemble-XGB+GPT-contrastive,ternary,TMUS,UP,UP,0.7895787954330444,UP,,2,agreement
Ensemble-XGB+GPT-contrastive,ternary,TSLA,DOWN,DOWN,0.6403464078903198,FLAT,,2,xgb_conf_0.64
Ensemble-XGB+GPT-contrastive,ternary,TT,UP,DOWN,0.5587783455848694,UP,,2,xgb_conf_0.56
Ensemble-XGB+GPT-contrastive,ternary,TXN,UP,UP,0.9118154048919678,FLAT,,2,xgb_conf_0.91
Ensemble-XGB+GPT-contrastive,ternary,UBER,DOWN,DOWN,0.6094152927398682,UP,,2,xgb_conf_0.61
Ensemble-XGB+GPT-contrastive,ternary,UNH,UP,UP,0.7688249349594116,DOWN,,2,xgb_conf_0.77
Ensemble-XGB+GPT-contrastive,ternary,UNP,UP,UP,0.6672172546386719,FLAT,,2,xgb_conf_0.67
Ensemble-XGB+GPT-contrastive,ternary,V,UP,UP,0.4642840325832367,UP,,2,agreement
Ensemble-XGB+GPT-contrastive,ternary,WELL,UP,UP,0.617789626121521,UP,,2,agreement
Ensemble-XGB+GPT-contrastive,ternary,WFC,UP,UP,0.8161829710006714,FLAT,,2,xgb_conf_0.82
Ensemble-XGB+GPT-contrastive,ternary,WMB,UP,UP,0.5212438702583313,UP,,2,agreement
Ensemble-XGB+GPT-contrastive,ternary,WMT,UP,UP,0.9297698736190796,UP,,2,agreement
Ensemble-XGB+GPT-contrastive,ternary,XOM,UP,UP,0.5359686613082886,UP,,2,agreement
Ensemble-XGB+GPT-xgb-inject,ternary,AAPL,UP,UP,0.7303208708763123,UP,,2,agreement
Ensemble-XGB+GPT-xgb-inject,ternary,ABBV,UP,UP,0.6413828730583191,UP,,2,agreement
Ensemble-XGB+GPT-xgb-inject,ternary,ABNB,UP,UP,0.7697778344154358,FLAT,,2,xgb_conf_0.77
Ensemble-XGB+GPT-xgb-inject,ternary,ABT,UP,UP,0.9544740319252014,UP,,2,agreement
Ensemble-XGB+GPT-xgb-inject,ternary,AEP,FLAT,FLAT,0.5618107914924622,FLAT,,2,agreement
Ensemble-XGB+GPT-xgb-inject,ternary,AMAT,UP,UP,0.6607730984687805,UP,,2,agreement
Ensemble-XGB+GPT-xgb-inject,ternary,AMD,UP,UP,0.8055766820907593,UP,,2,agreement
Ensemble-XGB+GPT-xgb-inject,ternary,AMGN,FLAT,DOWN,0.5161386728286743,FLAT,,2,xgb_conf_0.52
Ensemble-XGB+GPT-xgb-inject,ternary,AMT,UP,UP,0.4842815697193146,UP,,2,agreement
Ensemble-XGB+GPT-xgb-inject,ternary,AMZN,UP,UP,0.8332909345626831,UP,,2,agreement
Ensemble-XGB+GPT-xgb-inject,ternary,APD,DOWN,DOWN,0.4615415930747986,DOWN,,2,agreement
Ensemble-XGB+GPT-xgb-inject,ternary,AVGO,UP,UP,0.5135496854782104,UP,,2,agreement
Ensemble-XGB+GPT-xgb-inject,ternary,AXP,UP,UP,0.784216582775116,UP,,2,agreement
Ensemble-XGB+GPT-xgb-inject,ternary,BA,UP,UP,0.7649681568145752,UP,,2,agreement
Ensemble-XGB+GPT-xgb-inject,ternary,BAC,UP,UP,0.9196078777313232,UP,,2,agreement
Ensemble-XGB+GPT-xgb-inject,ternary,BKNG,UP,UP,0.711437463760376,UP,,2,agreement
Ensemble-XGB+GPT-xgb-inject,ternary,BLK,UP,UP,0.6692331433296204,UP,,2,agreement
Ensemble-XGB+GPT-xgb-inject,ternary,C,UP,UP,0.6730594635009766,UP,,2,agreement
Ensemble-XGB+GPT-xgb-inject,ternary,CAT,UP,UP,0.6650351285934448,UP,,2,agreement
Ensemble-XGB+GPT-xgb-inject,ternary,CB,UP,UP,0.8078045845031738,UP,,2,agreement
Ensemble-XGB+GPT-xgb-inject,ternary,CEG,FLAT,DOWN,0.5007846355438232,FLAT,,2,xgb_conf_0.50
Ensemble-XGB+GPT-xgb-inject,ternary,COF,DOWN,DOWN,0.8086274266242981,DOWN,,2,agreement
Ensemble-XGB+GPT-xgb-inject,ternary,COP,UP,UP,0.8691163063049316,UP,,2,agreement
Ensemble-XGB+GPT-xgb-inject,ternary,COST,UP,UP,0.8312603235244751,UP,,2,agreement
Ensemble-XGB+GPT-xgb-inject,ternary,CSCO,FLAT,DOWN,0.514485776424408,FLAT,,2,xgb_conf_0.51
Ensemble-XGB+GPT-xgb-inject,ternary,CVX,UP,UP,0.5722041726112366,UP,,2,agreement
Ensemble-XGB+GPT-xgb-inject,ternary,DE,UP,FLAT,0.5082620978355408,UP,,2,xgb_conf_0.51
Ensemble-XGB+GPT-xgb-inject,ternary,DHR,UP,UP,0.7213757634162903,UP,,2,agreement
Ensemble-XGB+GPT-xgb-inject,ternary,DLR,UP,UP,0.6072511076927185,UP,,2,agreement
Ensemble-XGB+GPT-xgb-inject,ternary,DUK,UP,UP,0.5671284794807434,UP,,2,agreement
Ensemble-XGB+GPT-xgb-inject,ternary,ECL,DOWN,DOWN,0.6082583069801331,FLAT,,2,xgb_conf_0.61
Ensemble-XGB+GPT-xgb-inject,ternary,EQIX,UP,UP,0.9343961477279664,UP,,2,agreement
Ensemble-XGB+GPT-xgb-inject,ternary,ETN,UP,UP,0.6210967898368835,UP,,2,agreement
Ensemble-XGB+GPT-xgb-inject,ternary,FCX,FLAT,DOWN,0.5721399188041687,FLAT,,2,xgb_conf_0.57
Ensemble-XGB+GPT-xgb-inject,ternary,FDX,DOWN,UP,0.509958028793335,DOWN,,2,xgb_conf_0.51
Ensemble-XGB+GPT-xgb-inject,ternary,GE,UP,UP,0.612458348274231,UP,,2,agreement
Ensemble-XGB+GPT-xgb-inject,ternary,GEV,UP,UP,0.5959250926971436,UP,,2,agreement
Ensemble-XGB+GPT-xgb-inject,ternary,GILD,UP,UP,0.9556447863578796,UP,,2,agreement
Ensemble-XGB+GPT-xgb-inject,ternary,GOOGL,UP,UP,0.6960240006446838,UP,,2,agreement
Ensemble-XGB+GPT-xgb-inject,ternary,GS,UP,UP,0.5910691618919373,UP,,2,agreement
Ensemble-XGB+GPT-xgb-inject,ternary,HD,UP,UP,0.8480783700942993,UP,,2,agreement
Ensemble-XGB+GPT-xgb-inject,ternary,HON,UP,UP,0.6871559023857117,UP,,2,agreement
Ensemble-XGB+GPT-xgb-inject,ternary,HWM,UP,UP,0.6556607484817505,UP,,2,agreement
Ensemble-XGB+GPT-xgb-inject,ternary,INTC,DOWN,DOWN,0.5335747003555298,DOWN,,2,agreement
Ensemble-XGB+GPT-xgb-inject,ternary,ISRG,UP,UP,0.9476966261863708,UP,,2,agreement
Ensemble-XGB+GPT-xgb-inject,ternary,JNJ,UP,UP,0.903516173362732,UP,,2,agreement
Ensemble-XGB+GPT-xgb-inject,ternary,JPM,UP,UP,0.9353743195533752,UP,,2,agreement
Ensemble-XGB+GPT-xgb-inject,ternary,KLAC,FLAT,DOWN,0.5290993452072144,FLAT,,2,xgb_conf_0.53
Ensemble-XGB+GPT-xgb-inject,ternary,KO,FLAT,UP,0.5983483195304871,FLAT,,2,xgb_conf_0.60
Ensemble-XGB+GPT-xgb-inject,ternary,LIN,UP,UP,0.8587049841880798,UP,,2,agreement
Ensemble-XGB+GPT-xgb-inject,ternary,LLY,UP,UP,0.5908887982368469,UP,,2,agreement
Ensemble-XGB+GPT-xgb-inject,ternary,LMT,UP,UP,0.5228568315505981,UP,,2,agreement
Ensemble-XGB+GPT-xgb-inject,ternary,LOW,UP,UP,0.8012449741363525,FLAT,,2,xgb_conf_0.80
Ensemble-XGB+GPT-xgb-inject,ternary,LRCX,UP,UP,0.5294151306152344,UP,,2,agreement
Ensemble-XGB+GPT-xgb-inject,ternary,MA,UP,UP,0.5067219138145447,UP,,2,agreement
Ensemble-XGB+GPT-xgb-inject,ternary,MAR,UP,UP,0.6605110168457031,FLAT,,2,xgb_conf_0.66
Ensemble-XGB+GPT-xgb-inject,ternary,MCD,FLAT,UP,0.5291780829429626,FLAT,,2,xgb_conf_0.53
Ensemble-XGB+GPT-xgb-inject,ternary,META,FLAT,DOWN,0.507614254951477,FLAT,,2,xgb_conf_0.51
Ensemble-XGB+GPT-xgb-inject,ternary,MO,UP,UP,0.8944091796875,FLAT,,2,xgb_conf_0.89
Ensemble-XGB+GPT-xgb-inject,ternary,MRK,DOWN,DOWN,0.6163644790649414,FLAT,,2,xgb_conf_0.62
Ensemble-XGB+GPT-xgb-inject,ternary,MS,UP,UP,0.700032114982605,UP,,2,agreement
Ensemble-XGB+GPT-xgb-inject,ternary,MSFT,UP,DOWN,0.5623641014099121,UP,,2,xgb_conf_0.56
Ensemble-XGB+GPT-xgb-inject,ternary,MU,UP,UP,0.6379860043525696,DOWN,,2,xgb_conf_0.64
Ensemble-XGB+GPT-xgb-inject,ternary,NEE,UP,UP,0.6440721750259399,UP,,2,agreement
Ensemble-XGB+GPT-xgb-inject,ternary,NEM,UP,UP,0.7993531823158264,UP,,2,agreement
Ensemble-XGB+GPT-xgb-inject,ternary,NFLX,UP,UP,0.6922516226768494,UP,,2,agreement
Ensemble-XGB+GPT-xgb-inject,ternary,NVDA,UP,UP,0.6421626806259155,UP,,2,agreement
Ensemble-XGB+GPT-xgb-inject,ternary,ORCL,UP,UP,0.7930459976196289,UP,,2,agreement
Ensemble-XGB+GPT-xgb-inject,ternary,PEP,DOWN,UP,0.488424688577652,DOWN,,2,xgb_conf_0.49
Ensemble-XGB+GPT-xgb-inject,ternary,PFE,DOWN,DOWN,0.7235096096992493,DOWN,,2,agreement
Ensemble-XGB+GPT-xgb-inject,ternary,PG,FLAT,UP,0.3739197254180908,FLAT,,2,xgb_conf_0.37
Ensemble-XGB+GPT-xgb-inject,ternary,PH,UP,UP,0.7007743120193481,UP,,2,agreement
Ensemble-XGB+GPT-xgb-inject,ternary,PLD,UP,UP,0.926174819469452,DOWN,,2,xgb_conf_0.93
Ensemble-XGB+GPT-xgb-inject,ternary,PLTR,UP,UP,0.9271623492240906,UP,,2,agreement
Ensemble-XGB+GPT-xgb-inject,ternary,PM,UP,UP,0.4686643779277801,UP,,2,agreement
Ensemble-XGB+GPT-xgb-inject,ternary,PWR,UP,UP,0.9447943568229676,UP,,2,agreement
Ensemble-XGB+GPT-xgb-inject,ternary,RTX,UP,UP,0.88055020570755,UP,,2,agreement
Ensemble-XGB+GPT-xgb-inject,ternary,SBUX,DOWN,UP,0.5315513610839844,DOWN,,2,xgb_conf_0.53
Ensemble-XGB+GPT-xgb-inject,ternary,SCHW,UP,UP,0.7855741381645203,UP,,2,agreement
Ensemble-XGB+GPT-xgb-inject,ternary,SHW,UP,UP,0.5691658854484558,UP,,2,agreement
Ensemble-XGB+GPT-xgb-inject,ternary,SO,UP,UP,0.9618571400642396,UP,,2,agreement
Ensemble-XGB+GPT-xgb-inject,ternary,SPG,FLAT,FLAT,0.3414376974105835,FLAT,,2,agreement
Ensemble-XGB+GPT-xgb-inject,ternary,SPGI,UP,UP,0.6339302062988281,UP,,2,agreement
Ensemble-XGB+GPT-xgb-inject,ternary,SRE,FLAT,FLAT,0.4290669560432434,FLAT,,2,agreement
Ensemble-XGB+GPT-xgb-inject,ternary,SYK,UP,UP,0.5952983498573303,UP,,2,agreement
Ensemble-XGB+GPT-xgb-inject,ternary,TJX,FLAT,DOWN,0.5003790259361267,FLAT,,2,xgb_conf_0.50
Ensemble-XGB+GPT-xgb-inject,ternary,TMO,UP,UP,0.7966629862785339,UP,,2,agreement
Ensemble-XGB+GPT-xgb-inject,ternary,TMUS,UP,UP,0.7895787954330444,UP,,2,agreement
Ensemble-XGB+GPT-xgb-inject,ternary,TSLA,DOWN,DOWN,0.6403464078903198,DOWN,,2,agreement
Ensemble-XGB+GPT-xgb-inject,ternary,TT,FLAT,DOWN,0.5587783455848694,FLAT,,2,xgb_conf_0.56
Ensemble-XGB+GPT-xgb-inject,ternary,TXN,UP,UP,0.9118154048919678,UP,,2,agreement
Ensemble-XGB+GPT-xgb-inject,ternary,UBER,DOWN,DOWN,0.6094152927398682,FLAT,,2,xgb_conf_0.61
Ensemble-XGB+GPT-xgb-inject,ternary,UNH,UP,UP,0.7688249349594116,DOWN,,2,xgb_conf_0.77
Ensemble-XGB+GPT-xgb-inject,ternary,UNP,UP,UP,0.6672172546386719,FLAT,,2,xgb_conf_0.67
Ensemble-XGB+GPT-xgb-inject,ternary,V,UP,UP,0.4642840325832367,UP,,2,agreement
Ensemble-XGB+GPT-xgb-inject,ternary,WELL,UP,UP,0.617789626121521,UP,,2,agreement
Ensemble-XGB+GPT-xgb-inject,ternary,WFC,UP,UP,0.8161829710006714,UP,,2,agreement
Ensemble-XGB+GPT-xgb-inject,ternary,WMB,UP,UP,0.5212438702583313,UP,,2,agreement
Ensemble-XGB+GPT-xgb-inject,ternary,WMT,UP,UP,0.9297698736190796,UP,,2,agreement
Ensemble-XGB+GPT-xgb-inject,ternary,XOM,UP,UP,0.5359686613082886,UP,,2,agreement
