experiment,task,symbol,prediction,raw_response,input_tokens,output_tokens
GPT-feat-inject,binary,AAPL,UP,"<reasoning>
Step 1 — EARNINGS SURPRISE
Apple reported Q2 revenue of $95.4 billion (up 5% YoY, at the high end of prior guidance), and diluted EPS of $1.65 (up 8% YoY, a March quarter record). Services revenue hit an all-time high, up 12% YoY. Gross margin was 47.1%, up 20bps sequentially. These results indicate a beat or at least a solid meet, with several record metrics and growth across most product lines except Wearables.

Step 2 — GUIDANCE
Forward guidance was maintained, not raised: ""We exp",10279,423
GPT-feat-only,binary,AAPL,DOWN,"<reasoning>
Step 1 — EARNINGS SURPRISE  
No explicit data on beats or misses is available. The transcript tone is net positive, but management and analyst sentiment are both neutral, suggesting no strong surprise in either direction.

Step 2 — GUIDANCE  
No direct evidence of raised or lowered guidance. The dominance of hedged modal language (""may"", ""could"", ""might"") implies that management avoided strong forward-looking statements, likely maintaining or being cautious on guidance.

Step 3 — TON",712,289
GPT-speaker-seg,binary,AAPL,DOWN,"<reasoning>
Step 1 — EARNINGS SURPRISE  
No reported figures (revenue, EPS, margins) are provided. No evidence of a beat, meet, or miss.

Step 2 — GUIDANCE  
No explicit guidance language is present. No mention of raised, maintained, or lowered outlook.

Step 3 — TONE & LANGUAGE  
Overall transcript tone is NET POSITIVE (+0.0053), with more positive than negative language. However, modal language is dominated by hedging (""may"", ""could"", ""might""), indicating caution. Management and analyst sentim",691,209
GPT-contrastive,binary,AAPL,UP,"<reasoning>
Step 1 — EARNINGS SURPRISE  
Apple reported Q2 revenue of $95.4 billion (up 5% YoY, at the high end of prior guidance), and diluted EPS of $1.65 (up 8% YoY, a March quarter record). Services revenue hit an all-time high ($26.6B, up 12% YoY). Gross margin was 47.1%, up 20bps sequentially. These results indicate a beat or at least a solid meet, with several record metrics and growth across most product lines.

Step 2 — GUIDANCE  
Forward guidance was maintained, not raised: ""We expect ",10630,404
GPT-xgb-inject,binary,AAPL,UP,"<reasoning>
Step 1 — EARNINGS SURPRISE  
Apple reported Q2 revenue of $95.4 billion, up 5% YoY and ""at the high end of the range we provided last quarter."" Diluted EPS was $1.65, up 8% YoY and a March quarter record. Services revenue hit an all-time high, up 12% YoY. Gross margin was 47.1%, up 20bps sequentially, though product gross margin was down 340bps sequentially due to mix, FX, and seasonal factors. Overall, results were at or above expectations, with records in several categories and geo",10309,422
GPT-feat-inject,binary,ABBV,UP,"<reasoning>
Step 1 — EARNINGS SURPRISE
AbbVie delivered adjusted EPS of $2.46, which is $0.10 above their guidance midpoint. Total net revenues were more than $13.3 billion, nearly $550 million ahead of expectations. Several business segments (immunology, neuroscience, oncology) exceeded expectations, though Humira and aesthetics were below or in line with expectations. Margins were strong: adjusted gross margin was 84.1%, and adjusted operating margin was 42.3%.

Step 2 — GUIDANCE
Guidance was ",14369,401
GPT-feat-only,binary,ABBV,DOWN,"<reasoning>
Step 1 — EARNINGS SURPRISE  
No explicit data on beats or misses is available. The transcript's overall net sentiment is positive, but management and analyst sentiment are both neutral, suggesting no strong reaction to reported figures. No evidence of a significant earnings surprise.

Step 2 — GUIDANCE  
No mention of raised, maintained, or lowered guidance. Absence of guidance commentary in the NLP features implies that guidance was likely maintained or not materially changed.

Step",704,240
GPT-speaker-seg,binary,ABBV,DOWN,"<reasoning>
Step 1 — EARNINGS SURPRISE
No specific numbers or commentary on beats/misses are provided in the transcript. There is no evidence of a material earnings surprise.

Step 2 — GUIDANCE
No explicit mention of forward guidance being raised, maintained, or lowered. Guidance signal is absent.

Step 3 — TONE & LANGUAGE
Overall transcript tone is net positive (+0.0072), with more positive than negative language. However, modal language is mixed confidence, and both management and analyst sent",683,216
GPT-contrastive,binary,ABBV,UP,"<reasoning>
Step 1 — EARNINGS SURPRISE
AbbVie delivered adjusted EPS of $2.46, which is $0.10 above their guidance midpoint. Total net revenues were more than $13.3 billion, nearly $550 million ahead of expectations. Multiple segments (immunology, neuroscience, oncology, anesthetics) performed at or above expectations. Adjusted gross margin was 84.1%. Overall, a clear beat on both EPS and revenue.

Step 2 — GUIDANCE
Guidance was raised: ""we are raising our full year adjusted earnings per share g",14729,386
GPT-xgb-inject,binary,ABBV,UP,"<reasoning>
Step 1 — EARNINGS SURPRISE
AbbVie delivered adjusted EPS of $2.46, ""$0.10 above our guidance midpoint."" Total net revenues were ""$13.3 billion, nearly $550 million ahead of our expectations."" Multiple segments (immunology, neuroscience, oncology) performed at or above expectations. Adjusted gross margin was 84.1%. Overall, this is a clear beat on both EPS and revenue.

Step 2 — GUIDANCE
Guidance was raised: ""we are raising our full year adjusted earnings per share guidance by $0.10 a",14412,379
GPT-feat-inject,binary,ABNB,UP,"<reasoning>
Step 1 — EARNINGS SURPRISE
Airbnb reported Q1 revenue of $2.3 billion, up 6% year-over-year (11% ex-FX and calendar factors), and adjusted EBITDA of $417 million (18% margin). Free cash flow was $1.8 billion for the quarter. There is no explicit mention of a beat or miss versus consensus, but the language ""strong start to 2025"" and ""results show... people continue to choose Airbnb"" suggests at least an in-line or slight beat. No negative surprise is indicated.

Step 2 — GUIDANCE
Guid",11216,425
GPT-feat-only,binary,ABNB,DOWN,"<reasoning>
Step 1 — EARNINGS SURPRISE  
There is no direct evidence of an earnings surprise (beat or miss) in the NLP features provided. No specific numbers or language indicating a beat or miss are present.

Step 2 — GUIDANCE  
No explicit mention of forward guidance being raised, maintained, or lowered. The absence of strong modal language or guidance-related sentiment suggests guidance was likely neutral or not a focus.

Step 3 — TONE & LANGUAGE  
Overall transcript tone is net positive (+0.",705,262
GPT-speaker-seg,binary,ABNB,DOWN,"<reasoning>
Step 1 — EARNINGS SURPRISE
No specific figures or commentary on revenue, EPS, or margins are provided. There is no evidence of a beat or miss.

Step 2 — GUIDANCE
No explicit mention of forward guidance being raised, maintained, or lowered. Guidance signal is absent.

Step 3 — TONE & LANGUAGE
Overall transcript tone is net positive (+0.0071), with more positive than negative language. However, modal language is mixed confidence, and both management and analyst sentiment are neutral, i",684,198
GPT-contrastive,binary,ABNB,UP,"<reasoning>
Step 1 — EARNINGS SURPRISE
Airbnb reported Q1 revenue of $2.3 billion, up 6% year-over-year (would have been 11% excluding FX and calendar factors), and adjusted EBITDA of $417 million (18% margin). Nights and experiences booked grew 8% YoY. No explicit mention of beating or missing consensus, but the language (""strong start to 2025"", ""results show... people continue to choose Airbnb"") and lack of apology or defensiveness suggest at least an in-line, possibly slight beat.

Step 2 — G",11580,447
GPT-xgb-inject,binary,ABNB,UP,"<reasoning>
Step 1 — EARNINGS SURPRISE
Airbnb reported Q1 revenue of $2.3 billion, up 6% year-over-year (would have been 11% excluding FX and calendar factors). Adjusted EBITDA was $417 million (18% margin). Free cash flow was $1.8 billion for the quarter. No explicit mention of a beat or miss versus consensus, but the language ""strong start to 2025"" and ""results show... people continue to choose Airbnb"" suggests at least an in-line to modest beat. No negative surprise is indicated.

Step 2 — GU",11261,450
GPT-feat-inject,binary,ABT,UP,"<reasoning>
Step 1 — EARNINGS SURPRISE
Abbott Laboratories delivered Q1 adjusted EPS of $1.09, up 11% YoY, ""finished at the high end of our guidance range and above the consensus estimate."" Sales grew 7% (8.3% ex-COVID testing), and gross margin expanded by 140 bps. Operating margin up 130 bps. These are clear beats on both EPS and margin.

Step 2 — GUIDANCE
Guidance was maintained: ""We are on track to deliver on the financial commitments we set at the beginning of the year."" Management explicit",10896,348
GPT-feat-only,binary,ABT,DOWN,"<reasoning>
Step 1 — EARNINGS SURPRISE  
No explicit data on beats or misses is available. The transcript features do not mention any numbers or language indicating a clear earnings surprise.

Step 2 — GUIDANCE  
No explicit mention of raised, maintained, or lowered guidance. Absence of strong forward-looking statements or guidance language in the NLP features.

Step 3 — TONE & LANGUAGE  
Overall transcript tone is net positive (+0.0087), with more positive than negative language. However, manag",704,227
GPT-speaker-seg,binary,ABT,DOWN,"<reasoning>
Step 1 — EARNINGS SURPRISE
No specific numbers or commentary on beats/misses are provided in the transcript. There is no evidence of a positive or negative earnings surprise.

Step 2 — GUIDANCE
No explicit mention of forward guidance being raised, maintained, or lowered. Guidance signal is absent.

Step 3 — TONE & LANGUAGE
Overall transcript tone is net positive (+0.0087), with more positive than negative language. However, modal language is described as ""mixed confidence,"" and both ",683,211
GPT-contrastive,binary,ABT,UP,"<reasoning>
Step 1 — EARNINGS SURPRISE
Abbott Laboratories delivered Q1 adjusted EPS of $1.09, up 11% YoY and ""finished at the high end of our guidance range and above the consensus estimate."" Sales grew 7% (8.3% ex-COVID testing), also at the high end of guidance. Gross margin expanded by 140 bps and operating margin by 130 bps YoY. These are clear beats on both top and bottom line.

Step 2 — GUIDANCE
Full-year EPS guidance was maintained despite new tariff headwinds: ""we felt reaffirming our g",11256,367
GPT-xgb-inject,binary,ABT,UP,"<reasoning>
Step 1 — EARNINGS SURPRISE  
Abbott Laboratories delivered Q1 adjusted EPS of $1.09, up 11% YoY and ""finished at the high end of our guidance range and above the consensus estimate."" Sales grew 7% (8.3% ex-COVID testing), also described as ""high single-digit sales growth."" Gross margin expanded by 140 bps and operating margin by 130 bps YoY. These are clear beats on both EPS and margin, with sales at or above expectations.

Step 2 — GUIDANCE  
Guidance was maintained: ""we are on trac",10945,399
GPT-feat-inject,binary,AEP,UP,"<reasoning>
Step 1 — EARNINGS SURPRISE
AEP reported Q1 2025 operating earnings of $1.54 per share, up from $1.27 per share in Q1 2024 (a 20% increase). This was above expectations, as analysts on the call noted the reported numbers were higher than anticipated. Weather contributed $0.18 of the variance, but underlying performance was also strong. No explicit revenue beat/miss was mentioned, but the EPS beat is clear.

Step 2 — GUIDANCE
Guidance was maintained: ""we are reaffirming our 2025 operat",11702,346
GPT-feat-only,binary,AEP,UP,"<reasoning>
Step 1 — EARNINGS SURPRISE  
No explicit data on EPS, revenue, or margin beats/misses is available from the NLP features. Therefore, there is no direct evidence of an earnings surprise.

Step 2 — GUIDANCE  
No explicit mention of forward guidance being raised, maintained, or lowered. The transcript features do not indicate any guidance update.

Step 3 — TONE & LANGUAGE  
Overall transcript tone is net positive (+0.0138), with a higher positive word ratio (0.0192) than negative (0.005",712,244
GPT-speaker-seg,binary,AEP,UP,"<reasoning>
Step 1 — EARNINGS SURPRISE
No specific numbers or commentary on EPS, revenue, or margin beats/misses are provided in the transcript. Therefore, there is no clear signal from earnings surprise.

Step 2 — GUIDANCE
No explicit mention of forward guidance being raised, maintained, or lowered. Guidance signal is absent.

Step 3 — TONE & LANGUAGE
Overall transcript tone is NET POSITIVE, with a positive word ratio (0.0192) significantly higher than the negative word ratio (0.0055), and net ",691,226
GPT-contrastive,binary,AEP,UP,"<reasoning>
Step 1 — EARNINGS SURPRISE
AEP reported Q1 2025 operating earnings of $1.54 per share, up 20% year-over-year ($0.27 increase from $1.27 in Q1 2024), which was above analyst expectations (""the report numbers are higher than where we thought you would end up in the quarter""). Weather contributed $0.18 of the beat, but underlying performance was also strong. No mention of a revenue miss or margin compression; segment results were all up YoY.

Step 2 — GUIDANCE
Guidance was reaffirmed: """,12055,369
GPT-xgb-inject,binary,AEP,UP,"<reasoning>
Step 1 — EARNINGS SURPRISE
AEP reported Q1 2025 operating earnings of $1.54 per share, up 20% year-over-year ($0.27 increase from $1.27 in Q1 2024). This beat expectations, as analysts on the call noted the results were higher than anticipated (""the report numbers are higher than where we thought you would end up in the quarter""). Weather contributed $0.18 of the variance, but underlying performance was also strong. No explicit revenue beat/miss was mentioned, but the EPS beat is cle",11650,404
GPT-feat-inject,binary,AMAT,UP,"<reasoning>
Step 1 — EARNINGS SURPRISE
Applied Materials delivered ""record earnings per share"" and ""strong results across the board."" Q2 revenue was $7.1B, up 7% YoY, and non-GAAP EPS was $2.39, up 14% YoY. Gross margin was 49.2%, up 170bps YoY and the highest since FY2000. Results were described as ""largely in line with our expectations,"" indicating a meet or slight beat, but not a major surprise.

Step 2 — GUIDANCE
Forward guidance was constructive: ""for fiscal Q3, we expect total revenue of $",11294,455
GPT-feat-only,binary,AMAT,UP,"<reasoning>
Step 1 — EARNINGS SURPRISE  
No explicit mention of beats or misses is available. The overall transcript tone is net positive, but management and analyst sentiment are both neutral, suggesting no strong reaction to a major surprise. This likely indicates results were in line with expectations.

Step 2 — GUIDANCE  
There is no evidence of raised or lowered guidance in the NLP features. The absence of strong positive or negative language, and the use of mixed confidence modal language,",705,258
GPT-speaker-seg,binary,AMAT,UP,"<reasoning>
Step 1 — EARNINGS SURPRISE  
No reported figures (revenue, EPS, margins) are provided in the transcript. There is no evidence of a beat, meet, or miss.

Step 2 — GUIDANCE  
No explicit forward guidance is mentioned. There is no language indicating raised, maintained, or lowered outlook.

Step 3 — TONE & LANGUAGE  
Overall transcript tone is NET POSITIVE, with a positive word ratio (0.0229) significantly higher than negative (0.0090), and net sentiment of +0.0139. Uncertainty and liti",684,224
GPT-contrastive,binary,AMAT,UP,"<reasoning>
Step 1 — EARNINGS SURPRISE
Applied Materials delivered record non-GAAP EPS of $2.39, up 14% year-over-year, and revenue of $7.1 billion, up 7% year-over-year. Gross margin was 49.2%, up 170 bps YoY and the highest since FY2000. Results were described as ""largely in line with our expectations,"" not a clear beat, but strong absolute performance.

Step 2 — GUIDANCE
Forward guidance was constructive: Q3 revenue expected at $7.2 billion (+/- $500M), up 6% YoY at midpoint, and non-GAAP EPS",11654,429
GPT-xgb-inject,binary,AMAT,UP,"<reasoning>
Step 1 — EARNINGS SURPRISE  
Applied Materials delivered ""record earnings per share"" and ""robust year-over-year revenue growth, gross margin expansion and record earnings per share."" Q2 revenue was $7.1B, up 7% YoY, non-GAAP gross margin was 49.2% (up 170bps YoY, highest since FY2000), and non-GAAP EPS was $2.39, up 14% YoY. These results were described as ""largely in line with our expectations,"" not a clear beat, but certainly not a miss.

Step 2 — GUIDANCE  
Forward guidance was co",11340,457
GPT-feat-inject,binary,AMD,UP,"<reasoning>
Step 1 — EARNINGS SURPRISE
AMD delivered a clear beat: ""Revenue and EPS both exceeded consensus estimates... first quarter revenue increased 36% year-over-year to $7.4 billion,"" and ""diluted earnings per share was $0.96, an increase of 55% year-over-year."" Gross margin expanded to 54%, up 140 bps YoY. Q1 revenue exceeded the high end of guidance.

Step 2 — GUIDANCE
Guidance was constructive despite headwinds: ""We expect revenue to be approximately $7.4 billion, plus or minus $300 mil",11317,367
GPT-feat-only,binary,AMD,UP,"<reasoning>
Step 1 — EARNINGS SURPRISE  
No explicit data on beats or misses is available from the NLP features. There is no mention of specific numbers or language indicating a clear beat or miss. Therefore, the earnings surprise signal is neutral/absent.

Step 2 — GUIDANCE  
There is no evidence of raised, lowered, or maintained guidance in the NLP features. No forward-looking statements about guidance are quoted or implied. Guidance signal is absent.

Step 3 — TONE & LANGUAGE  
Overall transc",710,268
GPT-speaker-seg,binary,AMD,UP,"<reasoning>
Step 1 — EARNINGS SURPRISE
No specific numbers or commentary on revenue, EPS, or margins are provided. There is no evidence of a beat, miss, or meet.

Step 2 — GUIDANCE
No explicit mention of forward guidance being raised, maintained, or lowered. Guidance signal is absent.

Step 3 — TONE & LANGUAGE
Overall transcript tone is NET POSITIVE, with a positive word ratio (0.0186) significantly higher than negative (0.0064), and confident modal language dominates. Both management and analys",689,204
GPT-contrastive,binary,AMD,UP,"<reasoning>
Step 1 — EARNINGS SURPRISE
AMD delivered Q1 revenue of $7.4 billion, up 36% year-over-year, and EPS of $0.96, up 55% year-over-year, both exceeding consensus estimates and the high end of guidance. Gross margin expanded to 54%, up 140 bps YoY. Data center revenue grew 57% YoY, client and gaming up 28% YoY, and client revenue specifically up 68% YoY. These are clear beats.

Step 2 — GUIDANCE
Q2 revenue is guided to $7.4 billion (+/- $300 million), representing 27% YoY growth, despite ",11672,429
GPT-xgb-inject,binary,AMD,UP,"<reasoning>
Step 1 — EARNINGS SURPRISE  
AMD delivered Q1 revenue of $7.4 billion, up 36% year-over-year, and EPS of $0.96, up 55% year-over-year. Both revenue and EPS ""exceeded consensus estimates"" and ""exceeded the high end of our guidance."" Gross margin expanded to 54%, up 140 bps YoY. These are clear beats on both top and bottom line.

Step 2 — GUIDANCE  
Q2 revenue is guided to $7.4 billion (+/- $300 million), representing 27% YoY growth, despite a $700 million headwind from new China expor",11356,446
GPT-feat-inject,binary,AMGN,UP,"<reasoning>
Step 1 — EARNINGS SURPRISE
Amgen reported Q1 2025 revenues of $8.1 billion, a 9% increase year-over-year, with double-digit sales growth of 11% and 14% volume growth. Non-GAAP operating margin was 45.7%, ""above the outlook we gave on the fourth quarter earnings call."" There is no explicit mention of a miss; the language and context suggest a beat or at least a solid meet, especially as management highlights ""strong first quarter performance"" and ""off to a strong start in 2025.""

Step",14370,421
GPT-feat-only,binary,AMGN,DOWN,"<reasoning>
Step 1 — EARNINGS SURPRISE  
No explicit data on beats or misses is available from the NLP features. There is no mention of specific numbers or language indicating a clear earnings surprise.

Step 2 — GUIDANCE  
No direct evidence of raised, maintained, or lowered guidance. The transcript features do not reference guidance language, suggesting it was either absent or not a focus.

Step 3 — TONE & LANGUAGE  
Overall transcript tone is net positive (+0.0100), with more positive than ne",704,270
GPT-speaker-seg,binary,AMGN,DOWN,"<reasoning>
Step 1 — EARNINGS SURPRISE
No specific numbers or commentary on beats/misses are provided in the transcript. There is no evidence of a material earnings surprise.

Step 2 — GUIDANCE
No explicit mention of forward guidance being raised, maintained, or lowered. Guidance signal is absent.

Step 3 — TONE & LANGUAGE
Overall transcript tone is net positive (+0.0100), with more positive than negative language. However, both management and analyst sentiment are neutral, and modal language is",683,206
GPT-contrastive,binary,AMGN,UP,"<reasoning>
Step 1 — EARNINGS SURPRISE
Amgen reported Q1 2025 revenues of $8.1 billion, a 9% increase year-over-year, with double-digit sales growth of 11% and 14% volume growth from key brands. Non-GAAP operating margin was 45.7%, above prior outlook. No explicit mention of consensus beats, but the language (""strong first quarter performance"", ""above the outlook we gave on the fourth quarter earnings call"") and the detailed product growth (e.g., Repatha +27%, EVENITY +29%, TEZSPIRE +65%) strong",14730,403
GPT-xgb-inject,binary,AMGN,UP,"<reasoning>
Step 1 — EARNINGS SURPRISE  
Amgen reported strong Q1 results: revenue grew 9% year-over-year to $8.1 billion, with 14% volume growth and double-digit sales growth in key brands. Non-GAAP operating margin was 45.7%, above prior outlook. No explicit mention of a miss or beat versus consensus, but the language (""strong start,"" ""above the outlook we gave on the fourth quarter earnings call"") and the reaffirmation of guidance suggest at least an in-line, possibly a slight beat.

Step 2 —",14417,408
GPT-feat-inject,binary,AMT,UP,"<reasoning>
Step 1 — EARNINGS SURPRISE
American Tower reported a strong start to the year, ""exceeding our initial expectations across property revenue, adjusted EBITDA, and attributable AFFO per share for the quarter."" Q1 saw consolidated organic tenant billings growth of 4.7%, U.S. services revenue up nearly 30% QoQ and 60% YoY, and CoreSite revenue up high-single-digits. Adjusted EBITDA margin expanded by 70bps to 68.2%. AFFO per share declined YoY due to a one-off in the prior year, but norma",12419,452
GPT-feat-only,binary,AMT,DOWN,"<reasoning>
Step 1 — EARNINGS SURPRISE  
No explicit mention of beats or misses. The transcript features are silent on quantitative results, so no clear signal from earnings surprise.

Step 2 — GUIDANCE  
No direct evidence of raised or lowered guidance. The presence of dominant hedged language (""may"", ""could"", ""might"") suggests management avoided strong commitments, implying guidance was likely maintained or absent rather than raised.

Step 3 — TONE & LANGUAGE  
Overall transcript tone is net p",713,288
GPT-speaker-seg,binary,AMT,DOWN,"<reasoning>
Step 1 — EARNINGS SURPRISE
No specific figures or beats/misses are provided in the transcript. There is no evidence of a clear earnings surprise.

Step 2 — GUIDANCE
No explicit mention of raised, maintained, or lowered guidance. The absence of guidance is a neutral to slightly negative signal, as the market often looks for clarity.

Step 3 — TONE & LANGUAGE
Overall transcript tone is net positive (+0.0078), but the modal language is hedged (""may"", ""could"", ""might""), indicating cautio",692,227
GPT-contrastive,binary,AMT,UP,"<reasoning>
Step 1 — EARNINGS SURPRISE
American Tower reported a strong start to the year, ""exceeding our initial expectations across property revenue, adjusted EBITDA, and attributable AFFO per share for the quarter."" Specifics: consolidated organic tenant billings growth of 4.7%, U.S. services business delivered its highest quarter of revenue and gross profit since 2021, adjusted EBITDA grew 1.9% (5.5% ex-non-cash items), and CoreSite delivered high-single-digit revenue growth. AFFO per share ",12770,461
GPT-xgb-inject,binary,AMT,UP,"<reasoning>
Step 1 — EARNINGS SURPRISE
AMT reported a strong start to the year, ""exceeding our initial expectations across property revenue, adjusted EBITDA, and attributable AFFO per share for the quarter."" Specifics: consolidated organic tenant billings growth of 4.7%, adjusted EBITDA margin expansion to 68.2%, and CoreSite revenue growth in the high-single digits. Q1 services revenue and gross profit were the highest since 2021. On an as-adjusted basis (excluding India), AFFO per share grew ~",12452,411
GPT-feat-inject,binary,AMZN,UP,"<reasoning>
Step 1 — EARNINGS SURPRISE  
Amazon reported Q1 revenue of $165.7 billion (up 10% YoY, ex-FX), operating income of $18.4 billion (up 20% YoY), and trailing 12-month free cash flow of $25.9 billion. Operating income was ""approximately $400 million above the high-end of our guidance range."" AWS revenue grew 17% YoY to $29.3 billion, with AWS operating income at $11.5 billion and margins near 40%. Advertising revenue grew 19% YoY. These results indicate a clear beat on both revenue and ",9876,420
GPT-feat-only,binary,AMZN,UP,"<reasoning>
Step 1 — EARNINGS SURPRISE  
No explicit data on EPS, revenue, or margin beats/misses is provided. The absence of negative sentiment or probing language suggests no major miss, but also no clear evidence of a beat.

Step 2 — GUIDANCE  
No direct mention of forward guidance being raised, maintained, or cut. The transcript features mixed confidence language, which implies guidance was likely maintained or not materially changed.

Step 3 — TONE & LANGUAGE  
Overall transcript tone is ne",705,249
GPT-speaker-seg,binary,AMZN,DOWN,"<reasoning>
Step 1 — EARNINGS SURPRISE
No specific numbers or commentary on beats/misses are provided in the transcript. There is no evidence of a material earnings surprise.

Step 2 — GUIDANCE
No explicit mention of forward guidance being raised, maintained, or lowered. Absence of guidance is a neutral-to-slightly negative signal, as positive guidance is typically highlighted.

Step 3 — TONE & LANGUAGE
Overall transcript tone is net positive (+0.0077), with more positive than negative language.",684,211
GPT-contrastive,binary,AMZN,UP,"<reasoning>
Step 1 — EARNINGS SURPRISE
Amazon reported Q1 revenue of $165.7 billion (up 10% YoY) and operating income of $18.4 billion (up 20% YoY), with operating income approximately $400 million above the high-end of guidance. AWS revenue grew 17% YoY to $29.3 billion, and advertising revenue grew 19% YoY. Margins were strong, with AWS operating income at $11.5 billion and segment margins near 40%. These results indicate a clear beat on both top and bottom lines.

Step 2 — GUIDANCE
Q2 net sal",10235,385
GPT-xgb-inject,binary,AMZN,UP,"<reasoning>
Step 1 — EARNINGS SURPRISE  
Amazon reported Q1 revenue of $165.7B (up 10% YoY, ex-FX), operating income of $18.4B (up 20% YoY), and trailing 12-month free cash flow of $25.9B. Operating income was ~$400M above the high end of guidance. AWS revenue grew 17% YoY to $29.3B, with AWS operating income at $11.5B and margins near 40%. Advertising revenue grew 19% YoY. These results indicate a clear beat on both top and bottom line, with operating income and AWS performance particularly str",9829,425
GPT-feat-inject,binary,APD,DOWN,"<reasoning>
Step 1 — EARNINGS SURPRISE
Reported Q2 adjusted EPS was $2.69, below previous guidance of $2.75 to $2.85. Operating margin was down 210 basis points, and adjusted operating income decreased 9%. Sales volume was down 3%. The miss was attributed to cost overruns and lower helium contribution. There was also a $2.3 billion after-tax charge related to project cancellations and cost reductions.

Step 2 — GUIDANCE
Full-year 2025 adjusted EPS guidance was maintained at $11.85 to $12.15, wit",12226,359
GPT-feat-only,binary,APD,DOWN,"<reasoning>
Step 1 — EARNINGS SURPRISE  
No specific numbers are provided, and the overall transcript tone is neutral. There is no evidence of a clear beat or miss on revenue, EPS, or margins.

Step 2 — GUIDANCE  
No explicit mention of guidance being raised, maintained, or lowered. The absence of strong positive or negative language suggests guidance was likely maintained or not materially changed.

Step 3 — TONE & LANGUAGE  
Management and analyst sentiment are both neutral, with no divergence",713,209
GPT-speaker-seg,binary,APD,DOWN,"<reasoning>
Step 1 — EARNINGS SURPRISE
No specific figures or commentary on beats/misses are provided in the transcript or NLP summary. There is no evidence of a material earnings surprise.

Step 2 — GUIDANCE
No explicit mention of raised, maintained, or lowered guidance. The transcript does not reference any change in outlook or forward-looking statements regarding guidance.

Step 3 — TONE & LANGUAGE
Overall transcript tone is NEUTRAL, with positive and negative language roughly balanced. Manag",692,209
GPT-contrastive,binary,APD,DOWN,"<reasoning>
Step 1 — EARNINGS SURPRISE
Reported Q2 adjusted EPS was $2.69, below previous guidance of $2.75–$2.85 and down $0.16 from prior year. Operating margin was down 210 basis points, and adjusted operating income decreased 9%. The miss was attributed to cost overruns, project delays, and lower helium contribution. There was also a $2.3 billion after-tax charge related to project cancellations and cost reductions.

Step 2 — GUIDANCE
Full-year 2025 adjusted EPS guidance was maintained at $1",12578,378
GPT-xgb-inject,binary,APD,DOWN,"<reasoning>
Step 1 — EARNINGS SURPRISE  
Reported Q2 adjusted EPS was $2.69, ""below our previous guidance of $2.75 to $2.85 primarily due to changes in cost estimate on a sale of equipment project in the U.S. and lower than forecasted helium contribution."" Adjusted operating income decreased 9%, operating margin was down 210 basis points, and sales volume was down 3%. There was also a $2.3 billion after-tax charge in the quarter. This is a clear miss versus expectations.

Step 2 — GUIDANCE  
Ful",12173,453
GPT-feat-inject,binary,AVGO,UP,"<reasoning>
Step 1 — EARNINGS SURPRISE
Broadcom reported Q1 revenue of $14.9 billion, up 25% year on year, and adjusted EBITDA of $10.1 billion, up 41% year on year—both described as ""record"" results. Gross margin was 79.1%, better than originally guided, and adjusted EBITDA margin was 68%, above guidance of 66%. These figures indicate a clear beat on both top and bottom lines.

Step 2 — GUIDANCE
Q2 guidance is for consolidated revenue of $14.9 billion (up 19% y/y), semiconductor revenue of $8.4",8977,373
GPT-feat-only,binary,AVGO,DOWN,"<reasoning>
Step 1 — EARNINGS SURPRISE  
No explicit data on beats or misses is available. The overall transcript tone is neutral, with no positive or negative skew, suggesting results likely met expectations rather than a significant beat or miss.

Step 2 — GUIDANCE  
No evidence of raised or lowered guidance is present. The absence of strong positive or negative language, and the use of mixed confidence modal language, implies guidance was likely maintained or not materially changed.

Step 3 —",705,273
GPT-speaker-seg,binary,AVGO,UP,"<reasoning>
Step 1 — EARNINGS SURPRISE  
No specific figures are provided in the transcript. Without explicit beats or misses, and with neutral tone, we infer results were likely in line with expectations.

Step 2 — GUIDANCE  
No explicit mention of raised, lowered, or maintained guidance. Absence of positive or negative guidance language suggests guidance was likely maintained or not materially changed.

Step 3 — TONE & LANGUAGE  
Overall transcript tone is neutral, with balanced positive and n",684,289
GPT-contrastive,binary,AVGO,UP,"<reasoning>
Step 1 — EARNINGS SURPRISE
Broadcom reported record Q1 revenue of $14.9 billion, up 25% year on year, and record adjusted EBITDA of $10.1 billion, up 41% year on year. Gross margin was 79.1%, better than originally guided. Operating income was $9.8 billion, up 44% year on year, with operating margin at 66%. Adjusted EBITDA margin was 68%, above guidance of 66%. These results indicate a clear beat on both revenue and profitability.

Step 2 — GUIDANCE
Guidance for Q2 is for consolidate",9336,379
GPT-xgb-inject,binary,AVGO,UP,"<reasoning>
Step 1 — EARNINGS SURPRISE
Broadcom reported record Q1 2025 revenue of $14.9 billion, up 25% year on year, and adjusted EBITDA of $10.1 billion, up 41% year on year. Gross margin was 79.1%, better than guided, and operating margin was 66%. These figures were above guidance (""above our guidance of 66%""), indicating a clear beat.

Step 2 — GUIDANCE
Forward guidance was maintained at high levels: ""we're guiding Q2 consolidated revenue to be approximately $14.9 billion, up 19% year on ye",9023,369
GPT-feat-inject,binary,AXP,UP,"<reasoning>
Step 1 — EARNINGS SURPRISE
Reported Q1 revenue was $17 billion, up 8% year-over-year (9% excluding leap year), and EPS was $3.64. Management stated, ""These results are tracking in line with the guidance we gave for the full year."" There is no explicit mention of a beat or miss versus consensus, but the language suggests results were in line with expectations.

Step 2 — GUIDANCE
Guidance was maintained: ""we are maintaining our full year revenue growth guidance of 8% to 10% and EPS of ",10386,364
GPT-feat-only,binary,AXP,DOWN,"<reasoning>
Step 1 — EARNINGS SURPRISE  
No explicit data on beats or misses is available. The overall neutral tone and lack of positive or negative sentiment spikes suggest results were in line with expectations (met consensus).

Step 2 — GUIDANCE  
No evidence of raised or lowered guidance; guidance language is absent or neutral. No strong forward-looking statements detected.

Step 3 — TONE & LANGUAGE  
Management sentiment is neutral (net sentiment +0.0000), with mixed confidence language. An",705,194
GPT-speaker-seg,binary,AXP,DOWN,"<reasoning>
Step 1 — EARNINGS SURPRISE
No specific figures are provided in the transcript, so there is no clear evidence of a beat or miss on revenue, EPS, or margins.

Step 2 — GUIDANCE
There is no mention of forward guidance being raised, maintained, or lowered. Guidance is absent from the available information.

Step 3 — TONE & LANGUAGE
Overall transcript tone is NEUTRAL, with positive and negative language roughly balanced. Both management and analyst sentiment are neutral, with no strong co",684,185
GPT-contrastive,binary,AXP,UP,"<reasoning>
Step 1 — EARNINGS SURPRISE
Reported Q1 revenue was $17 billion (up 8% YoY FX-adjusted, 9% ex-leap year), and EPS was $3.64. Management stated, ""These results are tracking in line with the guidance we gave for the full year."" There is no explicit mention of a beat or miss, but the language and lack of negative surprise suggest results met expectations.

Step 2 — GUIDANCE
Guidance was maintained: ""we are maintaining our full year revenue growth guidance of 8% to 10% and EPS of $15 to $",10745,348
GPT-xgb-inject,binary,AXP,UP,"<reasoning>
Step 1 — EARNINGS SURPRISE  
Reported Q1 revenue was $17 billion, up 8% year-over-year (9% ex-leap year), and EPS was $3.64. Management stated, ""These results are tracking in line with the guidance we gave for the full year."" There is no explicit mention of a beat or miss versus consensus, but the language and lack of negative surprise suggest results met expectations.

Step 2 — GUIDANCE  
Guidance was maintained: ""we are maintaining our full year revenue growth guidance of 8% to 10%",10430,336
GPT-feat-inject,binary,BA,UP,"<reasoning>
Step 1 — EARNINGS SURPRISE
Reported revenue was $19.5 billion, up 18%, and core loss per share was $0.49, a significant improvement compared to last year. Free cash flow usage was $2.3 billion, better than expectations shared last month. Operating margin in BCA was -6.6%, but this was explained as reflecting higher deliveries and lower period costs. Overall, results were better than expected, especially on cash flow and deliveries.

Step 2 — GUIDANCE
Guidance was maintained, not rais",10112,405
GPT-feat-only,binary,BA,DOWN,"<reasoning>
Step 1 — EARNINGS SURPRISE  
No explicit data on beats or misses is available from the NLP features. The absence of strong positive or negative sentiment spikes suggests results were likely in line with expectations.

Step 2 — GUIDANCE  
No direct evidence of raised or lowered guidance. The transcript does not indicate a strong shift in outlook, and modal language is described as ""mixed confidence,"" implying guidance was likely maintained or not materially changed.

Step 3 — TONE & L",703,253
GPT-speaker-seg,binary,BA,UP,"<reasoning>
Step 1 — EARNINGS SURPRISE
No specific figures or beats/misses are provided in the transcript. There is no evidence of a clear earnings surprise.

Step 2 — GUIDANCE
No explicit mention of forward guidance being raised, maintained, or lowered. Guidance signal is absent.

Step 3 — TONE & LANGUAGE
Overall transcript tone is net positive (+0.0087), with more positive than negative language. However, modal language is mixed confidence, and both management and analyst sentiment are neutral",682,191
GPT-contrastive,binary,BA,UP,"<reasoning>
Step 1 — EARNINGS SURPRISE
Boeing reported Q1 revenue of $19.5 billion, up 18%, and a core loss per share of $0.49, which was a ""significant improvement compared to last year."" Free cash flow usage was $2.3 billion, ""better than expectations shared last month."" Operating margin for BCA was -6.6%, but this was primarily due to higher deliveries and lower period costs. Overall, results were better than internal and external expectations, especially on cash flow and deliveries.

Step 2 ",10472,458
GPT-xgb-inject,binary,BA,UP,"<reasoning>
Step 1 — EARNINGS SURPRISE
Revenue was $19.5 billion, up 18%, and core loss per share was $0.49, a significant improvement compared to last year. Free cash flow usage was $2.3 billion, better than expectations shared last month. Operating margin in BCA was -6.6%, but this was explained as primarily reflecting higher deliveries and lower period costs. Overall, results were better than expected, especially on free cash flow and deliveries.

Step 2 — GUIDANCE
Guidance was maintained. Ma",10157,410
GPT-feat-inject,binary,BAC,UP,"<reasoning>
Step 1 — EARNINGS SURPRISE
Bank of America reported Q1 2025 net income of $7.4 billion and EPS of $0.90, with revenue of $27.5 billion (up 6% YoY). EPS grew 18% YoY, net income up 11%, and revenue up 6%. NII grew 3% YoY, at the high end of guidance. Most revenue lines improved YoY, and operating leverage was positive (revenue grew 300 bps faster than expenses). No explicit mention of consensus beats, but the language (""solid start,"" ""good growth,"" ""at the high end of our guidance"") a",15095,448
GPT-feat-only,binary,BAC,DOWN,"<reasoning>
Step 1 — EARNINGS SURPRISE  
No specific numbers are provided. The overall transcript tone is neutral, with balanced positive and negative language and no indication of strong surprise in either direction. This suggests results likely met expectations.

Step 2 — GUIDANCE  
There is no mention of raised or lowered guidance, and the transcript features dominant hedged language (""may"", ""could"", ""might""), indicating that guidance was likely maintained or absent, with no strong forward-lo",714,265
GPT-speaker-seg,binary,BAC,DOWN,"<reasoning>
Step 1 — EARNINGS SURPRISE
No specific numbers or commentary on beats/misses are provided in the transcript. There is no evidence of a positive or negative earnings surprise.

Step 2 — GUIDANCE
No explicit mention of forward guidance being raised, maintained, or lowered. The absence of guidance is notable.

Step 3 — TONE & LANGUAGE
Overall transcript tone is NEUTRAL, with positive and negative language roughly balanced. Hedged language dominates, indicating management is cautious. Bo",693,193
GPT-contrastive,binary,BAC,UP,"<reasoning>
Step 1 — EARNINGS SURPRISE
Bank of America reported Q1 2025 net income of $7.4 billion and EPS of $0.90, with revenue of $27.5 billion (up 6% YoY). EPS grew 18% YoY, net income up 11%, and revenue up 6%. NII grew 3% YoY, sales and trading revenue up 9%, and investment/brokerage fees up 15%. These results are described as ""solid"" and ""good growth over both last quarter and the year earlier period."" No explicit mention of consensus beats, but the language and growth rates suggest at le",15445,400
GPT-xgb-inject,binary,BAC,UP,"<reasoning>
Step 1 — EARNINGS SURPRISE
Bank of America reported Q1 2025 net income of $7.4 billion and EPS of $0.90, with revenue of $27.5 billion (up 6% YoY). EPS grew 18% YoY, net income up 11%, and revenue up 6%. NII grew 3% YoY, sales and trading revenue up 9%, and tangible book value per share up 9%. These results are described as ""solid"" and ""at the high end of our guidance range."" No explicit mention of consensus, but the language and growth rates suggest a beat or at least a solid meet.
",15132,421
GPT-feat-inject,binary,BKNG,,"<reasoning>
Step 1 — EARNINGS SURPRISE
Reported figures exceeded expectations across the board. Q1 room nights, revenue, adjusted EBITDA, and adjusted EPS all beat the high end of prior guidance. Specifically: ""First quarter revenue of $4.8 billion grew 8% year-over-year, and adjusted EBITDA of about $1.1 billion increased 21% year-over-year. Both revenue and adjusted EBITDA exceeded the high end of our prior guidance ranges. Finally, adjusted earnings per share in the quarter grew 22% year-over",11440,500
GPT-feat-only,binary,BKNG,UP,"<reasoning>
Step 1 — EARNINGS SURPRISE  
No explicit mention of beats or misses; quantitative features do not reference any specific numbers or surprise language. Cannot infer a clear earnings surprise from the data provided.

Step 2 — GUIDANCE  
No evidence of raised, lowered, or maintained guidance. Absence of guidance-related language in the NLP features.

Step 3 — TONE & LANGUAGE  
Overall transcript tone is NET POSITIVE, with a positive word ratio (0.0246) significantly higher than the nega",704,270
GPT-speaker-seg,binary,BKNG,DOWN,"<reasoning>
Step 1 — EARNINGS SURPRISE
No specific figures or beats/misses are provided in the transcript. There is no evidence of a positive or negative earnings surprise.

Step 2 — GUIDANCE
No explicit mention of raised, maintained, or lowered guidance. Guidance signal is absent.

Step 3 — TONE & LANGUAGE
Overall transcript tone is net positive (+0.0186), with more positive than negative language. Uncertainty and litigious ratios are low, but modal language is mixed confidence. Both management",683,204
GPT-contrastive,binary,BKNG,DOWN,"<reasoning>
Step 1 — EARNINGS SURPRISE
BKNG delivered a clear beat on Q1 results: ""First quarter revenue of $4.8 billion grew 8% year-over-year, and adjusted EBITDA of about $1.1 billion increased 21% year-over-year. Both revenue and adjusted EBITDA exceeded the high end of our prior guidance ranges. Finally, adjusted earnings per share in the quarter grew 22% year-over-year."" CFO further notes: ""Adjusted EBITDA of approximately $1.1 billion grew 21% year-over-year and exceeded the high end of o",11804,500
GPT-xgb-inject,binary,BKNG,DOWN,"<reasoning>
Step 1 — EARNINGS SURPRISE  
Reported figures beat expectations. Management stated: ""First quarter revenue of $4.8 billion grew 8% year-over-year, and adjusted EBITDA of about $1.1 billion increased 21% year-over-year. Both revenue and adjusted EBITDA exceeded the high end of our prior guidance ranges. Finally, adjusted earnings per share in the quarter grew 22% year-over-year."" CFO confirmed: ""Our room nights in the first quarter grew a bit above 7%, which was slightly above the hig",11482,500
GPT-feat-inject,binary,BLK,UP,"<reasoning>
Step 1 — EARNINGS SURPRISE
BlackRock reported double-digit growth in revenue, operating income, and EPS: ""First quarter revenue of $5.3 billion increased 12% year-over-year... operating income of $2 billion was up 14% and earnings per share of $11.30 was 15% higher versus a year ago."" Organic base fee growth was 6%, above target. Margins expanded by 100 basis points. These results indicate a clear beat on key metrics.

Step 2 — GUIDANCE
Guidance was maintained, not raised or lowered:",11211,370
GPT-feat-only,binary,BLK,DOWN,"<reasoning>
Step 1 — EARNINGS SURPRISE
No explicit data on beats or misses is available from the NLP features. The absence of strong positive or negative sentiment from management or analysts suggests results were likely in line with expectations.

Step 2 — GUIDANCE
There is no evidence of raised or lowered guidance. The transcript features ""mixed confidence language"" and no clear forward-looking statements, implying guidance was likely maintained or not materially changed.

Step 3 — TONE & LANG",705,228
GPT-speaker-seg,binary,BLK,UP,"<reasoning>
Step 1 — EARNINGS SURPRISE
No specific figures or beats/misses are provided in the transcript. There is no evidence of a material earnings surprise.

Step 2 — GUIDANCE
No explicit mention of forward guidance being raised, maintained, or lowered. Guidance is absent from the transcript.

Step 3 — TONE & LANGUAGE
Overall transcript tone is net positive (+0.0104), with more positive than negative language. However, modal language is described as ""mixed confidence,"" and both management an",684,196
GPT-contrastive,binary,BLK,UP,"<reasoning>
Step 1 — EARNINGS SURPRISE
BlackRock delivered double-digit growth across revenue, operating income, and EPS, with revenue of $5.3B (+12% YoY), operating income of $2B (+14% YoY), and EPS of $11.30 (+15% YoY). Organic base fee growth was 6%, above target, and operating margin expanded by 100bps. These results are described as ""above target"" and ""record"" in several areas, indicating a clear beat versus expectations.

Step 2 — GUIDANCE
Guidance was maintained, not raised or lowered. Ma",11571,388
GPT-xgb-inject,binary,BLK,UP,"<reasoning>
Step 1 — EARNINGS SURPRISE
BlackRock reported strong Q1 2025 results: ""double-digit growth across the board in revenue, operating income and earnings per share and with 100 basis points of margin expansion."" Specifics: revenue of $5.3B (+12% YoY), operating income of $2B (+14% YoY), EPS of $11.30 (+15% YoY), and 6% organic base fee growth (above target). Record AUM ($11.6T) and net inflows ($84B, or $140B ex. episodic outflows). These results clearly beat expectations.

Step 2 — GUID",11256,416
GPT-feat-inject,binary,C,UP,"<reasoning>
Step 1 — EARNINGS SURPRISE
Citigroup reported Q1 net income of $4.1 billion and EPS of $1.96, with ROTCE of 9.1%. Revenue was $21.6 billion, up 3% YoY. Expenses declined 5% YoY. Multiple business lines showed strong YoY growth: Markets revenue up 12%, Equities up 23%, Banking up 12%, Wealth up 24%. No explicit mention of consensus beats or misses, but the language (""strong quarter,"" ""continued momentum,"" ""proof point of strategy"") and positive operating leverage across all businesses",14973,425
GPT-feat-only,binary,C,DOWN,"<reasoning>
Step 1 — EARNINGS SURPRISE  
No information on earnings surprise is available from the NLP features or transcript. No specific numbers or language indicating a beat or miss.

Step 2 — GUIDANCE  
No explicit mention of forward guidance being raised, maintained, or lowered. Absence of strong positive or negative guidance language in the NLP features.

Step 3 — TONE & LANGUAGE  
Overall transcript tone is NEUTRAL, with positive and negative language roughly balanced (net sentiment +0.00",704,208
GPT-speaker-seg,binary,C,DOWN,"<reasoning>
Step 1 — EARNINGS SURPRISE
No specific figures or beats/misses are provided in the transcript or summary. There is no evidence of a material earnings surprise.

Step 2 — GUIDANCE
No explicit mention of forward guidance being raised, maintained, or lowered. Guidance is absent from the provided information.

Step 3 — TONE & LANGUAGE
Overall transcript tone is NEUTRAL, with positive and negative language roughly balanced. Both management and analyst sentiment are neutral, with no strong",683,198
GPT-contrastive,binary,C,UP,"<reasoning>
Step 1 — EARNINGS SURPRISE
Citigroup reported Q1 net income of $4.1 billion and EPS of $1.96, with ROTCE of 9.1%. Revenue was $21.6 billion, up 3% YoY, and expenses declined 5% YoY. Multiple business lines showed strong growth: Markets revenue up 12%, Equities up 23%, Banking up 12%, Wealth up 24%. There is no explicit mention of consensus estimates or a beat/miss, but the language (""strong quarter,"" ""continued momentum,"" ""proof point of... improving our performance"") and positive op",15332,458
GPT-xgb-inject,binary,C,UP,"<reasoning>
Step 1 — EARNINGS SURPRISE
Citigroup reported Q1 net income of $4.1 billion and EPS of $1.96, with ROTCE of 9.1%. Revenue was $21.6 billion, up 3% YoY. Expenses declined 5% YoY. Multiple business lines showed strong YoY growth: Markets revenue up 12%, Equities up 23%, Banking up 12%, M&A revenue nearly doubled, Wealth up 24%. There is no explicit mention of consensus estimates, but the language (""strong quarter,"" ""continued momentum,"" ""proof point of strategy"") and the breadth of pos",15017,474
GPT-feat-inject,binary,CAT,DOWN,"<reasoning>
Step 1 — EARNINGS SURPRISE
Reported Q1 sales and revenues were $14.2B, down 10% YoY, with adjusted operating profit margin at 18.3% (down 390bps YoY) and adjusted profit per share of $4.25 (vs $5.60 prior year). While these were ""above our expectations"" on margin and profit, the headline numbers are clear misses versus prior year, but in line or slightly better than internal expectations. Backlog grew by $5B (record organic growth), and machine sales to users were ""better than expect",12096,467
GPT-feat-only,binary,CAT,UP,"<reasoning>
Step 1 — EARNINGS SURPRISE  
No explicit data on EPS, revenue, or margin beats/misses is available. The NLP features do not indicate a clear positive or negative surprise, so this signal is neutral.

Step 2 — GUIDANCE  
There is no mention of forward guidance being raised, maintained, or lowered. Absence of guidance signal means this is neutral.

Step 3 — TONE & LANGUAGE  
Overall transcript tone is net positive (+0.0095), with more positive than negative language. However, managemen",704,211
GPT-speaker-seg,binary,CAT,DOWN,"<reasoning>
Step 1 — EARNINGS SURPRISE
No specific figures or commentary on EPS, revenue, or margins are provided. There is no evidence of a beat or miss.

Step 2 — GUIDANCE
No explicit mention of forward guidance being raised, maintained, or lowered. Guidance signal is absent.

Step 3 — TONE & LANGUAGE
Overall transcript tone is net positive (+0.0095), with more positive than negative language. However, modal language is described as ""mixed confidence,"" and both management and analyst sentiment",683,210
GPT-contrastive,binary,CAT,DOWN,"<reasoning>
Step 1 — EARNINGS SURPRISE
Reported Q1 sales and revenues were $14.2B, down 10% YoY, with adjusted operating profit margin at 18.3% (down 390bps YoY) and adjusted EPS of $4.25 (vs $5.60 prior year). However, both adjusted operating profit and margin were ""above our expectations,"" and machine sales to users were ""better than we expected."" Backlog grew by $5B to a record $35B. Overall, headline numbers were down YoY but generally met or slightly beat internal expectations.

Step 2 — GU",12456,478
GPT-xgb-inject,binary,CAT,UP,"<reasoning>
Step 1 — EARNINGS SURPRISE  
Reported Q1 sales and revenues were $14.2B, down 10% YoY, with adjusted operating profit margin at 18.3% (down 390bps YoY) and adjusted profit per share of $4.25 (vs $5.60 last year). However, both adjusted operating profit and margin were ""above our expectations,"" and machine sales to users were ""better than we expected."" Backlog grew by $5B to a record $35B. Overall, while headline numbers are down YoY, they were better than internal expectations and co",12141,457
GPT-feat-inject,binary,CB,UP,"<reasoning>
Step 1 — EARNINGS SURPRISE
Chubb reported Q1 core operating income of $1.5 billion, down 31%, but this was ""supported by excellent underlying underwriting results, double-digit growth in investment income and strong life insurance income."" Total company premiums grew 5.7% in constant dollars. The combined ratio was 95.7% (with $1.6B CAT losses), but the current accident year combined ratio improved by 1.5 points. Adjusted net investment income was up 12.7%. Book value per share reach",8592,431
GPT-feat-only,binary,CB,DOWN,"<reasoning>
Step 1 — EARNINGS SURPRISE  
No specific numbers are provided. There is no evidence from the NLP features of strong positive or negative surprise; sentiment is neutral and there is no language indicating a beat or miss.

Step 2 — GUIDANCE  
No explicit mention of guidance being raised, maintained, or lowered. The neutral tone and absence of strong positive or negative language suggest guidance was likely maintained or not materially changed.

Step 3 — TONE & LANGUAGE  
Overall transc",704,205
GPT-speaker-seg,binary,CB,DOWN,"<reasoning>
Step 1 — EARNINGS SURPRISE
No specific numbers or commentary on beats/misses are provided in the transcript. There is no evidence of a material earnings surprise.

Step 2 — GUIDANCE
No explicit mention of forward guidance being raised, maintained, or lowered. Guidance signal is absent.

Step 3 — TONE & LANGUAGE
Overall transcript tone is neutral, with positive and negative language roughly balanced (net sentiment: -0.0025). Management and analyst sentiment are both neutral, with no c",683,180
GPT-contrastive,binary,CB,DOWN,"<reasoning>
Step 1 — EARNINGS SURPRISE
Chubb reported Q1 core operating income of $1.5 billion, down 31%, but this was ""supported by excellent underlying underwriting results, double-digit growth in investment income and strong life insurance income."" Premiums grew 5.7% in constant dollars. The combined ratio was 95.7% (with $1.6B CAT losses), but the current accident year combined ratio improved by 1.5 points YoY. Excluding CATs, current accident year underwriting income was up 12%. Investment ",8951,494
GPT-xgb-inject,binary,CB,UP,"<reasoning>
Step 1 — EARNINGS SURPRISE
Chubb reported Q1 core operating income of $1.5B, down 31%, but this was ""supported by excellent underlying underwriting results, double-digit growth in investment income and strong life insurance income."" Total company premiums grew 5.7% in constant dollars. The combined ratio was 95.7% (with $1.6B of CAT losses), but the current accident year combined ratio improved by 1.5 points YoY. Adjusted net investment income was up 12.7%. Book value per share reach",8635,398
GPT-feat-inject,binary,CEG,UP,"<reasoning>
Step 1 — EARNINGS SURPRISE
Constellation reported Q1 adjusted operating earnings of $2.14 per share, which was $0.32 per share higher than last year. Management described this as a ""strong operational and financial start"" and noted ""strong performance from our commercial business."" There is no explicit mention of consensus estimates or a beat/miss, but the language and year-over-year growth suggest at least an in-line to modest beat.

Step 2 — GUIDANCE
Guidance was maintained: ""we ar",11984,362
GPT-feat-only,binary,CEG,DOWN,"<reasoning>
Step 1 — EARNINGS SURPRISE
No specific numbers or language indicating a beat, miss, or meet are available. The neutral overall tone and lack of positive/negative skew suggest results were likely in line with expectations.

Step 2 — GUIDANCE
No explicit mention of raised, maintained, or lowered guidance. The neutral sentiment and absence of strong positive or negative language imply guidance was likely maintained or not materially changed.

Step 3 — TONE & LANGUAGE
Management sentimen",706,216
GPT-speaker-seg,binary,CEG,DOWN,"<reasoning>
Step 1 — EARNINGS SURPRISE
No specific figures or commentary on beats/misses are provided in the transcript. There is no evidence of a material earnings surprise.

Step 2 — GUIDANCE
No explicit mention of forward guidance being raised, maintained, or lowered. Guidance is absent from the transcript.

Step 3 — TONE & LANGUAGE
Overall transcript tone is neutral, with positive and negative language roughly balanced. Management and analyst sentiment are both neutral, with no strong confid",685,195
GPT-contrastive,binary,CEG,UP,"<reasoning>
Step 1 — EARNINGS SURPRISE
Reported Q1 adjusted operating EPS was $2.14 per share, $0.32 higher than last year. No explicit comparison to analyst consensus, but the language (""strong operational and financial start"", ""exactly where we want to be"") and the year-over-year increase suggest at least an in-line to modest beat. Margins were locked in above 10-year average, and operational performance was strong (nuclear capacity factor 94.1%).

Step 2 — GUIDANCE
Guidance was maintained: ""r",12341,340
GPT-xgb-inject,binary,CEG,UP,"<reasoning>
Step 1 — EARNINGS SURPRISE  
Reported Q1 adjusted operating EPS was $2.14, $0.32 higher than last year. No explicit mention of consensus estimates or a beat/miss, but the language (""strong operational and financial start"", ""exactly where we want to be"") and year-over-year growth suggest at least an in-line, possibly modest beat. Margins were described as ""locked in margins that exceed our 10-year average,"" and operational performance was strong (nuclear capacity factor 94.1%).

Step ",12022,382
GPT-feat-inject,binary,COF,UP,"<reasoning>
Step 1 — EARNINGS SURPRISE
Capital One reported Q1 2025 EPS of $3.45 ($4.06 adjusted for legal/discover integration expenses). Pre-provision earnings were flat QoQ, but up 2% adjusted. Revenue declined 2% QoQ (due to 2 fewer days), but revenue was up 7% YoY in the Domestic Card business. Noninterest expense decreased 5% QoQ (adjusted). Provision for credit losses decreased, with a $273M reduction QoQ. There was a $450M allowance release, reflecting improving credit. No explicit menti",14108,463
GPT-feat-only,binary,COF,DOWN,"<reasoning>
Step 1 — EARNINGS SURPRISE  
No explicit data on beats or misses is available. The transcript's overall net sentiment is positive, but the absence of strong positive or negative management/analyst sentiment suggests no clear evidence of a significant earnings surprise.

Step 2 — GUIDANCE  
There is no mention of raised, maintained, or lowered guidance. The dominance of hedged language (""may"", ""could"", ""might"") implies that management avoided making strong forward-looking statements, ",714,278
GPT-speaker-seg,binary,COF,DOWN,"<reasoning>
Step 1 — EARNINGS SURPRISE
No specific figures or beats/misses are provided in the transcript. There is no evidence of a clear earnings surprise.

Step 2 — GUIDANCE
No explicit mention of forward guidance being raised, maintained, or lowered. Guidance appears absent from the transcript.

Step 3 — TONE & LANGUAGE
Overall transcript tone is net positive (+0.0060), but the modal language is hedged, indicating caution. Both management and analyst sentiment are neutral, with no strong con",693,197
GPT-contrastive,binary,COF,UP,"<reasoning>
Step 1 — EARNINGS SURPRISE
Capital One reported Q1 EPS of $3.45, or $4.06 adjusted for legal and integration items. Pre-provision earnings were up 2% sequentially on an adjusted basis. Revenue declined 2% sequentially due to two fewer days in the quarter, but revenue was up 7% year-over-year in the Domestic Card segment. Noninterest expense decreased 5% sequentially (adjusted). Provision for credit losses decreased by $273 million quarter-over-quarter, driven by lower net charge-offs",14459,499
GPT-xgb-inject,binary,COF,DOWN,"<reasoning>
Step 1 — EARNINGS SURPRISE  
EPS was $3.45 reported, $4.06 adjusted for one-offs. There is no explicit mention of consensus, but analyst questions and management commentary suggest results were at least in line, possibly a modest beat: ""It's hard to see those concerns in the results, given better-than-expected credit in the reserve release."" Revenue declined 2% QoQ (explained by 2 fewer days), but pre-provision earnings were flat QoQ and up 2% adjusted. Noninterest expense decreased ",14144,478
GPT-feat-inject,binary,COP,UP,"<reasoning>
Step 1 — EARNINGS SURPRISE
ConocoPhillips produced 2.389 million barrels of oil equivalent per day, ""exceeding the high end of our production guidance for the quarter."" Adjusted EPS was $2.09. No explicit mention of consensus EPS/revenue, but operationally, the company outperformed its own guidance. Margins and cash flow were solid, though cash flow was impacted by one-time tax items.

Step 2 — GUIDANCE
Full-year production guidance was maintained: ""Full year production guidance rema",9194,370
GPT-feat-only,binary,COP,DOWN,"<reasoning>
Step 1 — EARNINGS SURPRISE  
No specific numbers are provided. There is no evidence from the NLP features of strong positive or negative surprise; the overall tone is neutral, and there is no indication of excitement or disappointment that would typically accompany a beat or miss.

Step 2 — GUIDANCE  
There is no mention of forward guidance being raised, maintained, or lowered. The absence of strong positive or negative language suggests that guidance was likely maintained or not mat",705,239
GPT-speaker-seg,binary,COP,DOWN,"<reasoning>
Step 1 — EARNINGS SURPRISE
No specific numbers or commentary on beats/misses are provided in the transcript. There is no evidence of a positive or negative earnings surprise.

Step 2 — GUIDANCE
No explicit mention of forward guidance being raised, maintained, or lowered. Guidance is absent from the transcript.

Step 3 — TONE & LANGUAGE
Overall transcript tone is neutral, with positive and negative language roughly balanced. Both management and analyst sentiment are neutral, with no s",684,173
GPT-contrastive,binary,COP,UP,"<reasoning>
Step 1 — EARNINGS SURPRISE
ConocoPhillips produced 2.389 million barrels of oil equivalent per day, ""exceeding the high end of our production guidance for the quarter."" Adjusted EPS was $2.09. No explicit mention of consensus EPS or revenue, but operationally they beat production guidance. Cash flow from operations was $5.5 billion, but cash flows ""missed the mark a little bit"" due to higher cash taxes, which management attributed to one-time items.

Step 2 — GUIDANCE
Full-year produ",9551,455
GPT-xgb-inject,binary,COP,UP,"<reasoning>
Step 1 — EARNINGS SURPRISE
ConocoPhillips reported $2.09 per share in adjusted earnings and produced 2.389 million barrels of oil equivalent per day, ""exceeding the high end of our production guidance for the quarter."" No explicit mention of consensus EPS or revenue, but operationally they beat their own guidance. Cash flow from operations was $5.5 billion, but there was a cash tax headwind due to discrete items, which was explained as a one-time issue.

Step 2 — GUIDANCE
Guidance wa",9238,475
GPT-feat-inject,binary,COST,UP,"<reasoning>
Step 1 — EARNINGS SURPRISE
Costco reported Q2 net income of $1.788 billion or $4.02 per diluted share, up from $1.743 billion or $3.92 per share last year. Excluding a discrete tax item, EPS grew 8.4%. Operating income increased 12.3% YoY. Net sales were $62.53 billion, up 9.1% YoY. US comparable sales were up 8.3% (8.6% ex-gas deflation), and e-commerce comp sales were up 20.9%. Gross margin was up 5 bps YoY. These results are strong and likely above consensus, especially on comps a",12760,441
GPT-feat-only,binary,COST,UP,"<reasoning>
Step 1 — EARNINGS SURPRISE  
No explicit data on beats or misses is available from the NLP features. The absence of negative sentiment or probing language suggests there was likely no significant miss, but also no clear evidence of a beat.

Step 2 — GUIDANCE  
No direct language indicating raised, lowered, or maintained guidance is present. The neutral management tone and lack of uncertainty or hedging language suggest guidance was likely maintained or unchanged.

Step 3 — TONE & LAN",704,236
GPT-speaker-seg,binary,COST,DOWN,"<reasoning>
Step 1 — EARNINGS SURPRISE
No specific figures or beats/misses are provided in the transcript or summary. There is no evidence of a material earnings surprise.

Step 2 — GUIDANCE
No explicit mention of raised, maintained, or lowered guidance. Guidance signal is absent.

Step 3 — TONE & LANGUAGE
Overall transcript tone is net positive (+0.0089), with more positive than negative language. However, modal language is described as ""mixed confidence,"" and both management and analyst sentim",683,207
GPT-contrastive,binary,COST,UP,"<reasoning>
Step 1 — EARNINGS SURPRISE
Costco reported Q2 net income of $1.788 billion or $4.02 per diluted share, up from $1.743 billion or $3.92 per share last year. Excluding a discrete tax item, EPS grew 8.4%. Net sales were $62.53 billion, up 9.1% YoY. US comparable sales were up 8.3% (8.6% ex-gas deflation), and e-commerce comp sales were up 20.9%. Gross margin was up 5 bps YoY. These results are strong and above typical sector growth rates, indicating a likely beat.

Step 2 — GUIDANCE
No ",13120,433
GPT-xgb-inject,binary,COST,UP,"<reasoning>
Step 1 — EARNINGS SURPRISE  
Costco reported Q2 net income of $1.788B ($4.02/diluted share), up from $1.743B ($3.92/diluted share) last year. Excluding a prior-year tax benefit, EPS grew 8.4%. Operating income rose 12.3%. Net sales were $62.53B (+9.1% YoY). US comp sales +8.3%, e-commerce +20.9%. Gross margin up 5bps YoY. These results are strong and likely above consensus, especially given the high comp sales and e-commerce growth. No explicit mention of a miss.

Step 2 — GUIDANCE  ",12806,407
GPT-feat-inject,binary,CSCO,UP,"<reasoning>
Step 1 — EARNINGS SURPRISE
Cisco delivered a clear beat: ""revenue, margins and earnings per share all above the high-end of our guidance ranges."" Q3 revenue was $14.1B (up 11% y/y), non-GAAP EPS $0.96, both above guidance. Gross margin (68.6%) and operating margin (34.5%) were also above the high end of guidance.

Step 2 — GUIDANCE
Guidance was constructive but not raised: ""For fiscal Q4, our guidance is we expect revenue to be in the range of $14.5 billion to $14.7 billion...non-GAA",11513,403
GPT-feat-only,binary,CSCO,UP,"<reasoning>
Step 1 — EARNINGS SURPRISE  
No explicit data on beats or misses is available. The neutral management and analyst sentiment, combined with the absence of strong positive or negative language, suggests results likely met expectations rather than a significant beat or miss.

Step 2 — GUIDANCE  
There is no evidence of raised or lowered guidance. The absence of strong forward-looking language and the use of mixed confidence modal language imply that guidance was likely maintained or not",705,295
GPT-speaker-seg,binary,CSCO,DOWN,"<reasoning>
Step 1 — EARNINGS SURPRISE
No specific figures or beats/misses are provided in the transcript. There is no evidence of a material earnings surprise.

Step 2 — GUIDANCE
No explicit mention of forward guidance being raised, maintained, or lowered. Guidance signal is absent.

Step 3 — TONE & LANGUAGE
Overall transcript tone is net positive (+0.0057), with more positive than negative language. However, modal language is mixed confidence, and both management and analyst sentiment are neut",684,196
GPT-contrastive,binary,CSCO,UP,"<reasoning>
Step 1 — EARNINGS SURPRISE
Cisco delivered a strong quarter with revenue and EPS above the high end of guidance: Q3 revenue was $14.1B (up 11% YoY), non-GAAP EPS was $0.96, and non-GAAP gross margin was 68.6% (up 30bps YoY), all above the high end of guidance. Product orders grew 20% YoY (9% organic ex-Splunk). These are clear beats.

Step 2 — GUIDANCE
Forward guidance was maintained, not raised: ""For fiscal Q4, our guidance is we expect revenue to be in the range of $14.5 billion to",11873,387
GPT-xgb-inject,binary,CSCO,UP,"<reasoning>
Step 1 — EARNINGS SURPRISE  
Cisco delivered a clear beat: ""Q3 was another strong quarter for Cisco, with revenue, margins and earnings per share all above the high-end of our guidance ranges."" Reported Q3 revenue was $14.1B (up 11% YoY), non-GAAP EPS $0.96, non-GAAP net income $3.8B, and non-GAAP gross margin 68.6% (up 30bps YoY). Product orders grew 20% YoY (9% organic ex-Splunk). All these metrics exceeded expectations.

Step 2 — GUIDANCE  
Guidance was maintained, not raised: ""Fo",11558,481
GPT-feat-inject,binary,CVX,UP,"<reasoning>
Step 1 — EARNINGS SURPRISE
Chevron reported Q1 earnings of $3.5 billion ($2 per share), adjusted earnings of $3.8 billion ($2.18 per share), and cash flow from operations of $7.6 billion. Adjusted earnings were $200 million higher than last quarter. There is no explicit mention of beating or missing analyst consensus, but the language (""strong performance,"" ""higher than last quarter"") and lack of negative surprise suggest at least an in-line to modest beat.

Step 2 — GUIDANCE
Guidanc",9728,392
GPT-feat-only,binary,CVX,DOWN,"<reasoning>
Step 1 — EARNINGS SURPRISE  
No explicit data on EPS or revenue beats/misses is provided. The absence of strong positive or negative sentiment in management or analyst tone suggests results were likely in line with expectations.

Step 2 — GUIDANCE  
No mention of raised, lowered, or maintained guidance. The transcript features only mixed confidence language and no clear forward-looking statements, indicating guidance was likely unchanged or not emphasized.

Step 3 — TONE & LANGUAGE  ",703,222
GPT-speaker-seg,binary,CVX,DOWN,"<reasoning>
Step 1 — EARNINGS SURPRISE
No specific figures or commentary on EPS, revenue, or margins are provided. There is no evidence of a beat or miss.

Step 2 — GUIDANCE
No explicit mention of forward guidance being raised, maintained, or lowered. Guidance is absent from the transcript.

Step 3 — TONE & LANGUAGE
Overall transcript tone is net positive (+0.0081), with more positive than negative language. However, management and analyst sentiment are both neutral, and modal language is mixed,",682,192
GPT-contrastive,binary,CVX,UP,"<reasoning>
Step 1 — EARNINGS SURPRISE
Chevron reported Q1 adjusted earnings of $3.8 billion or $2.18 per share, which was $200 million higher than last quarter. There is no explicit mention of beating or missing analyst consensus, but the increase vs. prior quarter and the absence of negative commentary suggest at least an in-line to modest beat. Adjusted downstream earnings were higher due to improved refining margins, and cash flow from operations was strong at $7.6 billion.

Step 2 — GUIDANC",10086,398
GPT-xgb-inject,binary,CVX,UP,"<reasoning>
Step 1 — EARNINGS SURPRISE  
Chevron reported Q1 earnings of $3.5 billion ($2.00 per share), with adjusted earnings of $3.8 billion ($2.18 per share). Adjusted earnings were $200 million higher than last quarter. Adjusted downstream earnings were higher due to improved refining margins. No explicit mention of consensus estimates or a beat/miss, but the tone and context suggest results were at least in line, possibly a slight beat given the sequential improvement and positive commenta",9774,409
GPT-feat-inject,binary,DE,DOWN,"<reasoning>
Step 1 — EARNINGS SURPRISE  
Deere delivered a ""better than expected second quarter"" with an 18.8% margin for equipment operations, ""demonstrating exceptional execution amidst challenging market dynamics."" However, net sales and revenues were down 16% YoY to $12.763B, and net sales for equipment operations were down 18% YoY to $11.171B. Net income was $1.804B, or $6.64 per diluted share. Margins exceeded projections, but sales and profits were down YoY, though sequentially improved. ",11310,480
GPT-feat-only,binary,DE,DOWN,"<reasoning>
Step 1 — EARNINGS SURPRISE  
No explicit mention of beats or misses in the NLP features. The absence of strong positive or negative sentiment from management or analysts suggests results were likely in line with expectations.

Step 2 — GUIDANCE  
No direct evidence of raised or lowered guidance. The transcript features do not indicate a shift in outlook; modal language is ""mixed confidence,"" which implies guidance was likely maintained or not materially changed.

Step 3 — TONE & LANG",704,260
GPT-speaker-seg,binary,DE,DOWN,"<reasoning>
Step 1 — EARNINGS SURPRISE  
No reported figures (revenue, EPS, margins) are provided in the transcript. There is no evidence of a beat, meet, or miss.

Step 2 — GUIDANCE  
No explicit forward guidance is mentioned. There is no language indicating raised, maintained, or lowered outlook.

Step 3 — TONE & LANGUAGE  
Overall transcript tone is net positive (+0.0102), with more positive than negative language. However, modal language is described as ""mixed confidence,"" and both managemen",683,202
GPT-contrastive,binary,DE,DOWN,"<reasoning>
Step 1 — EARNINGS SURPRISE
Deere delivered a ""better than expected second quarter with an 18.8% margin for the equipment operations,"" and ""margins exceeded projections despite tear-up headwinds due to better-than-expected sales and favorable production costs."" However, net sales and revenues were down 16% YoY, and net sales for equipment operations were down 18%. EPS was $6.64 per diluted share. The company highlights ""excellent results... despite the difficult macro environment,"" in",11670,483
GPT-xgb-inject,binary,DE,UP,"<reasoning>
Step 1 — EARNINGS SURPRISE
Deere delivered a ""better than expected second quarter with an 18.8% margin for the equipment operations,"" and ""margins exceeded projections despite tear-up headwinds due to better-than-expected sales and favorable production costs."" However, net sales and revenues were down 16% YoY to $12.763B, and net sales for equipment operations were down 18%. EPS was $6.64. The transcript repeatedly notes ""better than expected"" results and ""exceptional execution,"" ind",11353,482
GPT-feat-inject,binary,DHR,UP,"<reasoning>
Step 1 — EARNINGS SURPRISE
Danaher reported Q1 revenue, earnings, and cash flow ""ahead of our expectations."" Adjusted diluted EPS was $1.88, and gross profit margin was up 100 bps YoY to 61.2%. Free cash flow was $1.1B with conversion over 110%. There was a $0.25 EPS beat in Q1, and management acknowledged ""a lot of positives to start the year here."" Margins were mixed: operating margin down 50 bps YoY due to productivity investments, but cost control and gross margin were positive.
",9925,463
GPT-feat-only,binary,DHR,DOWN,"<reasoning>
Step 1 — EARNINGS SURPRISE  
No explicit data on beats or misses is available. The neutral management and analyst sentiment, combined with the absence of strong positive or negative language, suggests results were likely in line with expectations.

Step 2 — GUIDANCE  
No evidence of raised or lowered guidance is present. The transcript features mixed confidence language and no clear forward-looking statements, implying guidance was likely maintained or not materially changed.

Step 3",704,242
GPT-speaker-seg,binary,DHR,DOWN,"<reasoning>
Step 1 — EARNINGS SURPRISE
No specific figures or beats/misses are provided in the transcript. There is no evidence of a positive or negative earnings surprise.

Step 2 — GUIDANCE
No explicit mention of raised, maintained, or lowered guidance. Guidance signal is absent.

Step 3 — TONE & LANGUAGE
Overall transcript tone is net positive (+0.0080), with more positive than negative language. However, modal language is mixed confidence, and both management and analyst sentiment are neutra",683,194
GPT-contrastive,binary,DHR,UP,"<reasoning>
Step 1 — EARNINGS SURPRISE
Danaher reported Q1 revenue, earnings, and cash flow ""ahead of our expectations."" Adjusted diluted EPS was $1.88, and gross profit margin was up 100 bps YoY to 61.2%. Free cash flow was $1.1B with a conversion ratio over 110%. Operating margin was down 50 bps YoY due to productivity investments, but overall, the quarter was a beat, with management referencing a ""$0.25 beat here in Q1"" and ""a strong start.""

Step 2 — GUIDANCE
Full-year 2025 guidance was main",10285,433
GPT-xgb-inject,binary,DHR,UP,"<reasoning>
Step 1 — EARNINGS SURPRISE  
Danaher reported Q1 revenue, earnings, and cash flow ""ahead of our expectations."" Adjusted diluted EPS was $1.88, with $1.1B in free cash flow and a gross margin up 100bps YoY. Operating margin was down 50bps YoY due to productivity investments, but overall, the quarter was a beat: ""our first quarter revenue, earnings and cash flow all came in ahead of our expectations."" Analysts referenced a ""$0.25 beat here in Q1,"" confirming the positive surprise.

Ste",9970,468
GPT-feat-inject,binary,DLR,UP,"<reasoning>
Step 1 — EARNINGS SURPRISE
Digital Realty Trust reported Q1 2025 core FFO of $1.77 per share, up 6% year over year, and data center revenue up 7% YoY. Adjusted EBITDA increased by 11% YoY. Same capital cash NOI grew 5% YoY. These are strong results, and management described them as ""strong leasing pushed our backlog of signed but not yet commenced leases to a new record."" No explicit mention of a beat, but the language and numbers suggest at least an in-line to modest beat.

Step 2 —",10925,387
GPT-feat-only,binary,DLR,DOWN,"<reasoning>
Step 1 — EARNINGS SURPRISE  
No explicit mention of beats or misses; quantitative features do not indicate strong positive or negative surprise. Neutral management and analyst sentiment suggest results were likely in line with expectations.

Step 2 — GUIDANCE  
No evidence of raised or lowered guidance; absence of strong forward-looking language or guidance changes. Modal language is mixed, indicating neither clear optimism nor caution on outlook.

Step 3 — TONE & LANGUAGE  
Overall ",706,239
GPT-speaker-seg,binary,DLR,DOWN,"<reasoning>
Step 1 — EARNINGS SURPRISE
No specific numbers or commentary on beats/misses are provided in the transcript or summary. Therefore, there is no clear signal of an earnings surprise.

Step 2 — GUIDANCE
There is no mention of forward guidance being raised, maintained, or lowered. The absence of guidance is a neutral to slightly negative signal, as positive reactions typically require clear, positive guidance.

Step 3 — TONE & LANGUAGE
Overall transcript tone is net positive (+0.0091), w",685,247
GPT-contrastive,binary,DLR,UP,"<reasoning>
Step 1 — EARNINGS SURPRISE
Digital Realty Trust, Inc. reported strong Q1 2025 results: core FFO per share of $1.77, up 6% year over year, and adjusted EBITDA up 11% year over year. Data center revenue was up 7% YoY, and same capital cash NOI grew 5%. Leasing was robust, with nearly $400 million in new annualized rent signings (second highest in company history), and backlog of signed but not commenced leases at a record $1.3 billion. No explicit mention of consensus beats, but the la",11285,437
GPT-xgb-inject,binary,DLR,UP,"<reasoning>
Step 1 — EARNINGS SURPRISE  
Digital Realty Trust reported strong Q1 2025 results: core FFO per share of $1.77, up 6% year over year, and adjusted EBITDA up 11% year over year. Data center revenue grew 7% YoY, and same capital cash NOI grew 5%. Leasing was robust, with nearly $400 million in new annualized rent signings (second highest in company history), and a record backlog of signed but not commenced leases ($1.3 billion total, $919 million at DLR share). No explicit mention of c",10970,483
GPT-feat-inject,binary,DUK,UP,"<reasoning>
Step 1 — EARNINGS SURPRISE
Duke Energy reported Q1 adjusted EPS of $1.76, which is $0.32 above last year and represents a 22% increase over Q1 2024. Management described this as a ""strong start to the year"" and ""in line with our expectations,"" suggesting results met or slightly exceeded consensus. No explicit mention of a miss; the tone and language indicate a positive surprise or at least a solid beat versus prior year.

Step 2 — GUIDANCE
Guidance was reaffirmed: ""We remain confiden",5397,350
GPT-feat-only,binary,DUK,DOWN,"<reasoning>
Step 1 — EARNINGS SURPRISE  
No explicit data on EPS, revenue, or margin beats/misses is provided. The absence of negative sentiment or probing language suggests no major miss, but also no clear evidence of a beat.

Step 2 — GUIDANCE  
No direct mention of forward guidance being raised, maintained, or cut. The transcript features mixed confidence language, which may indicate guidance was reiterated or left unchanged rather than decisively raised or lowered.

Step 3 — TONE & LANGUAGE ",705,253
GPT-speaker-seg,binary,DUK,UP,"<reasoning>
Step 1 — EARNINGS SURPRISE
No specific figures or beats/misses are provided in the transcript. There is no evidence of a material earnings surprise.

Step 2 — GUIDANCE
No explicit mention of forward guidance being raised, maintained, or lowered. Guidance signal is absent.

Step 3 — TONE & LANGUAGE
Overall transcript tone is net positive (+0.0142), with more positive than negative language. However, modal language is described as ""mixed confidence,"" and both management and analyst sen",684,220
GPT-contrastive,binary,DUK,UP,"<reasoning>
Step 1 — EARNINGS SURPRISE
Duke Energy reported Q1 adjusted EPS of $1.76, which is $0.32 above last year and represents a 22% increase over Q1 2024. Management described this as a ""strong start to the year"" and ""in line with our expectations."" There is no explicit mention of beating analyst consensus, but the tone and context suggest results were at least in line, if not a modest beat.

Step 2 — GUIDANCE
Guidance was reaffirmed: ""We remain confident in our outlook and are reaffirming",5755,340
GPT-xgb-inject,binary,DUK,UP,"<reasoning>
Step 1 — EARNINGS SURPRISE  
Duke Energy reported Q1 adjusted EPS of $1.76, which is $0.32 above last year (a 22% increase). Management described this as ""a strong start to the year"" and ""in line with our expectations."" There is no explicit mention of beating analyst consensus, but the tone and context suggest results were at least in line, if not a modest beat.

Step 2 — GUIDANCE  
Guidance was reaffirmed: ""We remain confident in our outlook and are reaffirming our 2025 guidance ran",5441,338
GPT-feat-inject,binary,ECL,UP,"<reasoning>
Step 1 — EARNINGS SURPRISE
Ecolab reported ""double-digits earnings growth,"" ""solid 3% growth in organic sales,"" and ""strong 12% growth in EPS,"" with a ""190 basis point increase in our operating income margin."" Management states they ""continue to significantly outpace software markets"" and delivered ""another strong quarter."" No explicit mention of consensus beats, but the language and numbers suggest a likely beat or at least a solid meet.

Step 2 — GUIDANCE
Guidance was maintained: """,11301,347
GPT-feat-only,binary,ECL,UP,"<reasoning>
Step 1 — EARNINGS SURPRISE  
No explicit data on beats or misses is available. The transcript features do not mention any specific numbers or language indicating a clear earnings surprise.

Step 2 — GUIDANCE  
No explicit mention of raised, maintained, or lowered guidance. Absence of strong forward-looking statements or guidance changes in the NLP features.

Step 3 — TONE & LANGUAGE  
Overall transcript tone is net positive (+0.0114), with more positive than negative language. Uncert",705,255
GPT-speaker-seg,binary,ECL,UP,"<reasoning>
Step 1 — EARNINGS SURPRISE
No specific figures or beats/misses are provided in the transcript. There is no evidence of a clear earnings surprise.

Step 2 — GUIDANCE
No explicit mention of forward guidance being raised, maintained, or lowered. Guidance signal is absent.

Step 3 — TONE & LANGUAGE
Overall transcript tone is net positive (+0.0114), with more positive than negative language. However, modal language is mixed confidence, and both management and analyst sentiment are neutral",684,196
GPT-contrastive,binary,ECL,UP,"<reasoning>
Step 1 — EARNINGS SURPRISE
Ecolab reported ""double-digits earnings growth,"" specifically ""3% growth in organic sales and strong 12% growth in EPS,"" and a ""190 basis point increase in our operating income margin."" Management stated they ""continue to significantly outpace software markets"" and achieved ""record"" new business wins. No explicit mention of a miss; the tone and context suggest a beat or at least a solid meet.

Step 2 — GUIDANCE
Guidance was maintained: ""our overall expectat",11659,380
GPT-xgb-inject,binary,ECL,DOWN,"<reasoning>
Step 1 — EARNINGS SURPRISE
Management reported ""double-digits earnings growth,"" ""3% growth in organic sales,"" and ""strong 12% growth in EPS,"" with a ""190 basis point increase in our operating income margin."" However, there is no explicit mention of beating or missing analyst consensus. The language suggests solid results, but without a clear beat.

Step 2 — GUIDANCE
Guidance was maintained: ""our overall expectations for earnings this year remain unchanged."" There is no raise or cut t",11349,410
GPT-feat-inject,binary,EQIX,UP,"<reasoning>
Step 1 — EARNINGS SURPRISE
Equinix delivered better-than-expected results across all key financial metrics. Q1 revenues were $2.2 billion, up 8% year-over-year, ""above our expectations."" Adjusted EBITDA margins increased to 48% (above expectations), and AFFO per share increased 9% year-over-year, also ""well above our expectations."" Management repeatedly emphasized outperformance: ""delivered better-than-expected financial metrics,"" ""results were above our expectations,"" and ""every key",10409,423
GPT-feat-only,binary,EQIX,DOWN,"<reasoning>
Step 1 — EARNINGS SURPRISE  
There is no direct evidence of an earnings beat or miss, as no specific numbers are mentioned. The absence of strong positive or negative sentiment in management or analyst tone suggests results were likely in line with expectations.

Step 2 — GUIDANCE  
No explicit language indicates that guidance was raised or cut. The lack of strong forward-looking statements or guidance-related sentiment implies guidance was likely maintained or not materially changed",706,257
GPT-speaker-seg,binary,EQIX,DOWN,"<reasoning>
Step 1 — EARNINGS SURPRISE
No specific numbers or commentary on beats/misses are provided in the transcript. There is no evidence of a material earnings surprise.

Step 2 — GUIDANCE
No explicit mention of forward guidance being raised, maintained, or lowered. Guidance signal is absent.

Step 3 — TONE & LANGUAGE
Overall transcript tone is net positive (+0.0164), with more positive than negative language. However, modal language is described as ""mixed confidence,"" and both management a",685,198
GPT-contrastive,binary,EQIX,UP,"<reasoning>
Step 1 — EARNINGS SURPRISE
Equinix delivered better-than-expected results across all key financial metrics. Q1 revenues were $2.2 billion, up 8% year-over-year, ""above our expectations."" Adjusted EBITDA margins increased to 48% (above expectations), and AFFO per share increased 9% year-over-year, also ""well above our expectations."" Management repeatedly emphasized that results were ""above the top end of our guidance range.""

Step 2 — GUIDANCE
Guidance was raised across all major metr",10769,363
GPT-xgb-inject,binary,EQIX,UP,"<reasoning>
Step 1 — EARNINGS SURPRISE
Equinix delivered better-than-expected results across all key financial metrics. Specifics: Q1 revenues of $2.2 billion, up 8% YoY, adjusted EBITDA margins increased to 48%, AFFO per share up 9% YoY, and global Q1 AFFO was $947 million, up 13% YoY. Management repeatedly stated results were ""above our expectations"" and ""better than expected.""

Step 2 — GUIDANCE
Guidance was raised across all major metrics: ""we are raising our guidance on each of these metric",10362,349
GPT-feat-inject,binary,ETN,UP,"<reasoning>
Step 1 — EARNINGS SURPRISE
Eaton delivered Q1 record adjusted EPS of $2.72, up 13% from the prior year, and record quarterly revenue of $6.4 billion with 9% organic sales growth, both above guidance/midpoint. Segment margins were also strong (23.9%, up 80bps). Management repeatedly described results as ""record"" and ""well above our guidance range,"" indicating a clear beat.

Step 2 — GUIDANCE
Guidance was overall positive: ""raising our expectations for organic growth and reaffirming ou",10504,401
GPT-feat-only,binary,ETN,DOWN,"<reasoning>
Step 1 — EARNINGS SURPRISE  
No explicit data on EPS or revenue beats/misses is provided. The NLP features do not indicate any strong positive or negative surprise, suggesting results were likely in line with expectations.

Step 2 — GUIDANCE  
There is no mention of raised, lowered, or maintained guidance. Absence of guidance commentary in the NLP features implies no material change or update was provided.

Step 3 — TONE & LANGUAGE  
Overall transcript tone is net positive (+0.0071),",705,241
GPT-speaker-seg,binary,ETN,UP,"<reasoning>
Step 1 — EARNINGS SURPRISE
No specific numbers or commentary on EPS, revenue, or margin beats/misses are provided in the transcript. Therefore, there is no clear signal from earnings surprise.

Step 2 — GUIDANCE
No explicit mention of forward guidance being raised, maintained, or lowered. Guidance signal is absent.

Step 3 — TONE & LANGUAGE
Overall transcript tone is net positive (+0.0071), with more positive than negative language. However, modal language is described as ""mixed conf",684,202
GPT-contrastive,binary,ETN,UP,"<reasoning>
Step 1 — EARNINGS SURPRISE
Eaton delivered Q1 record adjusted EPS of $2.72, up 13% from the prior year, and organic growth accelerated to 9% from 6% in the prior quarter. Record segment margins of 23.9% were ""in line with our guidance and expectations."" Revenue was $6.4 billion, with margin expansion of 80 basis points. Adjusted EPS was ""above the midpoint of our guidance."" Overall, results were strong and slightly above expectations.

Step 2 — GUIDANCE
Guidance was constructive: ""we",10864,415
GPT-xgb-inject,binary,ETN,UP,"<reasoning>
Step 1 — EARNINGS SURPRISE
Eaton delivered Q1 record adjusted EPS of $2.72, up 13% from the prior year, and record segment margins of 23.9%, in line with guidance. Organic growth accelerated to 9% from 6% in the prior quarter. Revenue was $6.4 billion, also a record. These results were above the midpoint of guidance and described as a ""strong start to the year."" No explicit mention of a miss; all figures suggest a beat or at least a solid meet.

Step 2 — GUIDANCE
Guidance was raised ",10553,441
GPT-feat-inject,binary,FCX,UP,"<reasoning>
Step 1 — EARNINGS SURPRISE
No explicit EPS or revenue numbers are quoted, but management states: ""Production of copper and gold was in line with our expectations... We exceeded expectations on copper sales... Unit costs were similar to what we guided to in January... and a bit better than our late March update."" This suggests a modest beat on copper sales and costs, with production in line.

Step 2 — GUIDANCE
Guidance is maintained and reiterated as on track: ""Our annual sales guidan",11152,374
GPT-feat-only,binary,FCX,UP,"<reasoning>
Step 1 — EARNINGS SURPRISE  
No explicit data on earnings surprise (beat/meet/miss) is available from the NLP features. There is no mention of specific numbers or language indicating a beat or miss.

Step 2 — GUIDANCE  
No explicit mention of forward guidance being raised, maintained, or lowered. The transcript features do not indicate any guidance update or change.

Step 3 — TONE & LANGUAGE  
Overall transcript tone is NET POSITIVE, with a positive word ratio (0.0203) significantly ",713,248
GPT-speaker-seg,binary,FCX,UP,"<reasoning>
Step 1 — EARNINGS SURPRISE
No specific figures or commentary on revenue, EPS, or margins are provided. There is no evidence of a beat or miss.

Step 2 — GUIDANCE
No explicit mention of forward guidance being raised, maintained, or lowered. Guidance signal is absent.

Step 3 — TONE & LANGUAGE
Overall transcript tone is net positive (+0.0135), with confident language dominating. Both management and analyst sentiment are neutral, with no sign of probing or concern.

Step 4 — OVERALL SIG",692,174
GPT-contrastive,binary,FCX,UP,"<reasoning>
Step 1 — EARNINGS SURPRISE
No explicit EPS or revenue numbers are quoted, but management states: ""Production of copper and gold was in line with our expectations... We exceeded expectations on copper sales... Unit costs were similar to what we guided to in January... and a bit better than our late March update."" This suggests a modest beat on copper sales and costs, with production in line.

Step 2 — GUIDANCE
Guidance is maintained and reiterated as on track: ""our annual sales guidan",11505,385
GPT-xgb-inject,binary,FCX,UP,"<reasoning>
Step 1 — EARNINGS SURPRISE  
No explicit EPS or revenue numbers are quoted in the transcript, but management states: ""Production of copper and gold was in line with our expectations... We exceeded expectations on copper sales... Unit costs were similar to what we guided to in January... a bit better than our late March update."" This suggests a slight beat on copper sales and costs, with other metrics in line. No evidence of a miss.

Step 2 — GUIDANCE  
Guidance is maintained and, in ",11192,415
GPT-feat-inject,binary,FDX,DOWN,"<reasoning>
Step 1 — EARNINGS SURPRISE
FedEx reported Q3 revenue up 2% YoY (first YoY growth this fiscal year), adjusted operating income up 12%, and adjusted EPS up 17%. However, there is no explicit mention of beating or missing analyst consensus. The transcript notes ""revenue in Q3 and expectation for Q4 are softer than previously anticipated,"" and ""further pressures our bottom line."" This suggests results were likely in line or slightly below expectations, especially given the context of a g",12995,398
GPT-feat-only,binary,FDX,DOWN,"<reasoning>
Step 1 — EARNINGS SURPRISE  
No explicit data on beats or misses is available from the NLP features. The absence of strong positive or negative sentiment from management or analysts suggests results were likely in line with expectations.

Step 2 — GUIDANCE  
No direct evidence of raised or lowered guidance. The transcript does not indicate any strong forward-looking statements or changes in outlook, as modal language is described as ""mixed confidence"" and there is no mention of guida",704,286
GPT-speaker-seg,binary,FDX,DOWN,"<reasoning>
Step 1 — EARNINGS SURPRISE
No specific numbers or commentary on beats/misses are provided in the transcript. There is no evidence of a material earnings surprise.

Step 2 — GUIDANCE
No explicit mention of forward guidance being raised, maintained, or lowered. Absence of guidance is a neutral-to-slightly negative signal, as the market often looks for clarity.

Step 3 — TONE & LANGUAGE
Overall transcript tone is net positive (+0.0129), with more positive than negative language. However",683,202
GPT-contrastive,binary,FDX,DOWN,"<reasoning>
Step 1 — EARNINGS SURPRISE
FedEx reported Q3 revenue up 2% YoY (first growth this fiscal year), adjusted operating income up 12%, and adjusted EPS up 17%. However, there is no explicit mention of beating or missing analyst consensus. The transcript notes ""revenue in Q3 and expectation for Q4 are softer than previously anticipated,"" and ""further pressures our bottom line,"" suggesting results may have been in line or slightly below expectations.

Step 2 — GUIDANCE
Guidance was lowered:",13355,385
GPT-xgb-inject,binary,FDX,DOWN,"<reasoning>
Step 1 — EARNINGS SURPRISE  
FedEx reported Q3 revenue up 2% YoY (first YoY growth this fiscal year), $600 million in DRIVE savings, and 12% adjusted operating income growth. Adjusted EPS grew 17%. However, there is no explicit mention of beating or missing analyst consensus. The transcript notes ""revenue in Q3 and expectation for Q4 are softer than previously anticipated,"" and ""further pressures our bottom line,"" suggesting results were at best in line or slightly below expectations",13039,404
GPT-feat-inject,binary,GE,UP,"<reasoning>
Step 1 — EARNINGS SURPRISE
GE Aerospace delivered a strong Q1 2025: Orders up 12%, revenue up 11%, profit up 38% to $2.1B, margins at 23.8%, EPS $1.49 up 60% YoY, and free cash flow $1.4B. Management and analysts both referenced a ""profit beat"" of $250M, and results ""exceeded expectations given stronger spare parts sales and services mix."" No indication of a miss.

Step 2 — GUIDANCE
Guidance was maintained across the board: ""we are holding our guidance across the board,"" with EPS of ",9677,411
GPT-feat-only,binary,GE,DOWN,"<reasoning>
Step 1 — EARNINGS SURPRISE  
No explicit mention of beats or misses; the NLP features do not reference any specific numbers or clear signals of an earnings surprise. The absence of strong positive or negative sentiment around results suggests figures were likely in line with expectations.

Step 2 — GUIDANCE  
No evidence of raised or lowered guidance. The transcript features do not indicate any forward-looking statements or changes to outlook, implying guidance was likely maintained ",703,278
GPT-speaker-seg,binary,GE,DOWN,"<reasoning>
Step 1 — EARNINGS SURPRISE
No specific figures or beats/misses are provided in the transcript. There is no evidence of a clear earnings surprise.

Step 2 — GUIDANCE
No explicit mention of raised, maintained, or lowered guidance. The absence of guidance is a neutral to slightly negative signal, as the market often looks for clarity.

Step 3 — TONE & LANGUAGE
Overall transcript tone is net positive (+0.0084), with more positive than negative language. However, modal language is describ",682,242
GPT-contrastive,binary,GE,UP,"<reasoning>
Step 1 — EARNINGS SURPRISE
GE Aerospace delivered a strong Q1: Orders up 12%, revenue up 11%, profit up 38% to $2.1B, margins at 23.8%, EPS $1.49 up 60% YoY, and free cash flow $1.4B. Management and analysts both referenced a ""profit beat"" of $250M, and results ""exceeded expectations given stronger spare parts sales and services mix."" This is a clear beat.

Step 2 — GUIDANCE
Guidance was maintained across the board: ""we are holding our guidance across the board,"" with low double-digi",10037,476
GPT-xgb-inject,binary,GE,UP,"<reasoning>
Step 1 — EARNINGS SURPRISE  
GE Aerospace delivered a strong start to the year, with orders up 12%, revenue up 11%, profit up 38% to $2.1 billion, margins of 23.8%, EPS of $1.49 up 60% year-over-year, and free cash flow of $1.4 billion. Management and analysts both referenced a ""profit beat"" of $250 million, and results ""exceeded expectations given stronger spare parts sales and services mix."" This is a clear beat.

Step 2 — GUIDANCE  
Guidance was maintained across the board: ""we ar",9722,439
GPT-feat-inject,binary,GEV,UP,"<reasoning>
Step 1 — EARNINGS SURPRISE
GE Vernova delivered a ""strong start to 2025"" with revenue up 15%, adjusted EBITDA up nearly 70% to $1.7B, and adjusted EBITDA margin expanding 170 bps. Orders grew 8% YoY, backlog reached $123B, and free cash flow improved $1.6B YoY to $1B. Margins improved in all segments. No explicit mention of consensus beats, but the language and numbers indicate a likely beat or at least a solid meet.

Step 2 — GUIDANCE
Guidance was reaffirmed: ""We are reaffirming our",10727,419
GPT-feat-only,binary,GEV,UP,"<reasoning>
Step 1 — EARNINGS SURPRISE  
No explicit data on beats or misses is available. The NLP features do not reference any specific numbers or language indicating a clear earnings surprise in either direction.

Step 2 — GUIDANCE  
There is no mention of forward guidance being raised, maintained, or lowered. The absence of guidance commentary is notable, as it removes a key directional signal.

Step 3 — TONE & LANGUAGE  
Overall transcript tone is net positive (+0.0124), with a higher posit",705,251
GPT-speaker-seg,binary,GEV,DOWN,"<reasoning>
Step 1 — EARNINGS SURPRISE
No reported figures (revenue, EPS, margins) are provided in the transcript. There is no evidence of a beat, meet, or miss versus expectations.

Step 2 — GUIDANCE
No explicit forward guidance is mentioned. There is no language indicating raised, maintained, or lowered outlook.

Step 3 — TONE & LANGUAGE
Overall transcript tone is net positive (+0.0124), with more positive than negative language. However, modal language is described as ""mixed confidence,"" and ",684,204
GPT-contrastive,binary,GEV,UP,"<reasoning>
Step 1 — EARNINGS SURPRISE
GE Vernova delivered a strong Q1: orders up 8% YoY to $10.2B, revenue up 15%, equipment revenue up 22%, services revenue up 8%, adjusted EBITDA up nearly 70% to $1.7B, and adjusted EBITDA margin expanded 170 bps. Free cash flow was $1B, up $1.6B YoY. Margins improved in all segments. No explicit mention of consensus beats, but the language (""strong start,"" ""improvement,"" ""milestone"") and magnitude of growth suggest a beat or at least a solid meet.

Step 2 —",11087,440
GPT-xgb-inject,binary,GEV,UP,"<reasoning>
Step 1 — EARNINGS SURPRISE  
GE Vernova delivered a strong Q1: orders up 8% YoY to $10.2B, revenue up 15%, equipment revenue up 22%, services revenue up 8%, adjusted EBITDA up nearly 70% to $1.7B, and adjusted EBITDA margin expanded 170 bps. Free cash flow was $1B, up $1.6B YoY. Margins expanded in all segments (Power +70bps, Electrification +680bps, Wind +190bps). These results are described as ""a significant first-quarter milestone"" and ""performing well...better than where we expec",10773,474
GPT-feat-inject,binary,GILD,DOWN,"<reasoning>
Step 1 — EARNINGS SURPRISE
Gilead reported Q1 non-GAAP diluted EPS of $1.81 and base business sales up 4% YoY, with HIV sales up 6% YoY. Total product sales were down 1% YoY, mainly due to lower Veclury (COVID) sales, which were expected. Gross margin was flat YoY at 85%. There is no explicit mention of a beat or miss versus consensus, but management and analysts did not reference disappointment or negative surprise, and the tone around results was positive, suggesting at least an in",12531,499
GPT-feat-only,binary,GILD,UP,"<reasoning>
Step 1 — EARNINGS SURPRISE  
No explicit data on beats or misses is available from the NLP features. The absence of strong positive or negative sentiment spikes, and the neutral management/analyst tone, suggest results were likely in line with expectations (i.e., met consensus).

Step 2 — GUIDANCE  
There is no mention of raised or lowered guidance in the NLP features. The dominance of hedged language (""may"", ""could"", ""might"") and a moderate uncertainty ratio (0.0104) imply that guid",716,321
GPT-speaker-seg,binary,GILD,UP,"<reasoning>
Step 1 — EARNINGS SURPRISE  
No reported figures (revenue, EPS, margins) are provided in the transcript. Therefore, there is no evidence of a beat, meet, or miss.

Step 2 — GUIDANCE  
No explicit forward guidance is mentioned in the transcript. There is no language indicating raised, maintained, or lowered guidance.

Step 3 — TONE & LANGUAGE  
Overall transcript tone is net positive (+0.0056), with more positive than negative language. However, the modal language is hedged (""may"", ""c",695,216
GPT-contrastive,binary,GILD,UP,"<reasoning>
Step 1 — EARNINGS SURPRISE
Gilead reported Q1 non-GAAP diluted EPS of $1.81 and total product sales of $6.6B, down 1% YoY, with base business (ex-Veklury) up 4% YoY. Gross margin was flat YoY at 85%. There is no explicit mention of a beat or miss versus consensus, but the call and analyst questions do not reference a miss, and management highlights ""strong operating and commercial execution"" and ""impressive operating margin and earnings per share results."" The tone suggests results w",12882,500
GPT-xgb-inject,binary,GILD,UP,"<reasoning>
Step 1 — EARNINGS SURPRISE  
Reported base business sales (excluding Veclury) grew 4% YoY, HIV sales up 6% YoY, Biktarvy up 7% YoY, and non-GAAP EPS was $1.81. Gross margin was flat YoY at 85%, operating margin 43%. Total product sales were down 1% YoY due to lower Veclury (COVID) sales. No explicit mention of a beat or miss, but management repeatedly described results as ""strong"" and ""in line with expectations,"" and analysts congratulated the team, suggesting at least an in-line to ",12566,470
GPT-feat-inject,binary,GOOGL,UP,"<reasoning>
Step 1 — EARNINGS SURPRISE
Alphabet reported Q1 2025 consolidated revenues of $90.2 billion, up 12% (14% in constant currency), with Search, YouTube, subscriptions, and Cloud all showing double-digit growth. Operating income increased 20% to $31 billion, operating margin expanded to 33.9% (+2.3 pts), and EPS rose 49% to $2.81. Net income increased 46% to $34.5 billion. These results are described as ""strong"" and ""record high"" margins, indicating a clear beat on both top and bottom li",10427,461
GPT-feat-only,binary,GOOGL,UP,"<reasoning>
Step 1 — EARNINGS SURPRISE  
No explicit data on revenue, EPS, or margin beats/misses is provided. The absence of negative sentiment or probing analyst tone suggests no major miss, but also no clear evidence of a beat.

Step 2 — GUIDANCE  
No direct mention of forward guidance being raised, maintained, or cut. The confident modal language (""will"", ""shall"") and net positive overall tone imply at least stable, if not slightly optimistic, guidance. However, without explicit language, th",709,258
GPT-speaker-seg,binary,GOOGL,UP,"<reasoning>
Step 1 — EARNINGS SURPRISE
No specific numbers or commentary on beats/misses are provided in the transcript. There is no evidence of a material earnings surprise.

Step 2 — GUIDANCE
No explicit mention of forward guidance being raised, maintained, or lowered. Guidance signal is absent.

Step 3 — TONE & LANGUAGE
Overall transcript tone is net positive (+0.0152), with confident language dominating. Both management and analyst sentiment are neutral, with no sign of probing or concern.

",688,187
GPT-contrastive,binary,GOOGL,UP,"<reasoning>
Step 1 — EARNINGS SURPRISE
Alphabet reported Q1 2025 consolidated revenues of $90.2 billion, up 12% (14% in constant currency), with Search, YouTube, subscriptions, and Cloud all posting double-digit growth. Operating income increased 20% to $31 billion, operating margin expanded to 33.9% (+2.3 pts), and EPS jumped 49% to $2.81. Free cash flow was $19 billion for the quarter. These are strong beats, with record or multi-year high margins for both Google Services and Cloud, and EPS/re",10782,446
GPT-xgb-inject,binary,GOOGL,UP,"<reasoning>
Step 1 — EARNINGS SURPRISE
Alphabet reported Q1 2025 consolidated revenues of $90.2 billion, up 12% (14% in constant currency), with Search, YouTube, subscriptions, and Cloud all showing double-digit growth. Operating income increased 20% to $31 billion, operating margin expanded to 33.9% (+2.3 pts), and EPS rose 49% to $2.81. Net income increased 46% to $34.5 billion. Google Cloud revenue grew 28% to $12.3 billion, with operating margin nearly doubling. These results are described a",10467,495
GPT-feat-inject,binary,GS,UP,"<reasoning>
Step 1 — EARNINGS SURPRISE
Goldman Sachs reported Q1 net revenues of $15.1 billion and EPS of $14.12, with an ROE of 16.9%. The transcript repeatedly refers to ""very strong results,"" ""record"" revenues in several segments (e.g., equities, FICC financing), and ""record common stock repurchases."" There is no explicit mention of consensus estimates or a direct ""beat"" statement, but the language and context suggest results were at least in line, if not above, expectations, especially given",11849,479
GPT-feat-only,binary,GS,UP,"<reasoning>
Step 1 — EARNINGS SURPRISE  
No explicit data on earnings surprise (beat/meet/miss) is available from the NLP features. Therefore, no conclusion can be drawn on this key signal.

Step 2 — GUIDANCE  
No explicit mention of forward guidance being raised, maintained, or lowered. The transcript features do not indicate any guidance language, so this signal is absent.

Step 3 — TONE & LANGUAGE  
Overall transcript tone is net positive (+0.0068), with a higher positive word ratio (0.0166) ",711,244
GPT-speaker-seg,binary,GS,UP,"<reasoning>
Step 1 — EARNINGS SURPRISE
No specific numbers or commentary on EPS, revenue, or margins are provided. There is no evidence of a beat, miss, or meet versus analyst expectations.

Step 2 — GUIDANCE
No explicit mention of forward guidance being raised, maintained, or lowered. Guidance is absent from the transcript.

Step 3 — TONE & LANGUAGE
Overall transcript tone is net positive (+0.0068), with more positive than negative language. Confident modal language (""will"", ""shall"") dominates.",690,198
GPT-contrastive,binary,GS,UP,"<reasoning>
Step 1 — EARNINGS SURPRISE
Goldman Sachs reported Q1 net revenues of $15.1 billion and EPS of $14.12, with an ROE of 16.9%. Management described results as ""very strong"" and highlighted record revenues in several segments (e.g., record equities net revenues of $4.2 billion, record FICC financing revenues of $1 billion, record average prime balances, and record asset & wealth management inflows). There is no explicit mention of consensus estimates, but the language and segment records",12204,449
GPT-xgb-inject,binary,GS,UP,"<reasoning>
Step 1 — EARNINGS SURPRISE  
Goldman Sachs reported Q1 net revenues of $15.1 billion and EPS of $14.12, with an ROE of 16.9%. There is no explicit mention of consensus estimates in the transcript, but management repeatedly describes the results as ""very strong,"" ""record"" in several business lines (e.g., equities, FICC financing, asset & wealth management inflows), and ""remarkably resilient."" Analyst questions do not challenge the headline results, suggesting a beat or at least a soli",11889,464
GPT-feat-inject,binary,HD,DOWN,"<reasoning>
Step 1 — EARNINGS SURPRISE
Q4 adjusted diluted EPS was $3.13 vs $2.86 prior year (+9.4%), and Q4 sales were $39.7B (+14% YoY, though this includes a 53rd week and SRS acquisition). Q4 comps were +0.8% (US +1.3%). Management states ""our fourth quarter results exceeded our expectations."" However, full-year adjusted EPS was $15.24, essentially flat YoY. Gross margin for the quarter was 32.8%, down 25bps YoY, but in line with expectations. Overall, Q4 was a beat, but the full year was fl",10535,414
GPT-feat-only,binary,HD,UP,"<reasoning>
Step 1 — EARNINGS SURPRISE  
No explicit data on beats or misses is available from the NLP features. The absence of negative sentiment or uncertainty spikes suggests no major miss, but also no clear evidence of a beat.

Step 2 — GUIDANCE  
No direct evidence of raised or lowered guidance. The confident modal language (""will"", ""shall"") and lack of hedging language suggest at least maintained, if not slightly positive, guidance.

Step 3 — TONE & LANGUAGE  
Overall transcript tone is ne",710,221
GPT-speaker-seg,binary,HD,UP,"<reasoning>
Step 1 — EARNINGS SURPRISE
No explicit mention of beats or misses on revenue, EPS, or margins in the provided transcript. No specific numbers are quoted, so there is no clear earnings surprise signal.

Step 2 — GUIDANCE
No explicit language regarding forward guidance being raised, maintained, or lowered. The transcript does not provide any guidance commentary.

Step 3 — TONE & LANGUAGE
Overall transcript tone is NET POSITIVE, with a positive word ratio (0.0216) significantly higher t",689,226
GPT-contrastive,binary,HD,DOWN,"<reasoning>
Step 1 — EARNINGS SURPRISE
Q4 results exceeded expectations: ""Our fourth quarter results exceeded our expectations as we saw greater engagement home improvement spend despite ongoing pressure on large remodeling projects."" Q4 adjusted EPS was $3.13 vs. $2.86 prior year (+9.4%), and Q4 comp sales were +0.8% (US +1.3%). However, full-year adjusted EPS was $15.24, essentially flat vs. $15.25 prior year, and full-year comp sales declined 1.8%. Q4 beat, but full-year was flat.

Step 2 — G",10894,400
GPT-xgb-inject,binary,HD,UP,"<reasoning>
Step 1 — EARNINGS SURPRISE  
Q4 results exceeded expectations: ""Our fourth quarter results exceeded our expectations as we saw greater engagement home improvement spend..."" Q4 adjusted diluted EPS was $3.13 vs. $2.86 prior year (+9.4%), and Q4 sales were $39.7B (+14% YoY, though this includes a 53rd week). Q4 US comps +1.3%, total comps +0.8%. However, full-year adjusted EPS was $15.24, essentially flat YoY, and full-year comps were -1.8%. Margins declined YoY (Q4 adj. op margin 11.7",10578,500
GPT-feat-inject,binary,HON,UP,"<reasoning>
Step 1 — EARNINGS SURPRISE
Honeywell exceeded the high end of guidance on all metrics in Q1. Organic sales grew 4%, segment profit grew 8% YoY, and adjusted EPS was $2.51, up 7% YoY. Orders were up 3% YoY, and backlog hit a record $36.1B. Segment margin was flat YoY at 23%. The company highlighted strong performance in aerospace and building automation, with some weakness in industrial automation and advanced materials. Overall, Q1 results were a clear beat.

Step 2 — GUIDANCE
Guidan",13246,465
GPT-feat-only,binary,HON,DOWN,"<reasoning>
Step 1 — EARNINGS SURPRISE  
No explicit data on beats or misses is available from the NLP features. There is no mention of specific numbers or language indicating a clear earnings surprise.

Step 2 — GUIDANCE  
No explicit mention of forward guidance being raised, maintained, or lowered. The absence of strong forward-looking language or guidance-related sentiment in the NLP features suggests guidance was likely neutral or not a focus.

Step 3 — TONE & LANGUAGE  
Overall transcript t",704,249
GPT-speaker-seg,binary,HON,DOWN,"<reasoning>
Step 1 — EARNINGS SURPRISE
No specific numbers or commentary on beats/misses are provided in the transcript. There is no evidence of a material earnings surprise.

Step 2 — GUIDANCE
No explicit mention of raised, maintained, or lowered guidance. Absence of guidance change is a neutral to slightly negative signal, as positive reactions typically require a beat or raised outlook.

Step 3 — TONE & LANGUAGE
Overall transcript tone is net positive (+0.0051), but both management and analys",683,218
GPT-contrastive,binary,HON,UP,"<reasoning>
Step 1 — EARNINGS SURPRISE
Honeywell exceeded the high end of its guidance on all metrics in Q1. Organic sales grew 4%, segment profit grew 8% YoY, and adjusted EPS was $2.51 (up 7% YoY). Orders and backlog hit record levels. Segment margin was flat YoY at 23%. Q1 results were described as ""very strong"" and ""exceeded the high end of our organic sales, segment margin, and adjusted earnings per share guidance."" 

Step 2 — GUIDANCE
Guidance was mixed but net positive: ""maintaining our f",13606,474
GPT-xgb-inject,binary,HON,UP,"<reasoning>
Step 1 — EARNINGS SURPRISE
Honeywell exceeded the high end of guidance on all metrics in Q1. Organic sales grew 4%, segment profit grew 8% YoY, and adjusted EPS was $2.51 (up 7% YoY). Orders and backlog hit record levels. Segment margin was flat YoY at 23%, with some contraction in aerospace and industrial automation, but overall results were above expectations.

Step 2 — GUIDANCE
Guidance was mixed but net positive: ""maintaining our full-year organic growth guidance and raising our ",13295,453
GPT-feat-inject,binary,HWM,UP,"<reasoning>
Step 1 — EARNINGS SURPRISE  
Howmet reported record Q1 results: revenue up 6% YoY, EBITDA margin at 28.8% (up 480-500 bps YoY), EPS of $0.86 (up 51% YoY), and free cash flow of $134M. Management stated, ""EBITDA, EBITDA margin and earnings per share were all records and exceeded the high end of guidance."" This is a clear beat.

Step 2 — GUIDANCE  
Guidance was raised: ""The EBITDA baseline has been increased $120 million to $2.25 billion, plus or minus $25 million. Earnings per share, ",10124,408
GPT-feat-only,binary,HWM,DOWN,"<reasoning>
Step 1 — EARNINGS SURPRISE  
No explicit data on earnings surprise (revenue, EPS, margins) is available from the NLP features. Therefore, there is no clear signal of a beat or miss.

Step 2 — GUIDANCE  
No direct evidence of raised or lowered guidance. The presence of dominant hedged language (""may"", ""could"", ""might"") suggests that management avoided strong commitments and likely did not raise guidance. Guidance is likely maintained or absent.

Step 3 — TONE & LANGUAGE  
Overall tran",714,269
GPT-speaker-seg,binary,HWM,DOWN,"<reasoning>
Step 1 — EARNINGS SURPRISE
No specific numbers or commentary on beats/misses are provided in the transcript. There is no evidence of a positive or negative earnings surprise.

Step 2 — GUIDANCE
No explicit mention of forward guidance being raised, maintained, or lowered. Absence of guidance is a neutral-to-slightly-negative signal, as the market often looks for clarity.

Step 3 — TONE & LANGUAGE
Overall transcript tone is net positive (+0.0069), but the positive/negative word ratios ",693,243
GPT-contrastive,binary,HWM,UP,"<reasoning>
Step 1 — EARNINGS SURPRISE
Reported Q1 results were strong and exceeded expectations: ""EBITDA, EBITDA margin and earnings per share were all records and exceeded the high end of guidance."" EPS was $0.86, up 51% YoY. Revenue was a record, up 6% YoY. EBITDA margin increased 480 bps to 28.8%. Free cash flow was also a record for Q1 at $134 million. All segments grew revenue and EBITDA vs. Q4 2024.

Step 2 — GUIDANCE
Guidance was raised: ""The specific guidance for Q2 is as follows: reven",10475,440
GPT-xgb-inject,binary,HWM,UP,"<reasoning>
Step 1 — EARNINGS SURPRISE  
Reported figures were strong and exceeded expectations: ""EBITDA, EBITDA margin and earnings per share were all records and exceeded the high end of guidance."" EPS was $0.86, up 51% YoY. Revenue was a record, up 6% YoY. EBITDA margin increased 480 bps to 28.8%. Free cash flow was a record $134 million. All segments grew revenue and EBITDA vs Q4 2024. These are clear beats.

Step 2 — GUIDANCE  
Guidance was raised across key metrics:  
- ""The specific guida",10161,500
GPT-feat-inject,binary,INTC,DOWN,"<reasoning>
Step 1 — EARNINGS SURPRISE  
Intel delivered Q1 revenue, gross margins, and EPS above guidance: ""Q1 was a step in the right direction... we delivered revenue, gross margins, and EPS above our guidance."" Specifically, Q1 revenue was $12.7B (high end of guidance), non-GAAP gross margin was 39.2% (about 3 points above guidance), and EPS was $0.13 vs guidance of breakeven. Operating expenses were also lower than expected.

Step 2 — GUIDANCE  
Forward guidance is cautious and slightly neg",12267,467
GPT-feat-only,binary,INTC,UP,"<reasoning>
Step 1 — EARNINGS SURPRISE  
No explicit data on beats or misses is available from the NLP features. Without specific numbers or language indicating a surprise, we cannot infer a clear beat or miss.

Step 2 — GUIDANCE  
There is no mention of raised, maintained, or lowered guidance in the NLP features. Absence of guidance-related language suggests either guidance was maintained or not discussed in a way that moved sentiment strongly.

Step 3 — TONE & LANGUAGE  
Overall transcript ton",708,244
GPT-speaker-seg,binary,INTC,UP,"<reasoning>
Step 1 — EARNINGS SURPRISE
No specific numbers or commentary on beats/misses are provided in the transcript or NLP summary. Therefore, there is no clear signal from earnings surprise.

Step 2 — GUIDANCE
No explicit mention of raised, maintained, or lowered guidance in the provided information. Guidance signal is absent.

Step 3 — TONE & LANGUAGE
Overall transcript tone is NET POSITIVE, with a positive word ratio (0.0166) exceeding the negative (0.0105), and confident modal language d",687,200
GPT-contrastive,binary,INTC,DOWN,"<reasoning>
Step 1 — EARNINGS SURPRISE  
Reported Q1 revenue was $12.7B, ""coming in at the high end of our guidance range,"" and non-GAAP gross margin was 39.2%, ""approximately three percentage points above our guidance."" EPS was $0.13 vs guidance of breakeven. Operating expenses were down $400M sequentially and $700M YoY. These are clear beats on revenue, margin, and EPS.

Step 2 — GUIDANCE  
Forward guidance is cautious: ""forecasting a wider than normal Q2 revenue range of $11.2 to $12.4 billio",12622,434
GPT-xgb-inject,binary,INTC,DOWN,"<reasoning>
Step 1 — EARNINGS SURPRISE  
Intel delivered Q1 revenue, gross margins, and EPS above guidance: ""we delivered revenue, gross margins, and EPS above our guidance."" Q1 revenue was $12.7B (high end of guidance), non-GAAP gross margin was 39.2% (about 3 points above guidance), and EPS was $0.13 vs guidance of breakeven. Operating expenses were also down sequentially and YoY. This is a clear beat on the quarter.

Step 2 — GUIDANCE  
Guidance is cautious and below seasonal norms: ""we're fo",12309,460
GPT-feat-inject,binary,ISRG,UP,"<reasoning>
Step 1 — EARNINGS SURPRISE
Intuitive Surgical reported Q1 revenue of $2.25 billion, a 19% increase over last year, and pro forma net income of $662 million ($1.81 per share) vs. $541 million ($1.50 per share) last year. GAAP net income was $698 million ($1.92 per share) vs. $545 million ($1.51 per share) last year. Procedure growth was strong at 17% (18.5% day-adjusted), and system placements were up 17%. These results indicate a clear beat on both top and bottom lines.

Step 2 — GUI",10559,403
GPT-feat-only,binary,ISRG,DOWN,"<reasoning>
Step 1 — EARNINGS SURPRISE  
No specific numbers are provided. The overall transcript tone is neutral, with no evidence of strong positive or negative surprise. This suggests results likely met expectations.

Step 2 — GUIDANCE  
There is no indication of raised or lowered guidance. The absence of strong positive or negative language, and the use of mixed confidence modal language, suggests guidance was likely maintained or not materially changed.

Step 3 — TONE & LANGUAGE  
Managemen",707,225
GPT-speaker-seg,binary,ISRG,DOWN,"<reasoning>
Step 1 — EARNINGS SURPRISE
No specific numbers or commentary on beats/misses are provided in the transcript. There is no evidence of a material earnings surprise.

Step 2 — GUIDANCE
No explicit mention of forward guidance being raised, maintained, or lowered. Absence of guidance is a neutral to slightly negative signal, as the market often looks for clarity.

Step 3 — TONE & LANGUAGE
Overall transcript tone is NEUTRAL, with positive and negative language roughly balanced. Management ",686,194
GPT-contrastive,binary,ISRG,UP,"<reasoning>
Step 1 — EARNINGS SURPRISE
Intuitive Surgical reported strong Q1 results: revenue of $2.25 billion (+19% YoY), pro forma net income of $662 million ($1.81/share) vs. $541 million ($1.50/share) last year, and GAAP net income of $698 million ($1.92/share) vs. $545 million ($1.51/share) last year. Procedure growth was 17% (18.5% day-adjusted), and system placements were up 17%. Gross margin declined slightly YoY (66.4% vs. 67.6%) due to higher costs and mix, but Q1 results did not refle",10918,472
GPT-xgb-inject,binary,ISRG,UP,"<reasoning>
Step 1 — EARNINGS SURPRISE  
Reported figures were strong: Q1 revenue was $2.25 billion (+19% YoY), system revenue grew 25% YoY, recurring revenue grew 19%, and pro forma net income was $662 million ($1.81/share) vs. $541 million ($1.50/share) last year. GAAP net income was $698 million ($1.92/share) vs. $545 million ($1.51/share) last year. Gross margin declined slightly YoY (66.4% vs. 67.6%) due to higher facilities costs and mix, but Q1 results did not reflect significant tariff i",10602,445
GPT-feat-inject,binary,JNJ,UP,"<reasoning>
Step 1 — EARNINGS SURPRISE
Reported Q1 2025 sales were $21.9B (+4.2% operational growth), adjusted EPS was $2.77 (+2.2% YoY), and adjusted net earnings were $6.7B (+1.9% YoY). Management highlighted that growth was achieved despite a significant headwind from STELARA biosimilar competition (negative 810bps impact). There is no explicit mention of a beat or miss versus consensus, but the transcript and analyst comments (e.g., ""congrats on a nice quarter"") suggest results were at least",12640,457
GPT-feat-only,binary,JNJ,UP,"<reasoning>
Step 1 — EARNINGS SURPRISE  
No explicit data on beats or misses is available from the NLP features. There is no mention of specific numbers or language indicating a clear surprise in either direction.

Step 2 — GUIDANCE  
No explicit mention of raised, maintained, or lowered guidance. The transcript features do not indicate any strong forward-looking statements or changes in outlook.

Step 3 — TONE & LANGUAGE  
Overall transcript tone is net positive (+0.0107), with more positive th",704,278
GPT-speaker-seg,binary,JNJ,DOWN,"<reasoning>
Step 1 — EARNINGS SURPRISE
No specific numbers or commentary on beats/misses are provided in the transcript or NLP summary. There is no evidence of a material earnings surprise.

Step 2 — GUIDANCE
No explicit mention of forward guidance being raised, maintained, or lowered. Guidance signal is absent.

Step 3 — TONE & LANGUAGE
Overall transcript tone is net positive (+0.0107), with more positive than negative language. However, modal language is described as ""mixed confidence,"" and bo",683,206
GPT-contrastive,binary,JNJ,UP,"<reasoning>
Step 1 — EARNINGS SURPRISE
Reported Q1 2025 sales were $21.9B (+4.2% operational growth), adjusted EPS was $2.77 (+2.2% YoY), and adjusted net earnings were $6.7B (+1.9% YoY). These results were in line with or slightly above expectations, especially given the significant headwind from STELARA biosimilar competition (negative 810bps impact). Management and analysts both described the quarter as ""solid"" and ""nice,"" with no indication of a miss.

Step 2 — GUIDANCE
Guidance was raised: ",13000,448
GPT-xgb-inject,binary,JNJ,UP,"<reasoning>
Step 1 — EARNINGS SURPRISE
Reported Q1 2025 sales were $21.9B (+4.2% operational growth), adjusted EPS was $2.77 (+2.2% YoY), and adjusted net earnings were $6.7B (+1.9% YoY). These results were in line with or slightly above expectations, especially given the significant headwind from STELARA biosimilar competition (negative 810bps impact). Management and analysts both referenced a ""nice quarter"" and ""solid start,"" suggesting at least a meet, if not a modest beat, versus consensus.
",12593,466
GPT-feat-inject,binary,JPM,DOWN,"<reasoning>
Step 1 — EARNINGS SURPRISE  
JPM reported net income of $14.6 billion, EPS of $5.07, and revenue of $46 billion (up 8% YoY). Markets revenue was up 21% YoY, and Asset & Wealth Management revenue up 12%. However, there is no explicit mention of beating or missing analyst consensus. The transcript and Q&A do not highlight a clear beat, and the CFO notes that ""good credit, good trading, good EPS"" is not the focus for investors right now, suggesting results were solid but not a clear pos",13186,449
GPT-feat-only,binary,JPM,DOWN,"<reasoning>
Step 1 — EARNINGS SURPRISE  
No specific numbers are provided. There is no evidence of a beat or miss in the NLP features, but the overall transcript tone is net negative, which may suggest a miss or at least disappointment relative to expectations.

Step 2 — GUIDANCE  
No explicit guidance language is available. The absence of positive guidance language, combined with a net negative overall tone, suggests that guidance was likely maintained or possibly cautious, but not raised.

Ste",706,253
GPT-speaker-seg,binary,JPM,DOWN,"<reasoning>
Step 1 — EARNINGS SURPRISE
No specific figures or beats/misses are provided in the transcript. Without explicit mention of a beat or miss, we cannot infer a positive surprise.

Step 2 — GUIDANCE
No explicit guidance (raised, maintained, or lowered) is mentioned in the transcript. Absence of positive guidance is a neutral to slightly negative signal, especially if the tone is negative.

Step 3 — TONE & LANGUAGE
Overall transcript tone is NET NEGATIVE, with a higher negative word ratio",685,239
GPT-contrastive,binary,JPM,DOWN,"<reasoning>
Step 1 — EARNINGS SURPRISE
JPM reported Q1 net income of $14.6B, EPS of $5.07, and revenue of $46B (up 8% YoY). Markets revenue was up 21%, CIB revenue up 12%, and Asset & Wealth Management revenue up 12%. However, there is no explicit mention of beating or missing analyst consensus. The transcript and Q&A suggest results were ""strong"" and ""pleased with another quarter of strong operating performance,"" but the lack of explicit beat language and the focus on macro uncertainty suggest ",13546,476
GPT-xgb-inject,binary,JPM,UP,"<reasoning>
Step 1 — EARNINGS SURPRISE  
JPM reported net income of $14.6B, EPS of $5.07, and revenue of $46B (up 8% YoY). Markets revenue was up 21% YoY, CIB revenue up 12%, and Asset & Wealth Management revenue up 12%. There is no explicit mention of consensus beats or misses, but the strong YoY growth and positive commentary (""another quarter of strong operating performance"") suggest a likely beat or at least a solid meet, especially given the positive trading and fee income.

Step 2 — GUIDAN",13228,434
GPT-feat-inject,binary,KLAC,UP,"<reasoning>
Step 1 — EARNINGS SURPRISE  
KLA reported revenue of $3.06 billion (above the guidance midpoint of $3 billion) and non-GAAP diluted EPS of $8.41 (upper end of guidance). Gross margin was 63%, about 50 bps higher than guidance midpoint. Operating expenses were $10 million below guidance midpoint. Overall, results were above expectations.

Step 2 — GUIDANCE  
Guidance was maintained: ""our outlook remains the same as in late January. We forecast WFE to grow by a mid-single-digit percent",12351,401
GPT-feat-only,binary,KLAC,DOWN,"<reasoning>
Step 1 — EARNINGS SURPRISE  
No explicit data on EPS or revenue beats/misses is available. The NLP features do not indicate any strong positive or negative surprise language, and management/analyst sentiment is neutral. This suggests results likely met expectations.

Step 2 — GUIDANCE  
No direct evidence of raised or lowered guidance. The absence of strong forward-looking language or guidance-related sentiment implies guidance was likely maintained or not materially changed.

Step 3",704,277
GPT-speaker-seg,binary,KLAC,DOWN,"<reasoning>
Step 1 — EARNINGS SURPRISE
No specific numbers or commentary on beats/misses are provided in the transcript or NLP summary. There is no evidence of a positive or negative earnings surprise.

Step 2 — GUIDANCE
No explicit mention of forward guidance being raised, maintained, or lowered. Absence of guidance is a neutral to slightly negative signal, as the market often looks for clarity.

Step 3 — TONE & LANGUAGE
Overall transcript tone is net positive (+0.0082), with more positive than",683,234
GPT-contrastive,binary,KLAC,UP,"<reasoning>
Step 1 — EARNINGS SURPRISE
KLA reported revenue of $3.06 billion (above the guidance midpoint of $3 billion) and non-GAAP diluted EPS of $8.41 (at the upper end of guidance). Gross margin was 63%, about 50 bps higher than guidance midpoint. Operating expenses were $10 million below guidance midpoint. Overall, results were above expectations.

Step 2 — GUIDANCE
Guidance was maintained: ""our outlook remains the same as in late January. We forecast WFE to grow by a mid-single-digit perc",12711,389
GPT-xgb-inject,binary,KLAC,UP,"<reasoning>
Step 1 — EARNINGS SURPRISE  
KLA reported revenue of $3.06 billion (above the guidance midpoint of $3 billion), non-GAAP diluted EPS of $8.41 and GAAP diluted EPS of $8.16, both at the upper end of guidance. Gross margin was 63%, about 50 bps above guidance midpoint. Operating expenses were $10 million below guidance midpoint. Overall, results were a clear beat on revenue, EPS, and margin.

Step 2 — GUIDANCE  
Guidance was maintained: ""For WFE in 2025, our outlook remains the same as",12397,456
GPT-feat-inject,binary,KO,UP,"<reasoning>
Step 1 — EARNINGS SURPRISE
KO reported Q1 organic revenue growth of 6% (at the high end of their long-term algorithm), unit case growth of 2%, and comparable EPS of $0.73, up 1% year-over-year despite 5% currency headwinds. Comparable gross margin increased ~30bps and operating margin increased ~130bps. These results indicate a beat or at least a solid meet, with margin expansion and strong organic growth.

Step 2 — GUIDANCE
Guidance was maintained: ""we believe we can achieve our 202",12264,382
GPT-feat-only,binary,KO,DOWN,"<reasoning>
Step 1 — EARNINGS SURPRISE  
No explicit data on EPS or revenue beats/misses is provided. The absence of strong positive or negative sentiment from management or analysts suggests results were likely in line with expectations.

Step 2 — GUIDANCE  
No mention of raised, lowered, or maintained guidance. The transcript features mixed confidence language and no clear forward-looking statements, implying guidance was likely maintained or not materially changed.

Step 3 — TONE & LANGUAGE  ",704,239
GPT-speaker-seg,binary,KO,DOWN,"<reasoning>
Step 1 — EARNINGS SURPRISE
No specific numbers or commentary on EPS, revenue, or margin beats/misses are provided in the transcript. Therefore, there is no clear signal of an earnings surprise.

Step 2 — GUIDANCE
No explicit mention of forward guidance being raised, maintained, or lowered. Guidance signal is absent.

Step 3 — TONE & LANGUAGE
Overall transcript tone is net positive (+0.0079), with more positive than negative language. However, both management and analyst tones are neu",683,207
GPT-contrastive,binary,KO,DOWN,"<reasoning>
Step 1 — EARNINGS SURPRISE
KO reported Q1 organic revenue growth of 6% (at the high end of their long-term algorithm), unit case growth of 2%, and comparable EPS of $0.73, up 1% year-over-year despite 5% currency headwinds. Comparable gross margin increased ~30bps and operating margin increased ~130bps. These results indicate a beat or at least a solid meet, especially on margins, though the EPS growth is modest.

Step 2 — GUIDANCE
Guidance was maintained: ""we believe we can achieve ",12624,434
GPT-xgb-inject,binary,KO,UP,"<reasoning>
Step 1 — EARNINGS SURPRISE
KO reported Q1 organic revenue growth of 6% (at the high end of their long-term algorithm), unit case growth of 2%, and comparable EPS of $0.73, up 1% year-over-year despite 5% currency headwinds. Comparable gross margin increased by 30bps and operating margin by 130bps. These results were described as ""another strong quarter"" by analysts, indicating a likely beat or at least a solid meet on expectations, especially given margin expansion.

Step 2 — GUIDANC",12217,437
GPT-feat-inject,binary,LIN,DOWN,"<reasoning>
Step 1 — EARNINGS SURPRISE
EPS of $3.95 was up 5% over prior year (8% ex-FX), at the top end of the guidance range. Operating profit rose 4% with margin expansion of 120bps to 30.1%. Sales were flat YoY and down 2% sequentially, with underlying sales up 1% (pricing offset by lower volumes). Margins and EPS beat, but revenue was flat and volumes declined.

Step 2 — GUIDANCE
Guidance was maintained at the midpoint but narrowed: ""updated range of $16.20 to $16.50"" for full-year EPS, wit",12901,396
GPT-feat-only,binary,LIN,DOWN,"<reasoning>
Step 1 — EARNINGS SURPRISE  
No explicit data on earnings surprise is available from the NLP features. There is no evidence of strong positive or negative surprise in the transcript tone, which is neutral.

Step 2 — GUIDANCE  
No mention of raised or lowered guidance. The transcript features do not indicate any shift in outlook; modal language is confident but not exuberant, suggesting guidance was likely maintained or unchanged.

Step 3 — TONE & LANGUAGE  
Overall transcript tone is",709,238
GPT-speaker-seg,binary,LIN,DOWN,"<reasoning>
Step 1 — EARNINGS SURPRISE
No specific numbers or commentary on beats/misses are provided in the transcript or NLP summary. There is no evidence of a material earnings surprise.

Step 2 — GUIDANCE
No explicit mention of forward guidance being raised, maintained, or lowered. Absence of guidance commentary is notable.

Step 3 — TONE & LANGUAGE
Overall transcript tone is NEUTRAL, with positive and negative language roughly balanced. Management language is confident, but not overly posit",688,198
GPT-contrastive,binary,LIN,DOWN,"<reasoning>
Step 1 — EARNINGS SURPRISE
Linde reported Q1 EPS of $3.95, up 5% year-over-year (8% ex-FX), at the top end of the guidance range. Operating profit was $2.4B (+4% YoY), with operating margin expanding 120bps to 30.1%. Sales were $8.1B, flat YoY, with underlying sales up 1% (higher pricing offset by lower volumes). Margins and EPS beat, but revenue was flat and volumes declined 1%. Overall, a modest beat on profit metrics, but not a strong top-line beat.

Step 2 — GUIDANCE
Guidance was",13253,461
GPT-xgb-inject,binary,LIN,UP,"<reasoning>
Step 1 — EARNINGS SURPRISE  
EPS of $3.95 was up 5% year-over-year (8% ex-FX), at the top end of the guidance range. Operating profit rose 4% with a 120 bps margin expansion to 30.1%. Operating cash flow up 11%. Revenue was flat YoY and down 2% sequentially, with underlying sales up 1% (pricing offset by lower volumes). Margins and EPS beat, but sales were soft. Overall: modest beat on profit/margins, in-line to soft on revenue.

Step 2 — GUIDANCE  
Guidance was maintained at the mid",12941,458
GPT-feat-inject,binary,LLY,UP,"<reasoning>
Step 1 — EARNINGS SURPRISE
LLY reported very strong Q1 results: revenue grew 45% YoY, key products grew by more than $4 billion, and gross margin increased to 83.5% (up 1 percentage point). Non-GAAP EPS was $3.34, up from $2.58, despite a $1.72 negative impact from acquired IPR&D charges. These results are well above typical expectations for large pharma, though no explicit ""beat"" vs consensus is stated, the magnitude of growth and positive product momentum strongly imply a beat.

St",12869,432
GPT-feat-only,binary,LLY,DOWN,"<reasoning>
Step 1 — EARNINGS SURPRISE  
No explicit data on beats or misses is available. The overall transcript tone is neutral, with no positive or negative skew, suggesting results likely met expectations rather than a significant beat or miss.

Step 2 — GUIDANCE  
No evidence of raised or lowered guidance is present. The neutral tone and absence of strong positive or negative language imply guidance was likely maintained or not materially changed.

Step 3 — TONE & LANGUAGE  
Management sent",707,216
GPT-speaker-seg,binary,LLY,DOWN,"<reasoning>
Step 1 — EARNINGS SURPRISE  
No specific numbers or commentary on beats/misses are provided in the transcript. No evidence of a material earnings surprise.

Step 2 — GUIDANCE  
No explicit mention of raised, maintained, or lowered guidance. Guidance signal is absent.

Step 3 — TONE & LANGUAGE  
Overall transcript tone is NEUTRAL, with positive and negative language balanced. Management and analyst sentiment are both neutral, with no strong confidence or caution. Modal language is mix",686,184
GPT-contrastive,binary,LLY,UP,"<reasoning>
Step 1 — EARNINGS SURPRISE
LLY reported Q1 revenue growth of 45% YoY, with key products growing by more than $4 billion and now accounting for $7.5 billion of revenue. Gross margin rose to 83.5% (up 1 percentage point YoY), and non-GAAP EPS was $3.34 (up from $2.58 YoY), despite a $1.72 negative impact from acquired IPR&D charges. Non-GAAP performance margin increased by over 11 percentage points to 42.6%. These results indicate a clear beat on both revenue and EPS.

Step 2 — GUIDANC",13228,423
GPT-xgb-inject,binary,LLY,UP,"<reasoning>
Step 1 — EARNINGS SURPRISE  
LLY reported very strong Q1 results: revenue grew 45% YoY, key products grew by over $4B, and EPS was $3.34 (inclusive of $1.72 negative impact from acquired IPR&D charges), up from $2.58 in Q1 2021. Gross margin rose to 83.5% (up 1pp YoY), and non-GAAP performance margin increased by over 11pp to 42.6%. These are clear beats on top-line and margin, though the transcript does not specify consensus numbers for EPS/revenue. However, the magnitude of growth ",12912,500
GPT-feat-inject,binary,LMT,UP,"<reasoning>
Step 1 — EARNINGS SURPRISE
Lockheed Martin reported Q1 sales growth of 4% year-over-year, segment operating margins of 11.6% (with all four business areas generating double-digit returns), and GAAP EPS of $7.28, up 14%. These results were described as ""strong all-around performance"" and ""better-than-expected performance on contract completions."" There is no explicit mention of consensus estimates, but the language and context suggest a beat or at least a solid meet, with positive sur",11042,396
GPT-feat-only,binary,LMT,DOWN,"<reasoning>
Step 1 — EARNINGS SURPRISE  
No explicit data on beats or misses is provided. The absence of strong positive or negative sentiment from management or analysts suggests results were likely in line with expectations.

Step 2 — GUIDANCE  
No mention of raised or lowered guidance. The transcript features mixed confidence language and no clear forward-looking statements, implying guidance was likely maintained or not materially changed.

Step 3 — TONE & LANGUAGE  
Overall transcript tone ",705,250
GPT-speaker-seg,binary,LMT,DOWN,"<reasoning>
Step 1 — EARNINGS SURPRISE
No specific figures or commentary on revenue, EPS, or margins are provided. There is no evidence of a beat or miss.

Step 2 — GUIDANCE
No explicit mention of forward guidance being raised, maintained, or lowered. Guidance signal is absent.

Step 3 — TONE & LANGUAGE
Overall transcript tone is net positive (+0.0077), with more positive than negative language. However, modal language is mixed confidence, and both management and analyst sentiment are neutral, i",684,198
GPT-contrastive,binary,LMT,UP,"<reasoning>
Step 1 — EARNINGS SURPRISE
Lockheed Martin reported Q1 sales growth of 4%, segment operating margins of 11.6% (with all four business areas generating double-digit returns), and GAAP EPS of $7.28, up 14% year-over-year. These results were described as ""strong all-around performance"" and ""better-than-expected performance on contract completions."" No explicit mention of consensus estimates, but the language and context suggest a beat.

Step 2 — GUIDANCE
Guidance was maintained: ""we rea",11402,425
GPT-xgb-inject,binary,LMT,UP,"<reasoning>
Step 1 — EARNINGS SURPRISE
Lockheed Martin reported Q1 sales growth of 4% year-over-year, segment operating margins of 11.6% (with all four business areas generating double-digit returns), and GAAP EPS of $7.28, up 14%. Free cash flow was $955 million. There is no explicit mention of consensus expectations, but the language ""strong all-around performance,"" ""better-than-expected performance on contract completions,"" and ""solid start"" suggests at least an in-line, if not a modest beat.",11087,500
GPT-feat-inject,binary,LOW,UP,"<reasoning>
Step 1 — EARNINGS SURPRISE
Lowe's delivered Q4 sales of $18.6 billion and adjusted EPS of $1.93, with positive comparable sales of 0.2%. Management and the CFO both stated results ""exceeded our expectations"" and ""beats top and bottom line, positive comps, and EPS growth here for the first time in a couple of years."" Gross margin was up 46 bps YoY, and operating margin improved 36 bps. The quarter benefited from hurricane-related demand (+100 bps to comp sales), but overall, the quart",12230,475
GPT-feat-only,binary,LOW,UP,"<reasoning>
Step 1 — EARNINGS SURPRISE  
There is no explicit mention of earnings surprise (beat, meet, or miss) or any specific numbers in the provided NLP features. Without a clear signal, we cannot infer a strong positive or negative surprise.

Step 2 — GUIDANCE  
No information is provided regarding forward guidance (raised, maintained, or lowered). The absence of guidance commentary is a neutral to slightly negative signal, as markets often look for explicit positive outlooks.

Step 3 — TON",706,294
GPT-speaker-seg,binary,LOW,UP,"<reasoning>
Step 1 — EARNINGS SURPRISE
No specific figures are provided regarding revenue, EPS, or margin beats/misses. Without explicit data, we cannot confirm a beat or miss.

Step 2 — GUIDANCE
No explicit guidance language is quoted. The transcript does not mention whether forward guidance was raised, maintained, or lowered.

Step 3 — TONE & LANGUAGE
Overall transcript tone is NET POSITIVE, with a positive word ratio (0.0261) significantly higher than the negative word ratio (0.0083), and a n",685,231
GPT-contrastive,binary,LOW,DOWN,"<reasoning>
Step 1 — EARNINGS SURPRISE
Lowe's delivered Q4 sales of $18.6 billion and adjusted EPS of $1.93, with positive comparable sales of 0.2%. Management stated, ""results exceeded our expectations,"" and ""beats top and bottom line, positive comps, and EPS growth here for the first time in a couple of years."" Gross margin was up 46 bps YoY, and operating margin improved 36 bps. The quarter benefited from hurricane-related demand (+100 bps to comps), but overall, results were better than expe",12594,474
GPT-xgb-inject,binary,LOW,UP,"<reasoning>
Step 1 — EARNINGS SURPRISE
Lowe's delivered Q4 sales of $18.6B and adjusted EPS of $1.93, with positive comparable sales of 0.2%. Management and the CFO both stated results ""exceeded our expectations"" and ""beats top and bottom line, positive comps, and EPS growth here for the first time in a couple of years."" Gross margin was up 46 bps YoY, and operating margin improved 36 bps. The company also highlighted strong pro and online growth, and hurricane-related demand added ~100 bps to c",12276,491
GPT-feat-inject,binary,LRCX,UP,"<reasoning>
Step 1 — EARNINGS SURPRISE
Lam Research reported a strong quarter: ""revenues, gross margin, operating margin, and EPS all exceeding the midpoint of our guidance."" Revenue for the March quarter was $4.72 billion, up 8% sequentially. Gross margin was 49% (high end of guidance, up from 47.5% prior quarter), and operating margin was 32.8% (up from 30.7%). EPS was $1.04. All key metrics beat the midpoint of guidance, and gross/operating margins reached record levels.

Step 2 — GUIDANCE
Fo",12453,468
GPT-feat-only,binary,LRCX,DOWN,"<reasoning>
Step 1 — EARNINGS SURPRISE  
No explicit mention of beats or misses in the NLP features. Absence of strong positive or negative sentiment from management or analysts suggests results were likely in line with expectations.

Step 2 — GUIDANCE  
No evidence of raised or lowered guidance; hedged modal language (""may"", ""could"", ""might"") dominates, indicating management avoided strong commitments. This suggests guidance was likely maintained or absent, with no clear positive catalyst.

Ste",714,251
GPT-speaker-seg,binary,LRCX,UP,"<reasoning>
Step 1 — EARNINGS SURPRISE  
No specific figures for revenue, EPS, or margins are provided. There is no mention of a beat, meet, or miss versus analyst expectations.

Step 2 — GUIDANCE  
No explicit guidance language is quoted. There is no indication that forward guidance was raised, maintained, or lowered.

Step 3 — TONE & LANGUAGE  
Overall transcript tone is NET POSITIVE, with a positive word ratio (0.0148) higher than negative (0.0080), but the difference is modest (+0.0068). Unc",693,223
GPT-contrastive,binary,LRCX,UP,"<reasoning>
Step 1 — EARNINGS SURPRISE
Lam Research reported March quarter revenue of $4.72 billion (up 8% QoQ), gross margin of 49% (up from 47.5% prior quarter), and operating margin of 32.8% (up from 30.7%). All exceeded the midpoint of guidance. EPS was $1.04, and management highlighted record gross margin and foundry revenues. These results clearly beat expectations.

Step 2 — GUIDANCE
Forward guidance for the June quarter is strong: revenue of $5 billion (+/- $300M), gross margin of 49.5% ",12804,408
GPT-xgb-inject,binary,LRCX,UP,"<reasoning>
Step 1 — EARNINGS SURPRISE
Lam Research reported a strong quarter: ""revenues, gross margin, operating margin, and EPS all exceeding the midpoint of our guidance."" Revenue for the March quarter was $4.72 billion, up 8% sequentially. Gross margin was 49% (record high since Novelis merger), up from 47.5% prior quarter. Operating margin was 32.8%, up from 30.7%. EPS was $1.04. All key metrics beat guidance midpoints.

Step 2 — GUIDANCE
Forward guidance is positive: ""As our guidance indic",12490,451
GPT-feat-inject,binary,MA,UP,"<reasoning>
Step 1 — EARNINGS SURPRISE
Mastercard delivered a strong Q1: net revenues up 17%, adjusted net income up 13%, EPS up 16% to $3.73 (includes $0.08 from share repurchases). Management explicitly called it a ""fantastic first quarter"" and referenced a ""beat"" in Q1, driven by higher FX volatility and lower rebates/incentives than expected. No explicit mention of consensus numbers, but the language and context indicate a clear beat.

Step 2 — GUIDANCE
Guidance was maintained, not raised: """,12579,373
GPT-feat-only,binary,MA,UP,"<reasoning>
Step 1 — EARNINGS SURPRISE  
No explicit data on beats or misses is available from the NLP features. There is no mention of specific numbers or language indicating a surprise in either direction.

Step 2 — GUIDANCE  
No direct evidence of raised, lowered, or maintained guidance is present in the NLP features. The absence of hedging or uncertainty language, combined with confident modal verbs (""will"", ""shall""), suggests at least stable, if not positive, guidance.

Step 3 — TONE & LANG",708,250
GPT-speaker-seg,binary,MA,UP,"<reasoning>
Step 1 — EARNINGS SURPRISE
No explicit mention of reported figures or whether Mastercard beat, met, or missed analyst expectations. No numbers are quoted.

Step 2 — GUIDANCE
No explicit mention of forward guidance being raised, maintained, or lowered. Guidance language is absent.

Step 3 — TONE & LANGUAGE
Overall transcript tone is net positive (+0.0067), with more positive than negative language. Confident modal language (""will"", ""shall"") dominates. Both management and analyst tone ",687,198
GPT-contrastive,binary,MA,UP,"<reasoning>
Step 1 — EARNINGS SURPRISE
Mastercard delivered a strong Q1: ""Net revenues were up 17% and adjusted net income up 13% versus a year ago."" EPS was $3.73, up 16%, and included an $0.08 contribution from share repurchases. Operating income was up 19%. The company specifically notes a ""beat in Q1"" driven by higher FX volatility and lower rebates/incentives than expected. No explicit mention of consensus numbers, but the language and context indicate a clear beat.

Step 2 — GUIDANCE
Guida",12934,392
GPT-xgb-inject,binary,MA,UP,"<reasoning>
Step 1 — EARNINGS SURPRISE
Mastercard delivered a strong Q1: ""Net revenues were up 17% and adjusted net income up 13% versus a year ago."" EPS was $3.73, up 16%. Management explicitly called out a ""beat in Q1"" driven by higher FX volatility and lower rebates/incentives than expected. No explicit mention of consensus, but the language and analyst questions confirm results were ahead of expectations.

Step 2 — GUIDANCE
Guidance was maintained, not raised: ""we are not revising the outloo",12527,360
GPT-feat-inject,binary,MAR,DOWN,"<reasoning>
Step 1 — EARNINGS SURPRISE
Marriott reported ""strong first quarter results,"" with global RevPAR up 4.1%, above the top end of their 3%-4% guidance range. Adjusted EBITDA increased 7% to $1.22 billion, and total gross fee revenues rose 5%. However, there was softness in the U.S. and Canada in March, especially in select service, and incentive management fees fell 2%. Overall, Q1 results were slightly better than expected globally, but with some regional weakness.

Step 2 — GUIDANCE
Gu",11131,390
GPT-feat-only,binary,MAR,DOWN,"<reasoning>
Step 1 — EARNINGS SURPRISE  
No explicit data on earnings surprise is available from the NLP features. There are no quoted figures or references to beats/misses, so this signal is indeterminate.

Step 2 — GUIDANCE  
No explicit mention of forward guidance being raised, maintained, or lowered. The absence of strong positive or negative guidance language, combined with dominant hedged/modal language, suggests guidance was likely cautious or non-committal.

Step 3 — TONE & LANGUAGE  
Ov",714,284
GPT-speaker-seg,binary,MAR,DOWN,"<reasoning>
Step 1 — EARNINGS SURPRISE
No specific numbers or commentary on beats/misses are provided in the transcript. There is no evidence of a clear earnings surprise.

Step 2 — GUIDANCE
No explicit mention of forward guidance being raised, maintained, or lowered. Absence of guidance is a neutral-to-slightly-negative signal, as the market often looks for clarity.

Step 3 — TONE & LANGUAGE
Overall transcript tone is net positive (+0.0065), but the positive/negative word ratios are both low. U",693,223
GPT-contrastive,binary,MAR,DOWN,"<reasoning>
Step 1 — EARNINGS SURPRISE
Marriott reported ""strong first quarter results,"" with global RevPAR up 4.1%, just above the top end of their 3%-4% guidance range. Adjusted EBITDA increased 7% to $1.22 billion, and total gross fee revenues rose 5% year-over-year. However, there is no explicit mention of beating analyst consensus on EPS or revenue, and the transcript does not cite a clear ""beat"" or ""miss"" versus Street expectations.

Step 2 — GUIDANCE
Guidance was lowered: ""we are lowering",11486,404
GPT-xgb-inject,binary,MAR,DOWN,"<reasoning>
Step 1 — EARNINGS SURPRISE  
Marriott reported ""strong first quarter results,"" with global RevPAR up 4.1%, above the top end of their 3%-4% guidance range. Adjusted EBITDA increased 7% year-over-year, and total gross fee revenues rose 5%. However, there was some softness in the U.S. and Canada in March, particularly in select service, and incentive management fees fell 2%. Overall, Q1 results were solid and slightly ahead of expectations, but with some regional weakness.

Step 2 — GU",11164,466
GPT-feat-inject,binary,MCD,DOWN,"<reasoning>
Step 1 — EARNINGS SURPRISE
Reported Q1 adjusted EPS was $2.67 (up 1% YoY in constant currency), with a $0.04 FX headwind. Global comp sales declined 1% (flat ex-Leap Day), and U.S. comp sales declined 3.6%. Margins were pressured but adjusted operating margin was about 45.5%. No explicit mention of beating or missing consensus, but the comp sales decline in the U.S. and globally suggests a miss versus typical expectations for positive comps.

Step 2 — GUIDANCE
Guidance was maintained",12376,323
GPT-feat-only,binary,MCD,DOWN,"<reasoning>
Step 1 — EARNINGS SURPRISE  
No explicit data on earnings surprise (beat/meet/miss) is provided in the NLP features. Therefore, we cannot infer a clear positive or negative surprise from the transcript analysis.

Step 2 — GUIDANCE  
There is no mention of forward guidance being raised, maintained, or lowered. The absence of guidance commentary is a neutral to slightly negative signal, as markets often look for clarity on outlook.

Step 3 — TONE & LANGUAGE  
Overall transcript tone is",713,262
GPT-speaker-seg,binary,MCD,DOWN,"<reasoning>
Step 1 — EARNINGS SURPRISE
No specific numbers or commentary on revenue, EPS, or margins are provided. There is no evidence of a beat or miss.

Step 2 — GUIDANCE
No explicit mention of forward guidance being raised, maintained, or lowered. Guidance signal is absent.

Step 3 — TONE & LANGUAGE
Overall transcript tone is net positive (+0.0146), with more positive than negative language. However, modal language is dominated by hedging (""may"", ""could"", ""might""), indicating caution. Both m",692,209
GPT-contrastive,binary,MCD,DOWN,"<reasoning>
Step 1 — EARNINGS SURPRISE
Reported Q1 global comp sales declined 1% (flat excluding Leap Day), U.S. comp sales declined 3.6%. Adjusted EPS was $2.67, up 1% in constant currency. Margins were pressured but adjusted operating margin was 45.5%. No explicit mention of beating or missing consensus, but the tone and context suggest results were at or slightly below expectations, especially given the negative U.S. comps.

Step 2 — GUIDANCE
Guidance was maintained: ""we are reaffirming our f",12731,345
GPT-xgb-inject,binary,MCD,DOWN,"<reasoning>
Step 1 — EARNINGS SURPRISE  
Reported Q1 global comp sales declined by 1% (flat ex-Leap Day), with U.S. comp sales down 3.6%. Adjusted EPS was $2.67, up 1% in constant currency. Margins were pressured, especially in company-operated units due to commodity inflation. No explicit mention of beating or missing consensus, but the tone and context suggest a miss or at best an in-line result, given the negative comps and cautious framing.

Step 2 — GUIDANCE  
Guidance was maintained: ""we a",12413,354
GPT-feat-inject,binary,META,UP,"<reasoning>
Step 1 — EARNINGS SURPRISE
Meta reported Q1 total revenue of $42.3 billion, up 16% YoY (19% constant currency), and a 41% operating margin. Family of Apps ad revenue was $41.4 billion, up 16% YoY (20% constant currency). Operating income was $17.6 billion. These results indicate a beat or at least a solid performance, as management described the quarter as a ""strong start to the year"" and ""another solid quarter."" No explicit mention of missing consensus.

Step 2 — GUIDANCE
Q2 revenue",11069,458
GPT-feat-only,binary,META,DOWN,"<reasoning>
Step 1 — EARNINGS SURPRISE  
No explicit data on revenue, EPS, or margin beats/misses is available from the NLP features. Therefore, there is no direct evidence of an earnings surprise.

Step 2 — GUIDANCE  
No explicit mention of forward guidance being raised, maintained, or lowered. The absence of guidance commentary in the NLP features means this key signal is neutral/absent.

Step 3 — TONE & LANGUAGE  
Overall transcript tone is NET POSITIVE, with a positive word ratio (0.0196) si",709,283
GPT-speaker-seg,binary,META,UP,"<reasoning>
Step 1 — EARNINGS SURPRISE
No explicit mention of reported figures (revenue, EPS, margins) or whether they beat, met, or missed expectations. Cannot assess earnings surprise from the provided data.

Step 2 — GUIDANCE
No explicit language regarding forward guidance being raised, maintained, or lowered. Guidance signal is absent.

Step 3 — TONE & LANGUAGE
Overall transcript tone is NET POSITIVE, with a positive word ratio (0.0196) significantly higher than the negative word ratio (0.00",688,229
GPT-contrastive,binary,META,UP,"<reasoning>
Step 1 — EARNINGS SURPRISE
Meta reported Q1 total revenue of $42.3 billion, up 16% YoY (19% constant currency), and a 41% operating margin. Family of Apps ad revenue was $41.4 billion, up 16% YoY. Free cash flow was $10.3 billion. These results indicate a solid beat or at least a strong performance, with no mention of missing expectations. Margins remain robust.

Step 2 — GUIDANCE
Q2 revenue guidance is $42.5–$45.5 billion, with the range reflecting macro uncertainty but described as",11424,460
GPT-xgb-inject,binary,META,UP,"<reasoning>
Step 1 — EARNINGS SURPRISE  
Meta reported Q1 total revenue of $42.3 billion, up 16% YoY (19% constant currency), and a 41% operating margin. Family of Apps ad revenue was up 16% YoY, with strong growth in Rest of World and North America. Operating income was $17.6 billion. No explicit mention of a miss or beat versus consensus, but the language (""strong start to the year"", ""business is also performing very well"") and double-digit growth suggest at least an in-line, possibly a modest",11110,500
GPT-feat-inject,binary,MO,DOWN,"<reasoning>
Step 1 — EARNINGS SURPRISE
- The company reported adjusted operating company's income (OCI) growth in the smokeable products segment (+2.7%) and strong adjusted OCI margins (64.4%, up 4.2pp YoY). Oral Tobacco Products segment also delivered over $400 million in adjusted OCI with strong margins (69.2%). However, cigarette volumes declined significantly (-13.7% reported, -12% adjusted), and oral tobacco shipment volume also declined (-5%). There was a large noncash impairment charge of",7264,451
GPT-feat-only,binary,MO,DOWN,"<reasoning>
Step 1 — EARNINGS SURPRISE  
No explicit data on beats or misses is available. The overall transcript tone is neutral, with no positive or negative skew, suggesting results likely met expectations rather than a significant beat or miss.

Step 2 — GUIDANCE  
No evidence of raised or lowered guidance is present. The neutral tone and absence of strong positive or negative language imply that guidance was likely maintained or not materially changed.

Step 3 — TONE & LANGUAGE  
Management",706,238
GPT-speaker-seg,binary,MO,DOWN,"<reasoning>
Step 1 — EARNINGS SURPRISE
No specific numbers or commentary on beats/misses are provided in the transcript. There is no evidence of a material earnings surprise.

Step 2 — GUIDANCE
No explicit mention of forward guidance being raised, maintained, or lowered. Absence of guidance is a neutral-to-slightly-negative signal, especially for a mature company like Altria.

Step 3 — TONE & LANGUAGE
Overall transcript tone is neutral, with positive and negative language roughly balanced. Manag",685,211
GPT-contrastive,binary,MO,DOWN,"<reasoning>
Step 1 — EARNINGS SURPRISE
No explicit EPS or revenue beat/miss is stated, but the company highlights ""solid adjusted operating companies income growth"" in smokeables (OCI up 2.7%, margin up 4.2pp to 64.4%), robust price realization (+10.8%), and ON! oral tobacco shipment volume up 18%. However, cigarette volumes declined 13.7% (industry -9%), and oral tobacco segment volume fell 5%. There is also a large noncash impairment charge ($873M) related to NJOY. No clear beat or miss, but t",7623,456
GPT-xgb-inject,binary,MO,UP,"<reasoning>
Step 1 — EARNINGS SURPRISE  
The company reported solid adjusted operating companies income (OCI) growth in the smokeable products segment (+2.7%), with adjusted OCI margins up 4.2 percentage points to 64.4%. Robust net price realization of 10.8% was highlighted. However, cigarette volumes declined by 13.7% (or 12% adjusted), and oral tobacco shipment volume decreased 5%. ON! showed strong growth (+18% shipment volume), but overall oral tobacco segment volume was down. There is no ex",7305,467
GPT-feat-inject,binary,MRK,UP,"<reasoning>
Step 1 — EARNINGS SURPRISE
Reported Q1 revenue was $15.5 billion, a decrease of 2%, or an increase of 1% excluding FX. EPS was $2.22. Management stated, ""our performance was in line with our expectations."" There is no indication of a beat or miss; results were in line.

Step 2 — GUIDANCE
Guidance was maintained: ""we are maintaining our full-year revenue and EPS guidance excluding business development charges."" Full-year revenue guidance is $64.1–$65.6 billion, and EPS guidance is $8.",11202,355
GPT-feat-only,binary,MRK,DOWN,"<reasoning>
Step 1 — EARNINGS SURPRISE  
No explicit data on earnings surprise (revenue, EPS, margins) is available from the NLP features. Therefore, there is no clear signal of a beat or miss.

Step 2 — GUIDANCE  
No mention of forward guidance changes (raised, maintained, or lowered) is present in the NLP features. Guidance signal is absent.

Step 3 — TONE & LANGUAGE  
Overall transcript tone is net positive (+0.0064), with a higher positive word ratio (0.0182) than negative (0.0118). Uncertai",707,303
GPT-speaker-seg,binary,MRK,DOWN,"<reasoning>
Step 1 — EARNINGS SURPRISE
No specific numbers or commentary on EPS, revenue, or margin beats/misses are provided in the transcript. Therefore, there is no clear signal of an earnings surprise.

Step 2 — GUIDANCE
There is no mention of forward guidance being raised, maintained, or lowered. The absence of guidance is a neutral to slightly negative signal, as the market often looks for clarity on outlook.

Step 3 — TONE & LANGUAGE
The overall transcript tone is net positive (+0.0064), ",686,240
GPT-contrastive,binary,MRK,DOWN,"<reasoning>
Step 1 — EARNINGS SURPRISE
Reported Q1 revenue was $15.5 billion, a decrease of 2%, or an increase of 1% excluding FX. EPS was $2.22. Management stated, ""first-quarter performance was in line with our expectations."" There is no indication of a beat or miss; results met expectations. Gross margin improved to 82.2% (up 1pp). Keytruda sales grew 6%, but Gardasil sales fell 40% in China, offset by growth elsewhere. Overall, results were neutral versus consensus.

Step 2 — GUIDANCE
Guidan",11562,429
GPT-xgb-inject,binary,MRK,DOWN,"<reasoning>
Step 1 — EARNINGS SURPRISE
Reported Q1 revenue was $15.5 billion, a decrease of 2%, or an increase of 1% excluding FX. EPS was $2.22. Management stated, ""our performance was in line with our expectations."" There is no indication of a beat or miss; results were in line.

Step 2 — GUIDANCE
Guidance was maintained: ""we are maintaining our full-year revenue and EPS guidance excluding business development charges."" EPS guidance is $8.82 to $8.97, slightly narrowed from prior $8.88 to $9.0",11245,346
GPT-feat-inject,binary,MS,UP,"<reasoning>
Step 1 — EARNINGS SURPRISE
Morgan Stanley reported record revenues of $17.7 billion and EPS of $2.60, with a strong ROTCE of 23%. Equities revenues were up 45% YoY to a record $4.1 billion, and institutional securities revenues were up 28% YoY. These results were described as ""record"" and ""very strong,"" indicating a clear beat versus expectations.

Step 2 — GUIDANCE
Forward guidance was cautious but not negative. Management repeatedly emphasized uncertainty in the macro environment (",11533,362
GPT-feat-only,binary,MS,DOWN,"<reasoning>
Step 1 — EARNINGS SURPRISE  
No explicit data on beats or misses is available. The overall neutral tone and lack of positive or negative sentiment spikes suggest results were in line with expectations (met consensus).

Step 2 — GUIDANCE  
No evidence of raised or lowered guidance; the transcript features mixed confidence language and no clear forward-looking statements. This implies guidance was likely maintained or not materially changed.

Step 3 — TONE & LANGUAGE  
Management and a",703,225
GPT-speaker-seg,binary,MS,DOWN,"<reasoning>
Step 1 — EARNINGS SURPRISE
No specific figures or commentary on revenue, EPS, or margins are provided. There is no evidence of a beat or miss.

Step 2 — GUIDANCE
No explicit forward guidance is mentioned. There is no language indicating raised, maintained, or lowered outlook.

Step 3 — TONE & LANGUAGE
Overall transcript tone is neutral, with positive and negative language roughly balanced. Management and analyst sentiment are both neutral, with no strong confidence or caution. Modal ",682,178
GPT-contrastive,binary,MS,UP,"<reasoning>
Step 1 — EARNINGS SURPRISE
Morgan Stanley reported record revenues of $17.7 billion and EPS of $2.60, with a strong ROTCE of 23%. Institutional securities revenues were up 28% YoY, equities revenues up 45% YoY, and asset management revenues up 15% YoY. These are clear beats versus prior year and likely above consensus, as management repeatedly called out ""record"" and ""exceptional"" results.

Step 2 — GUIDANCE
Guidance was cautiously optimistic but not raised. Management noted, ""the ba",11892,325
GPT-xgb-inject,binary,MS,UP,"<reasoning>
Step 1 — EARNINGS SURPRISE  
Morgan Stanley delivered record revenues of $17.7 billion and EPS of $2.60, with a strong ROTCE of 23%. Institutional Securities revenues were up 28% YoY, equities revenues up 45% YoY to a record $4.1 billion, and asset management revenues up 15% YoY. These results are repeatedly described as ""record"" and ""exceptional,"" and the Q&A and management commentary do not reference any misses or disappointments. The numbers clearly indicate a beat on both top and",11577,460
GPT-feat-inject,binary,MSFT,UP,"<reasoning>
Step 1 — EARNINGS SURPRISE
Microsoft reported revenue of $70.1 billion (up 13% YoY), EPS of $3.46 (up 18% YoY), and operating income up 16%. Results ""exceeded expectations"" across revenue, EPS, and key segments (Azure, LinkedIn, M365, Gaming). Commercial bookings increased 18%, ""significantly ahead of expectations."" Microsoft Cloud revenue ($42.4B) and gross margin were ahead of expectations. Multiple references to ""ahead of expectations"" and ""better than expected"" performance.

Step",10297,403
GPT-feat-only,binary,MSFT,UP,"<reasoning>
Step 1 — EARNINGS SURPRISE  
No explicit data on revenue, EPS, or margin beats/misses is provided. Without these figures, we cannot assess the earnings surprise.

Step 2 — GUIDANCE  
No information is available regarding forward guidance (raised, maintained, or lowered). This is a key missing signal.

Step 3 — TONE & LANGUAGE  
Overall transcript tone is NET POSITIVE, with a positive word ratio (0.0175) notably higher than the negative word ratio (0.0077), and a positive net sentimen",703,251
GPT-speaker-seg,binary,MSFT,DOWN,"<reasoning>
Step 1 — EARNINGS SURPRISE
No specific figures or commentary on revenue, EPS, or margins are provided. There is no evidence of a beat, miss, or meet.

Step 2 — GUIDANCE
No explicit mention of forward guidance being raised, maintained, or lowered. Guidance signal is absent.

Step 3 — TONE & LANGUAGE
Overall transcript tone is net positive (+0.0097), with more positive than negative language. Both management and analyst sentiment are neutral, with no strong confidence or concern. Modal",682,210
GPT-contrastive,binary,MSFT,UP,"<reasoning>
Step 1 — EARNINGS SURPRISE
Microsoft reported revenue of $70.1 billion (up 13% YoY), EPS of $3.46 (up 18%), and operating income up 16%. Gross margin dollars increased 11%. Multiple segments (Cloud, Productivity, More Personal Computing) were ""ahead of expectations,"" with Azure and non-AI cloud services outperforming. Commercial bookings increased 18%, ""significantly ahead of expectations."" Overall, a clear beat on both top and bottom lines.

Step 2 — GUIDANCE
Guidance was constructi",10657,455
GPT-xgb-inject,binary,MSFT,UP,"<reasoning>
Step 1 — EARNINGS SURPRISE  
Microsoft delivered a clear beat on all major metrics:  
- Revenue: $70.1B, up 13% (15% in constant currency), ""ahead of expectations""  
- EPS: $3.46, up 18% (19% in constant currency)  
- Gross margin dollars up 11% (13% in constant currency), operating income up 16% (19% in constant currency)  
- Microsoft Cloud revenue $42.4B, ""ahead of expectations"", up 20% (22% in constant currency)  
- Commercial bookings up 18% (17% in constant currency), ""signific",10342,500
GPT-feat-inject,binary,MU,UP,"<reasoning>
Step 1 — EARNINGS SURPRISE
Micron delivered fiscal Q2 EPS above the guidance range and revenue and gross margin within the range. ""Non-GAAP diluted earnings per share in fiscal Q2 was $1.56, above the high end of the guidance range compared to $1.79 per share in the prior quarter and $0.42 in the year ago quarter."" Revenue was $8.1B (up 38% YoY), DRAM revenue up 47% YoY, NAND up 18% YoY. Gross margin was 37.9%, down sequentially but up YoY. Overall, a clear beat on EPS, in-line on re",9900,472
GPT-feat-only,binary,MU,UP,"<reasoning>
Step 1 — EARNINGS SURPRISE  
No explicit mention of beats or misses; quantitative features do not reference any specific numbers or surprise language. Cannot infer a clear earnings surprise from the data provided.

Step 2 — GUIDANCE  
No direct evidence of raised, maintained, or lowered guidance. Absence of hedging or risk language, and dominance of confident modal verbs (""will"", ""shall""), suggest at least stable, if not positive, guidance.

Step 3 — TONE & LANGUAGE  
Overall transcr",710,233
GPT-speaker-seg,binary,MU,UP,"<reasoning>
Step 1 — EARNINGS SURPRISE
No specific numbers or commentary on beats/misses are provided in the transcript or summary. Therefore, there is no clear signal from earnings surprise.

Step 2 — GUIDANCE
No explicit mention of forward guidance being raised, maintained, or lowered. The absence of guidance commentary is a neutral to slightly negative signal, as positive guidance is typically highlighted.

Step 3 — TONE & LANGUAGE
Overall transcript tone is NET POSITIVE, with a positive word",689,219
GPT-contrastive,binary,MU,UP,"<reasoning>
Step 1 — EARNINGS SURPRISE
Micron delivered fiscal Q2 EPS above the guidance range (""Non-GAAP diluted earnings per share in fiscal Q2 was $1.56, above the high end of the guidance range""), revenue and gross margin within the range. Revenue was $8.1B (down 8% sequentially, up 38% YoY), DRAM revenue up 47% YoY, NAND up 18% YoY. Gross margin was 37.9%, down 160bps sequentially, but up YoY. Overall, a clear EPS beat, with revenue and margins in line.

Step 2 — GUIDANCE
Forward guidance i",10255,484
GPT-xgb-inject,binary,MU,UP,"<reasoning>
Step 1 — EARNINGS SURPRISE  
Micron delivered fiscal Q2 EPS above the guidance range (""Non-GAAP diluted earnings per share in fiscal Q2 was $1.56, above the high end of the guidance range compared to $1.79 per share in the prior quarter and $0.42 in the year ago quarter""). Revenue was $8.1B, down 8% sequentially but up 38% YoY. Gross margin was 37.9%, down 160bps sequentially. While EPS beat, revenue and gross margin were within guidance, and gross margin declined sequentially.

Step",9939,445
GPT-feat-inject,binary,NEE,UP,"<reasoning>
Step 1 — EARNINGS SURPRISE
Adjusted EPS increased nearly 9% year-over-year, with FPL's EPS up $0.07 YoY and Energy Resources adjusted earnings up nearly 10% YoY. Management highlights ""solid first quarter results"" and being ""already out of the gate at 9%,"" suggesting a beat or at least a strong result versus expectations. No explicit mention of a miss or disappointment.

Step 2 — GUIDANCE
Guidance is constructive and maintained at the high end: ""We will be disappointed if we are not ",10148,326
GPT-feat-only,binary,NEE,DOWN,"<reasoning>
Step 1 — EARNINGS SURPRISE  
No explicit data on EPS, revenue, or margin beats/misses is available. The transcript features do not indicate a clear positive or negative surprise.

Step 2 — GUIDANCE  
No direct evidence of raised, maintained, or lowered guidance. Absence of strong forward-looking language or guidance changes in the NLP features.

Step 3 — TONE & LANGUAGE  
Overall transcript tone is net positive (+0.0071), with more positive than negative language. However, management",706,226
GPT-speaker-seg,binary,NEE,DOWN,"<reasoning>
Step 1 — EARNINGS SURPRISE
No specific figures or beats/misses are provided in the transcript. There is no evidence of a material earnings surprise.

Step 2 — GUIDANCE
No explicit mention of raised, maintained, or lowered guidance. Guidance signal is absent.

Step 3 — TONE & LANGUAGE
Overall transcript tone is net positive (+0.0071), with more positive than negative language. However, modal language is mixed confidence, and both management and analyst sentiment are neutral, indicatin",685,189
GPT-contrastive,binary,NEE,UP,"<reasoning>
Step 1 — EARNINGS SURPRISE
Adjusted earnings per share increased by nearly 9% year-over-year, and FPL's earnings per share increased $0.07 year-over-year. Energy Resources reported adjusted earnings growth of nearly 10% year-over-year. No explicit mention of a miss or beat versus consensus, but the language (""strong start,"" ""solid first quarter results,"" ""already out of the gate at 9%"") and analyst questions do not indicate disappointment, suggesting at least an in-line or slight bea",10506,376
GPT-xgb-inject,binary,NEE,UP,"<reasoning>
Step 1 — EARNINGS SURPRISE
Adjusted earnings per share increased by nearly 9% year-over-year, with FPL's EPS up $0.07 YoY and Energy Resources adjusted earnings up nearly 10% YoY. No explicit mention of consensus estimates, but management repeatedly highlights ""strong start,"" ""solid first quarter results,"" and being ""already out of the gate at 9%,"" implying a likely beat or at least a solid meet.

Step 2 — GUIDANCE
Guidance is maintained at the high end: ""We will be disappointed if w",10192,382
GPT-feat-inject,binary,NEM,UP,"<reasoning>
Step 1 — EARNINGS SURPRISE
Newmont reported record first-quarter free cash flow ($1.2B), adjusted EBITDA ($2.6B), and adjusted net income of $1.25 per diluted share. Gold all-in sustaining costs were in line with guidance ($1,651/oz). There is no explicit mention of a beat or miss versus analyst consensus, but the language (""record"", ""robust financial performance"", ""strong start to the year"") and analyst congratulations suggest at least an in-line to modest beat.

Step 2 — GUIDANCE
G",10185,343
GPT-feat-only,binary,NEM,DOWN,"<reasoning>
Step 1 — EARNINGS SURPRISE  
No specific numbers are provided. There is no evidence from the NLP features that the company beat or missed expectations; the overall tone is neutral, suggesting results likely met consensus.

Step 2 — GUIDANCE  
There is no mention of forward guidance being raised, maintained, or lowered. The absence of strong positive or negative language, and the neutral tone, implies guidance was likely maintained or not materially changed.

Step 3 — TONE & LANGUAGE ",705,285
GPT-speaker-seg,binary,NEM,DOWN,"<reasoning>
Step 1 — EARNINGS SURPRISE
No specific numbers or commentary on beats/misses are provided. There is no evidence of a material earnings surprise in either direction.

Step 2 — GUIDANCE
No explicit mention of forward guidance being raised, maintained, or lowered. Guidance signal is absent.

Step 3 — TONE & LANGUAGE
Overall transcript tone is NEUTRAL, with positive and negative language roughly balanced. Management and analyst sentiment are both neutral, with no strong confidence or con",684,212
GPT-contrastive,binary,NEM,UP,"<reasoning>
Step 1 — EARNINGS SURPRISE
Newmont reported record first-quarter free cash flow ($1.2B), adjusted EBITDA ($2.6B), and adjusted net income of $1.25 per diluted share. Gold all-in sustaining costs were in line with guidance ($1,651/oz). No explicit mention of consensus EPS/revenue, but the language (""record"", ""robust financial performance"", ""strong start to the year"") and analyst congratulations suggest a beat or at least a solid meet.

Step 2 — GUIDANCE
Guidance was maintained: ""remai",10542,334
GPT-xgb-inject,binary,NEM,UP,"<reasoning>
Step 1 — EARNINGS SURPRISE
Newmont reported record first-quarter free cash flow ($1.2B), adjusted EBITDA ($2.6B), and adjusted net income of $1.25 per diluted share. Gold all-in sustaining costs were in line with guidance at $1,651/oz. There is no explicit mention of consensus estimates, but the repeated use of ""record"" and analyst congratulations (""Congrats on the strong start to the year"") suggest a beat or at least a solid meet, especially on cash flow.

Step 2 — GUIDANCE
Guidance",10226,383
GPT-feat-inject,binary,NFLX,UP,"<reasoning>
Step 1 — EARNINGS SURPRISE  
There is no explicit mention of EPS or revenue numbers in the transcript, but management states: ""we obviously beat a bit in operating income in Q1. But at this point, most of that was -- there's a little bit on the revenue side, mostly on the expense side, and it looks to us that most of that was timing of spend, but still spend that we would expect to hit in the full year."" This suggests a modest beat on operating income, with some revenue upside, but n",8207,359
GPT-feat-only,binary,NFLX,UP,"<reasoning>
Step 1 — EARNINGS SURPRISE  
No explicit data on earnings surprise (beat/meet/miss) is available from the NLP features. Therefore, no conclusion can be drawn on this signal.

Step 2 — GUIDANCE  
No explicit mention of forward guidance (raised, maintained, lowered, or absent) is present in the NLP features. This key signal is unavailable.

Step 3 — TONE & LANGUAGE  
Overall transcript tone is NET POSITIVE, with a positive word ratio (0.0215) significantly higher than the negative word",709,261
GPT-speaker-seg,binary,NFLX,UP,"<reasoning>
Step 1 — EARNINGS SURPRISE
No explicit mention of reported figures or whether Netflix beat, met, or missed analyst expectations for revenue, EPS, or margins. This key signal is absent.

Step 2 — GUIDANCE
No explicit language regarding forward guidance being raised, maintained, or lowered. Guidance signal is absent.

Step 3 — TONE & LANGUAGE
Overall transcript tone is net positive (+0.0137), with confident language dominating. Both management and analyst sentiment are neutral, with no",688,188
GPT-contrastive,binary,NFLX,UP,"<reasoning>
Step 1 — EARNINGS SURPRISE  
Management stated: ""we obviously beat a bit in operating income in Q1. But at this point, most of that was -- there's a little bit on the revenue side, mostly on the expense side, and it looks to us that most of that was timing of spend, but still spend that we would expect to hit in the full year."" This indicates a modest beat on operating income, with some revenue upside, but not a blowout quarter.

Step 2 — GUIDANCE  
Guidance was maintained: ""our oper",8562,338
GPT-xgb-inject,binary,NFLX,UP,"<reasoning>
Step 1 — EARNINGS SURPRISE  
There is no explicit mention of EPS or revenue figures in the transcript, but management notes: ""we obviously beat a bit in operating income in Q1. But at this point, most of that was -- there's a little bit on the revenue side, mostly on the expense side, and it looks to us that most of that was timing of spend, but still spend that we would expect to hit in the full year."" This suggests a modest beat on operating income, with some upside on revenue, but",8247,406
GPT-feat-inject,binary,NVDA,UP,"<reasoning>
Step 1 — EARNINGS SURPRISE
NVIDIA reported Q4 revenue of $39.3 billion, up 12% sequentially and 78% year on year, and above their outlook of $37.5 billion. Data center revenue was $35.6 billion, up 16% sequentially and 93% year on year. Full-year revenue was $130.5 billion, up 114%. Gross margins were 73% GAAP, 73.5% non-GAAP, slightly down sequentially as expected due to the Blackwell ramp. These results clearly beat expectations, with revenue and data center growth well above conse",9868,420
GPT-feat-only,binary,NVDA,UP,"<reasoning>
Step 1 — EARNINGS SURPRISE  
No explicit data on beats or misses is provided. The absence of negative sentiment or probing language suggests no major disappointment, but also no clear evidence of a positive surprise.

Step 2 — GUIDANCE  
No direct mention of raised, maintained, or lowered guidance. The transcript features mixed confidence language and a net positive overall tone, but management and analyst sentiment are both neutral, indicating no strong forward-looking statements.

",704,241
GPT-speaker-seg,binary,NVDA,UP,"<reasoning>
Step 1 — EARNINGS SURPRISE  
No specific reported figures (revenue, EPS, margins) are provided in the transcript. Therefore, there is no direct evidence of a beat, meet, or miss.

Step 2 — GUIDANCE  
No explicit mention of forward guidance being raised, maintained, or lowered. Guidance signal is absent.

Step 3 — TONE & LANGUAGE  
Overall transcript tone is net positive (+0.0067), with more positive than negative language. However, modal language is described as ""mixed confidence,"" a",683,213
GPT-contrastive,binary,NVDA,UP,"<reasoning>
Step 1 — EARNINGS SURPRISE
NVIDIA reported Q4 revenue of $39.3 billion, up 12% sequentially and 78% year on year, and above their outlook of $37.5 billion. Fiscal 2025 revenue was $130.5 billion, up 114% from the prior year. Data center revenue was $35.6 billion in Q4, up 16% sequentially and 93% year on year. Gross margins were 73% GAAP (down sequentially as expected due to Blackwell ramp). These are clear beats on both revenue and growth metrics.

Step 2 — GUIDANCE
Forward guidance",10228,397
GPT-xgb-inject,binary,NVDA,UP,"<reasoning>
Step 1 — EARNINGS SURPRISE  
NVIDIA reported Q4 revenue of $39.3 billion, up 12% sequentially and 78% year on year, and ""above our outlook, of $37.5 billion."" Fiscal 2025 revenue was $130.5 billion, up 114% year on year. Data center revenue was $35.6 billion in Q4, up 16% sequentially and 93% year on year. Gross margins were 73% GAAP, 73.5% non-GAAP, down sequentially as expected due to the Blackwell ramp. These are clear beats on both revenue and growth metrics.

Step 2 — GUIDANCE  ",9915,463
GPT-feat-inject,binary,ORCL,UP,"<reasoning>
Step 1 — EARNINGS SURPRISE
Oracle reported Q3 total revenues of $14.1 billion, up 8% YoY, non-GAAP EPS of $1.47 (up 4% USD, 7% constant currency), and GAAP EPS of $1.02 (up 20% USD, 25% constant currency). Gross profit and operating income both grew, with operating margin at 44%, up slightly YoY. The company highlighted record bookings and a massive increase in RPO to $130 billion, up 63% YoY. While the transcript does not explicitly state whether these beat consensus, the language (",7498,495
GPT-feat-only,binary,ORCL,DOWN,"<reasoning>
Step 1 — EARNINGS SURPRISE
No specific numbers are provided, and the overall transcript tone is neutral. There is no evidence of a beat or miss; the language does not indicate a strong positive or negative surprise.

Step 2 — GUIDANCE
There is no mention of raised, lowered, or maintained guidance. The absence of strong forward-looking language or guidance changes suggests guidance was likely maintained or not discussed in a way that moved sentiment.

Step 3 — TONE & LANGUAGE
Manageme",704,227
GPT-speaker-seg,binary,ORCL,DOWN,"<reasoning>
Step 1 — EARNINGS SURPRISE  
No specific numbers or commentary on beats/misses are provided in the transcript or NLP summary. There is no evidence of a material earnings surprise.

Step 2 — GUIDANCE  
No explicit mention of forward guidance being raised, maintained, or lowered. Absence of guidance is a neutral-to-slightly-negative signal, as the market often looks for clarity.

Step 3 — TONE & LANGUAGE  
Overall transcript tone is NEUTRAL, with positive and negative language roughly ",683,217
GPT-contrastive,binary,ORCL,UP,"<reasoning>
Step 1 — EARNINGS SURPRISE  
Oracle reported Q3 revenue of $14.1B, up 8% YoY, and non-GAAP EPS of $1.47 (up 4% USD, 7% constant currency). Cloud revenue was up 25% to $6.2B, with IaaS up 51%. Gross margin was 44%, up slightly YoY. There is no explicit mention of a beat or miss versus consensus, but the transcript and analyst reactions suggest results were at least in line, if not a modest beat, especially given the ""strongest booking quarter ever"" and record RPO growth (up 63% YoY to",7857,500
GPT-xgb-inject,binary,ORCL,UP,"<reasoning>
Step 1 — EARNINGS SURPRISE  
Oracle reported Q3 total revenues of $14.1 billion, up 8% YoY, with non-GAAP EPS of $1.47 (up 4% USD, 7% constant currency) and GAAP EPS of $1.02 (up 20% USD, 25% constant currency). Cloud revenue was up 25% to $6.2 billion, with IaaS up 51%. Gross profit and operating income both grew (operating margin 44%, up slightly YoY). RPO (remaining performance obligations) surged 63% YoY to $130 billion. While the transcript does not explicitly state ""beat"" or ""m",7544,500
GPT-feat-inject,binary,PEP,DOWN,"<reasoning>
Step 1 — EARNINGS SURPRISE  
No explicit mention of a beat or miss on EPS or revenue in the transcript. However, management notes Q1 organic growth of 1% and clarifies that including the third month for international would have resulted in 2% organic growth, ""solidly in the band of top line guidance."" There is no indication of a material beat; the tone suggests results were in line or slightly soft, especially given the focus on Frito-Lay North America's subdued performance.

Step 2 ",8496,356
GPT-feat-only,binary,PEP,UP,"<reasoning>
Step 1 — EARNINGS SURPRISE  
No explicit data on beats or misses is available. The overall transcript tone is net positive, but management and analyst sentiment are both neutral, suggesting no strong surprise in either direction.

Step 2 — GUIDANCE  
No evidence of raised or lowered guidance is present in the NLP features. Modal language is ""mixed confidence,"" which implies guidance was likely maintained or not materially changed.

Step 3 — TONE & LANGUAGE  
Overall transcript tone i",706,232
GPT-speaker-seg,binary,PEP,UP,"<reasoning>
Step 1 — EARNINGS SURPRISE
No specific numbers or commentary on beats/misses are provided in the transcript. There is no evidence of a material earnings surprise.

Step 2 — GUIDANCE
No explicit mention of forward guidance being raised, maintained, or lowered. Absence of guidance commentary is notable.

Step 3 — TONE & LANGUAGE
Overall transcript tone is net positive (+0.0083), with more positive than negative language. However, both management and analyst sentiment are neutral, and m",685,191
GPT-contrastive,binary,PEP,DOWN,"<reasoning>
Step 1 — EARNINGS SURPRISE  
No explicit EPS or revenue beat/miss figures are quoted in the transcript. However, management notes Q1 organic growth of 1% (with international at 5%), and clarifies that including March, total company would have been 2% organic. This is described as ""solidly in the band of top line guidance that we gave back at the beginning of the year,"" suggesting results were in line with expectations, not a clear beat.

Step 2 — GUIDANCE  
Guidance was lowered: ""the",8856,380
GPT-xgb-inject,binary,PEP,DOWN,"<reasoning>
Step 1 — EARNINGS SURPRISE  
No specific EPS or revenue numbers are quoted in the transcript, but management references Q1 organic growth of 1% and notes that including the third month for international would have resulted in 2% organic growth. There is no mention of a beat; instead, the focus is on being ""solidly in the band of top line guidance."" The tone around Frito North America is one of ""subdued performance"" and ""volume weakness,"" suggesting results were at best in line, but m",8541,376
GPT-feat-inject,binary,PFE,UP,"<reasoning>
Step 1 — EARNINGS SURPRISE
Pfizer reported Q1 2025 revenues of $13.7 billion, a decline of 6% operationally, mainly due to lower Paxlovid revenues and Medicare Part D redesign. However, adjusted diluted EPS was $0.92, ahead of internal expectations, and gross margin expanded to approximately 81%. Operating expenses declined 12% operationally, reflecting strong cost control. Management explicitly stated: ""adjusted diluted earnings per share of $0.92, ahead of our expectations due to o",14693,439
GPT-feat-only,binary,PFE,UP,"<reasoning>
Step 1 — EARNINGS SURPRISE  
No explicit data on earnings surprise (beat/meet/miss) is available from the NLP features. Therefore, no conclusion can be drawn on this key signal.

Step 2 — GUIDANCE  
No explicit mention of forward guidance (raised, maintained, lowered, or absent) is available in the NLP features. This critical signal is missing.

Step 3 — TONE & LANGUAGE  
Overall transcript tone is NET POSITIVE, with a positive word ratio (0.0177) exceeding the negative (0.0117), and",709,254
GPT-speaker-seg,binary,PFE,UP,"<reasoning>
Step 1 — EARNINGS SURPRISE
No specific figures or commentary on revenue, EPS, or margins are provided. There is no evidence of a beat or miss.

Step 2 — GUIDANCE
No explicit mention of forward guidance being raised, maintained, or lowered. Guidance signal is absent.

Step 3 — TONE & LANGUAGE
Overall transcript tone is net positive (+0.0059), with confident language dominating. Both management and analyst sentiment are neutral, with no sign of probing or concern.

Step 4 — OVERALL SIG",688,175
GPT-contrastive,binary,PFE,UP,"<reasoning>
Step 1 — EARNINGS SURPRISE
Pfizer reported Q1 2025 revenues of $13.7 billion, a decline of 6% operationally, mainly due to lower Paxlovid revenues and Medicare Part D redesign. However, adjusted diluted EPS was $0.92, ""ahead of our expectations due to overall strong gross margin and cost management performance."" Adjusted gross margin expanded to ~81%. Operating expenses declined 12% operationally. Management repeatedly emphasized that Q1 results were ""ahead of expectations"" and ""off ",15048,454
GPT-xgb-inject,binary,PFE,DOWN,"<reasoning>
Step 1 — EARNINGS SURPRISE  
Reported Q1 2025 revenues were $13.7 billion, a decline of 6% operationally, ""largely due to lower PAX load with revenues"" and Medicare Part D redesign. However, adjusted diluted EPS was $0.92, ""ahead of our expectations due to overall strong gross margin and cost management performance."" Adjusted gross margin expanded to ~81%. Operating expenses declined 12% operationally. Overall, EPS and margins beat internal expectations, but revenue declined (though ",14732,448
GPT-feat-inject,binary,PG,DOWN,"<reasoning>
Step 1 — EARNINGS SURPRISE
Reported Q3 EPS was $1.54, up 1% YoY on a currency-neutral basis; core EPS increased 3%. Organic sales grew 1%. Core gross margin was down 30bps, but core operating margin increased 90bps. There is no explicit mention of beating or missing consensus, but the language and analyst questions suggest results were in line or slightly below expectations, given the focus on consumer softness and inventory destocking.

Step 2 — GUIDANCE
Guidance was lowered: ""We ar",12122,377
GPT-feat-only,binary,PG,UP,"<reasoning>
Step 1 — EARNINGS SURPRISE  
No explicit data on EPS or revenue beats/misses is available from the NLP features. Therefore, no direct evidence of a positive or negative earnings surprise.

Step 2 — GUIDANCE  
No explicit mention of forward guidance being raised, maintained, or lowered. Absence of guidance signal.

Step 3 — TONE & LANGUAGE  
Overall transcript tone is NET POSITIVE, with a positive word ratio (0.0224) more than double the negative word ratio (0.0105), and net sentiment",711,239
GPT-speaker-seg,binary,PG,UP,"<reasoning>
Step 1 — EARNINGS SURPRISE
No specific figures for revenue, EPS, or margins are provided. There is no explicit mention of a beat, meet, or miss.

Step 2 — GUIDANCE
No explicit guidance language is quoted. There is no mention of raised, maintained, or lowered outlook.

Step 3 — TONE & LANGUAGE
Overall transcript tone is NET POSITIVE, with a positive word ratio (0.0224) more than double the negative (0.0105), and confident modal language dominates. Both management and analyst sentiment",690,206
GPT-contrastive,binary,PG,DOWN,"<reasoning>
Step 1 — EARNINGS SURPRISE
Reported Q3 EPS was $1.54, up 1% YoY on a currency-neutral basis; core EPS increased 3%. Organic sales grew 1%. Core gross margin was down 30 bps, but core operating margin increased 90 bps. These results are below the company’s recent trend (notably, North America organic sales growth slowed from 4% to 1%), and the transcript does not indicate a clear beat versus consensus—rather, it highlights ""volatility"" and ""softness"" in consumer and retail demand. No ",12477,481
GPT-xgb-inject,binary,PG,DOWN,"<reasoning>
Step 1 — EARNINGS SURPRISE  
Reported Q3 organic sales grew 1%, with EPS of $1.54 (up 1% YoY currency-neutral), and core EPS up 3%. Core gross margin was down 30bps, but core operating margin increased 90bps. There is no explicit mention of beating or missing consensus, but the language (""heavily impacted by consumer and retail volatility,"" ""organic sales for the quarter grew 1%"") and analyst questions referencing ""below consensus forecast"" and ""softer consumption trends"" suggest res",12165,458
GPT-feat-inject,binary,PH,UP,"<reasoning>
Step 1 — EARNINGS SURPRISE
Reported Q3 results were strong: record adjusted segment operating margin of 26.3% (first time above 26%), record adjusted EBITDA margin of 27%, and adjusted EPS up 7% to $6.94. Net income was $904 million (18.2% return on sales, both records). Organic growth was positive at 1%, though total sales were down 2% due to divestitures and FX. Margins and EPS clearly beat expectations, with management emphasizing ""record-setting quarter"" and ""another quarter of c",11654,457
GPT-feat-only,binary,PH,DOWN,"<reasoning>
Step 1 — EARNINGS SURPRISE
No direct evidence of a beat or miss is available from the NLP features. The transcript does not mention specific numbers, and the neutral management and analyst sentiment suggest no strong surprise in either direction.

Step 2 — GUIDANCE
There is no explicit mention of raised or lowered guidance. The dominance of hedged language (""may"", ""could"", ""might"") and the absence of strong positive or negative guidance language suggest that guidance was likely maint",716,309
GPT-speaker-seg,binary,PH,DOWN,"<reasoning>
Step 1 — EARNINGS SURPRISE
No specific numbers or commentary on beats/misses are provided. There is no evidence of a positive or negative earnings surprise.

Step 2 — GUIDANCE
No explicit mention of forward guidance being raised, maintained, or lowered. Absence of guidance is a neutral-to-cautious signal.

Step 3 — TONE & LANGUAGE
Overall transcript tone is net positive (+0.0067), but the margin is small. There is a notable dominance of hedged language (""may"", ""could"", ""might""), indi",695,217
GPT-contrastive,binary,PH,UP,"<reasoning>
Step 1 — EARNINGS SURPRISE
Parker-Hannifin delivered a ""record-setting quarter"" with adjusted EPS up 7% to $6.94, record adjusted segment operating margin of 26.3% (up 160 bps), and adjusted EBITDA margin of 27%. Cash flow from operations was a record $2.3B YTD, up 8%. Orders increased 9%. While sales were down 2% YoY (mainly due to divestitures and FX), organic growth was +1%. Margins and EPS clearly beat expectations, with management emphasizing the ability to grow EPS despite topl",12005,485
GPT-xgb-inject,binary,PH,UP,"<reasoning>
Step 1 — EARNINGS SURPRISE
Parker-Hannifin delivered a ""record-setting quarter"" with adjusted EPS up 7% to $6.94, record adjusted segment operating margin of 26.3% (up 160 bps), and adjusted EBITDA margin of 27%. Cash flow from operations YTD was $2.3B, up 8%. Orders increased 9%. While sales were down 2% YoY, this was attributed to divestitures and FX, with organic growth at +1%. The company highlighted strong cost controls and margin expansion despite topline softness. No explicit ",11690,487
GPT-feat-inject,binary,PLD,UP,"<reasoning>
Step 1 — EARNINGS SURPRISE  
Prologis delivered a ""very strong quarter,"" with Core FFO per share of $1.42 (including net promotes) and $1.43 (excluding net promotes), ""each ahead of our forecast."" Occupancy ended at 95.2%, ""down 70 basis points from year-end, which was better than expected due principally to strong retention."" Net effective rent change was 54%, cash basis 32%. Same-store growth was 5.9% (net effective) and 6.2% (cash). Overall, the company outperformed on earnings, o",8934,500
GPT-feat-only,binary,PLD,DOWN,"<reasoning>
Step 1 — EARNINGS SURPRISE  
No specific numbers are provided. The overall transcript tone is net negative, which often correlates with a miss or at best an in-line result that disappointed the market. No evidence of a positive surprise.

Step 2 — GUIDANCE  
No explicit mention of guidance changes. The absence of positive language or raised guidance, combined with a net negative tone, suggests guidance was likely maintained or possibly lowered, but not raised.

Step 3 — TONE & LANGUA",706,257
GPT-speaker-seg,binary,PLD,DOWN,"<reasoning>
Step 1 — EARNINGS SURPRISE  
No specific figures are provided in the transcript, and there is no mention of a beat or miss. The absence of positive surprise language, combined with a net negative overall tone, suggests results likely met or missed expectations.

Step 2 — GUIDANCE  
There is no explicit mention of raised or lowered guidance in the provided content. The lack of positive guidance language, combined with a net negative tone, implies guidance was likely maintained or poss",685,238
GPT-contrastive,binary,PLD,UP,"<reasoning>
Step 1 — EARNINGS SURPRISE  
Prologis delivered a ""very strong quarter,"" with Core FFO per share of $1.42 (including net promotes) and $1.43 (excluding net promotes), ""each ahead of our forecast."" Occupancy ended at 95.2%, ""down 70 basis points from year-end, which was better than expected due principally to strong retention."" Net effective rent change was 54%, cash basis 32%, and same-store growth 5.9% (net effective) and 6.2% (cash). These are all positive surprises versus internal",9294,500
GPT-xgb-inject,binary,PLD,UP,"<reasoning>
Step 1 — EARNINGS SURPRISE  
Prologis delivered a ""very strong quarter,"" with Core FFO per share ($1.42 including net promotes, $1.43 excluding) ""each ahead of our forecast."" Occupancy ended at 95.2%, ""down 70 basis points from year-end, which was better than expected due principally to strong retention."" Net effective rent change was 54%, cash basis 32%. Same-store growth was 5.9% (net effective) and 6.2% (cash). These results indicate a clear beat on earnings and operational metric",8977,476
GPT-feat-inject,binary,PLTR,UP,"<reasoning>
Step 1 — EARNINGS SURPRISE  
Palantir delivered a clear beat on key metrics:  
- Q1 revenue grew 39% YoY to $884M, exceeding the high end of prior guidance by nearly 350 basis points.  
- US commercial revenue grew 71% YoY and 19% sequentially, surpassing $1B annual run rate for the first time.  
- Adjusted operating margin was 44% (up 800bps YoY), adjusted EPS was $0.13, GAAP EPS $0.08.  
- Strong cash flow: $370M adjusted free cash flow (42% margin).  
- Rule of 40 score increased ",7896,500
GPT-feat-only,binary,PLTR,DOWN,"<reasoning>
Step 1 — EARNINGS SURPRISE  
No specific numbers or language indicating a beat, miss, or meet are available. The overall transcript tone is neutral, with no positive or negative skew, suggesting results likely met expectations.

Step 2 — GUIDANCE  
No explicit language or signal regarding forward guidance (raised, maintained, or cut). The absence of positive or negative guidance language, combined with a neutral tone, implies guidance was likely maintained or not materially changed.
",707,260
GPT-speaker-seg,binary,PLTR,DOWN,"<reasoning>
Step 1 — EARNINGS SURPRISE
No reported figures (revenue, EPS, margins) are provided in the transcript. No evidence of a beat, meet, or miss.

Step 2 — GUIDANCE
No explicit forward guidance is mentioned. No language indicating raised, maintained, or lowered outlook.

Step 3 — TONE & LANGUAGE
Overall transcript tone is NEUTRAL, with positive and negative language roughly balanced. Management and analyst sentiment are both neutral, with no strong confidence or caution. Modal language is",686,188
GPT-contrastive,binary,PLTR,UP,"<reasoning>
Step 1 — EARNINGS SURPRISE
Palantir delivered a significant earnings surprise. Q1 revenue grew 39% YoY, exceeding the high end of prior guidance by nearly 350 basis points. US commercial revenue grew 71% YoY and 19% sequentially, surpassing the $1 billion annual run rate for the first time. Adjusted operating margin was 44% (up 800bps YoY), adjusted EPS was $0.13, and GAAP EPS was $0.08. Rule of 40 score increased to 83%. These results were described as ""exceptional"" and ""outperformi",8255,395
GPT-xgb-inject,binary,PLTR,UP,"<reasoning>
Step 1 — EARNINGS SURPRISE  
Palantir delivered a clear beat on multiple fronts:  
- Q1 revenue grew 39% YoY to $884M, exceeding the high end of prior guidance by nearly 350 basis points.  
- US commercial revenue grew 71% YoY and 19% sequentially, surpassing the $1B annual run rate for the first time.  
- Adjusted operating margin was 44% (up 800bps YoY), adjusted free cash flow margin was 42%.  
- GAAP EPS was $0.08, adjusted EPS $0.13.  
- Rule of 40 score increased to 83%.  
- Mu",7935,500
GPT-feat-inject,binary,PM,UP,"<reasoning>
Step 1 — EARNINGS SURPRISE
PM delivered a ""very strong start to the year"" with double-digit increases in organic net revenue, operating income, and adjusted diluted EPS in both constant currency and dollar terms. Q1 adjusted diluted EPS grew by +17.3% in constant currency and +12.7% in dollar terms to $1.69, with organic net revenue up +10.2% (or +12% excluding Indonesia technical impact). Gross margin expanded by 340 basis points organically. These results were described as ""stronge",9625,397
GPT-feat-only,binary,PM,DOWN,"<reasoning>
Step 1 — EARNINGS SURPRISE  
No direct evidence of a beat or miss is available from the NLP features. The absence of strong positive or negative sentiment from management or analysts suggests results were likely in line with expectations.

Step 2 — GUIDANCE  
No explicit language or sentiment shift indicating raised or lowered guidance. The overall transcript tone is net positive, but management and analyst sentiment are both neutral, implying guidance was likely maintained or not ma",704,254
GPT-speaker-seg,binary,PM,DOWN,"<reasoning>
Step 1 — EARNINGS SURPRISE
No specific numbers or commentary on beats/misses are provided in the transcript. There is no evidence of a positive or negative earnings surprise.

Step 2 — GUIDANCE
No explicit mention of forward guidance being raised, maintained, or lowered. Guidance signal is absent.

Step 3 — TONE & LANGUAGE
Overall transcript tone is net positive (+0.0159), with more positive than negative language. However, modal language is described as ""mixed confidence,"" and both ",683,215
GPT-contrastive,binary,PM,UP,"<reasoning>
Step 1 — EARNINGS SURPRISE
PM delivered a ""very strong start to the year"" with double-digit increases in organic net revenue (+10.2%), operating income (+16%), and adjusted diluted EPS (+17.3% constant currency, +12.7% in dollar terms to $1.69), all above expectations. Gross margin expanded by 250-670 basis points in key segments, and smoke-free business growth was exceptional (ZYN shipments +53%, IQOS HTU-adjusted IMS +9.4%). Management repeatedly described results as ""better-than-e",9985,421
GPT-xgb-inject,binary,PM,UP,"<reasoning>
Step 1 — EARNINGS SURPRISE
PM delivered a ""very strong start to the year"" with double-digit increases in organic net revenue (+10.2% headline, +12% ex-Indonesia), operating income (+16% organic), and adjusted diluted EPS (+17.3% constant currency, +12.7% in dollars to $1.69). Gross margin expanded by 250-670 basis points in smoke-free, now above 70%. These results were described as ""better-than-expected"" and ""stronger than expected performance,"" especially in the smoke-free segment. ",9670,490
GPT-feat-inject,binary,PWR,UP,"<reasoning>
Step 1 — EARNINGS SURPRISE
Quanta Services reported ""robust double-digit growth in revenue, adjusted EBITDA and adjusted earnings per share, along with record backlog of $35.3 billion and a number of other record financial metrics."" Specific Q1 figures: revenues of $6.2 billion, net income of $144 million ($0.96 per diluted share), adjusted EPS of $1.78, and adjusted EBITDA of $504 million (8.1% margin). Management stated, ""our first quarter performance reflects a continuation of the",9521,411
GPT-feat-only,binary,PWR,DOWN,"<reasoning>
Step 1 — EARNINGS SURPRISE  
No explicit data on beats or misses is available. The overall neutral tone and lack of positive or negative sentiment spikes suggest results were in line with expectations (met consensus).

Step 2 — GUIDANCE  
No evidence of raised or lowered guidance; guidance language is absent or neutral. No strong forward-looking statements detected.

Step 3 — TONE & LANGUAGE  
Management sentiment is neutral (net sentiment +0.0000), with mixed confidence language and",707,196
GPT-speaker-seg,binary,PWR,DOWN,"<reasoning>
Step 1 — EARNINGS SURPRISE
No specific figures or beats/misses are provided in the transcript. There is no evidence of a material earnings surprise.

Step 2 — GUIDANCE
No explicit mention of raised, maintained, or lowered guidance. Guidance is absent from the transcript.

Step 3 — TONE & LANGUAGE
Overall transcript tone is NEUTRAL, with positive and negative language roughly balanced. Management and analyst sentiment are both neutral, with no strong confidence or concern expressed.

",686,179
GPT-contrastive,binary,PWR,UP,"<reasoning>
Step 1 — EARNINGS SURPRISE
Quanta reported ""robust double-digit growth in revenue, adjusted EBITDA and adjusted earnings per share, along with record backlog of $35.3 billion and a number of other record financial metrics."" Specifics: Q1 revenues of $6.2 billion, net income of $144 million ($0.96 per diluted share), adjusted EPS of $1.78, and adjusted EBITDA of $504 million (8.1% margin). The company beat its own expectations, as reflected in the subsequent guidance raise.

Step 2 — ",9880,397
GPT-xgb-inject,binary,PWR,UP,"<reasoning>
Step 1 — EARNINGS SURPRISE
Quanta reported ""robust double-digit growth in revenue, adjusted EBITDA and adjusted earnings per share, along with record backlog of $35.3 billion."" Specific Q1 figures: revenues of $6.2 billion, net income of $144 million ($0.96 per diluted share), adjusted EPS of $1.78, and adjusted EBITDA of $504 million (8.1% margin). Management and analysts referenced a ""nice quarter"" and ""strong first quarter results,"" implying a beat versus expectations.

Step 2 — G",9564,394
GPT-feat-inject,binary,RTX,UP,"<reasoning>
Step 1 — EARNINGS SURPRISE
Reported Q1 adjusted sales of $20.3B were up 5% (8% organically), segment operating profit up 18%, adjusted EPS of $1.47 up 10% YoY, and segment margin expanded 120 bps. These results were described as a ""strong start to the year"" and were above expectations, as evidenced by analyst praise (""Nice results"") and no mention of misses.

Step 2 — GUIDANCE
Guidance was maintained across all segments, with explicit language: ""Excluding the potential impact of the ",11896,382
GPT-feat-only,binary,RTX,DOWN,"<reasoning>
Step 1 — EARNINGS SURPRISE  
No explicit data on EPS or revenue beats/misses is provided. The absence of strong positive or negative sentiment in management or analyst tone, and the lack of any quoted numbers, suggests results were likely in line with expectations.

Step 2 — GUIDANCE  
No mention of raised, lowered, or maintained guidance. The transcript features ""mixed confidence language"" and no clear forward-looking statements, implying guidance was likely maintained or not materi",702,262
GPT-speaker-seg,binary,RTX,DOWN,"<reasoning>
Step 1 — EARNINGS SURPRISE
No specific figures or commentary on beats/misses are provided in the transcript. There is no evidence of a positive or negative earnings surprise.

Step 2 — GUIDANCE
No explicit mention of forward guidance being raised, maintained, or lowered. Guidance signal is absent.

Step 3 — TONE & LANGUAGE
Overall transcript tone is net positive (+0.0087), with more positive than negative language. However, modal language is described as ""mixed confidence,"" and both ",681,203
GPT-contrastive,binary,RTX,UP,"<reasoning>
Step 1 — EARNINGS SURPRISE
RTX reported Q1 adjusted sales of $20.3B, up 5% (8% organically), segment operating profit up 18%, and adjusted EPS of $1.47, up 10% from prior year. Segment margins expanded 120 basis points, and free cash flow improved by over $900M. These results were described as a ""strong start"" and ""pleased with our performance,"" indicating a beat or at least a solid meet versus expectations.

Step 2 — GUIDANCE
Guidance was maintained across all segments, with explici",12256,383
GPT-xgb-inject,binary,RTX,UP,"<reasoning>
Step 1 — EARNINGS SURPRISE  
Reported Q1 adjusted sales of $20.3B were up 5% (8% organically), segment operating profit up 18%, adjusted EPS of $1.47 up 10% y/y, and segment margin expanded 120 bps. Free cash flow improved by $900M y/y. These results are described as a ""strong start"" and ""pleased with our performance."" No explicit mention of consensus beats, but the tone and numbers suggest at least an in-line to modest beat.

Step 2 — GUIDANCE  
Guidance was maintained across all se",11941,380
GPT-feat-inject,binary,SBUX,DOWN,"<reasoning>
Step 1 — EARNINGS SURPRISE
Starbucks reported Q2 revenue of $8.8 billion, a global comparable store sales decline of 1%, operating margin of 8.2% (down 450bps YoY), and EPS of $0.41 (down 38% YoY). Management repeatedly described results as ""disappointing"" and ""far below our capability."" There is no indication of a beat; these results are a clear miss versus expectations.

Step 2 — GUIDANCE
No explicit forward guidance was provided. The new CFO stated, ""it would be premature for me t",12387,373
GPT-feat-only,binary,SBUX,UP,"<reasoning>
Step 1 — EARNINGS SURPRISE  
No explicit data on beats or misses is available from the NLP features. The absence of strong positive or negative sentiment from management or analysts suggests results were likely in line with expectations.

Step 2 — GUIDANCE  
No direct evidence of raised or lowered guidance. The transcript does not indicate a shift in outlook, and modal language is described as ""mixed confidence,"" implying guidance was likely maintained or not materially changed.

Ste",705,253
GPT-speaker-seg,binary,SBUX,DOWN,"<reasoning>
Step 1 — EARNINGS SURPRISE
No specific figures or commentary on revenue, EPS, or margin performance are provided. There is no evidence of a beat or miss.

Step 2 — GUIDANCE
No explicit mention of forward guidance being raised, maintained, or lowered. Guidance signal is absent.

Step 3 — TONE & LANGUAGE
Overall transcript tone is net positive (+0.0162), with more positive than negative language. However, modal language is described as ""mixed confidence,"" and both management and analys",684,199
GPT-contrastive,binary,SBUX,DOWN,"<reasoning>
Step 1 — EARNINGS SURPRISE
Starbucks reported Q2 revenue of $8.8 billion, a global comparable store sales decline of 1%, operating margin of 8.2% (down 450bps YoY), and EPS of $0.41 (down 38% YoY). Management repeatedly described results as ""disappointing"" and ""far below our capability,"" clearly indicating a miss versus expectations.

Step 2 — GUIDANCE
No explicit forward guidance was provided. The new CFO stated, ""it would be premature for me to provide such insights,"" and managemen",12751,321
GPT-xgb-inject,binary,SBUX,DOWN,"<reasoning>
Step 1 — EARNINGS SURPRISE  
Reported figures were weak and below expectations. EPS was $0.41, down 38% from the prior year. Revenue was $8.8 billion, up 3% in constant currency, but global comparable store sales declined 1%, with US comps down 2% and US transactions down 4%. Operating margin contracted 450 basis points to 8.2%. Management repeatedly described results as ""disappointing"" and ""far below our capability,"" and explicitly stated, ""our Q2 2025 financial results were disappo",12432,433
GPT-feat-inject,binary,SCHW,UP,"<reasoning>
Step 1 — EARNINGS SURPRISE  
SCHW reported very strong Q1 results: year-over-year revenue growth of 18% to $5.6 billion, record net revenues, and a 41% year-over-year increase in adjusted EPS ($1.04 vs. prior year). Net interest margin expanded 20bps sequentially, and pretax profit margin expanded over 500bps vs. Q1 '24. These results are repeatedly described as ""record"" and ""strong,"" indicating a clear beat versus expectations.

Step 2 — GUIDANCE  
Guidance was constructive and main",10763,394
GPT-feat-only,binary,SCHW,UP,"<reasoning>
Step 1 — EARNINGS SURPRISE  
No explicit data on beats or misses is available. The transcript features do not mention any specific numbers or language indicating a clear earnings surprise in either direction.

Step 2 — GUIDANCE  
There is no mention of forward guidance being raised, maintained, or lowered. The absence of guidance commentary is notable, as this is a key driver for post-earnings moves.

Step 3 — TONE & LANGUAGE  
Overall transcript tone is net positive (+0.0120), with ",706,226
GPT-speaker-seg,binary,SCHW,UP,"<reasoning>
Step 1 — EARNINGS SURPRISE
No specific numbers or commentary on beats/misses are provided in the transcript. There is no evidence of a material earnings surprise.

Step 2 — GUIDANCE
No explicit mention of forward guidance being raised, maintained, or lowered. Guidance is absent from the provided information.

Step 3 — TONE & LANGUAGE
Overall transcript tone is net positive (+0.0120), with more positive than negative language. However, both management and analyst sentiment are neutral",685,193
GPT-contrastive,binary,SCHW,UP,"<reasoning>
Step 1 — EARNINGS SURPRISE
SCHW reported very strong Q1 2025 results: year-over-year revenue growth of 18% to $5.6 billion, record net revenues, and a 41% year-over-year increase in adjusted EPS to $1.04. Margins expanded, with a 46.2% adjusted pretax profit margin (over 500bps expansion vs. 1Q '24). These results are clearly a beat versus expectations, as both management and analysts repeatedly reference the strength and surprise of the quarter.

Step 2 — GUIDANCE
Guidance was const",11123,411
GPT-xgb-inject,binary,SCHW,UP,"<reasoning>
Step 1 — EARNINGS SURPRISE  
SCHW reported very strong Q1 2025 results: year-over-year revenue growth of 18% to $5.6 billion, record net revenues, and a 41% year-over-year increase in adjusted EPS ($1.04 vs. prior year). Margins expanded, with a 46.2% adjusted pretax profit margin (500+ bps expansion). These figures indicate a clear beat versus expectations, as management repeatedly refers to ""record"" results and ""strong financial performance.""

Step 2 — GUIDANCE  
Guidance was const",10809,403
GPT-feat-inject,binary,SHW,UP,"<reasoning>
Step 1 — EARNINGS SURPRISE
Adjusted EPS grew by 3.7% to $2.25, with gross margin and EBITDA margin expanding. Sales were within the guided range, with Paint Stores Group showing growth offset by softness in other segments. No explicit mention of a beat or miss versus consensus, but the language (""solid first quarter results,"" ""within our guided range"") suggests results met or slightly exceeded expectations.

Step 2 — GUIDANCE
Guidance was maintained: ""we are reaffirming the full year",11184,337
GPT-feat-only,binary,SHW,UP,"<reasoning>
Step 1 — EARNINGS SURPRISE  
No explicit data on beats or misses is available. The transcript's overall net sentiment is positive, but management and analyst sentiment are both neutral, suggesting no strong reaction to reported figures. This implies results likely met expectations, with no clear evidence of a significant earnings surprise.

Step 2 — GUIDANCE  
There is no mention of forward guidance being raised, maintained, or lowered. The absence of strong positive or negative lang",707,277
GPT-speaker-seg,binary,SHW,DOWN,"<reasoning>
Step 1 — EARNINGS SURPRISE
No specific figures or commentary on EPS, revenue, or margins are provided. There is no evidence of a beat or miss.

Step 2 — GUIDANCE
No explicit mention of forward guidance being raised, maintained, or lowered. Guidance signal is absent.

Step 3 — TONE & LANGUAGE
Overall transcript tone is NET POSITIVE, with more positive than negative language (+0.0089 net sentiment). However, modal language is described as ""mixed confidence,"" and both management and ana",686,207
GPT-contrastive,binary,SHW,UP,"<reasoning>
Step 1 — EARNINGS SURPRISE
Sherwin-Williams reported adjusted EPS growth of 3.7% to $2.25/share, gross margin and EBITDA margin expansion, and SG&A decreased due to cost control. Sales were within the guided range, with Paint Stores Group showing growth offset by softness in other segments. No explicit mention of a beat or miss versus consensus, but the tone and details suggest results were at least in line, possibly modestly better than expected given the challenging environment.

S",11542,355
GPT-xgb-inject,binary,SHW,UP,"<reasoning>
Step 1 — EARNINGS SURPRISE
Adjusted EPS grew by 3.7% to $2.25, gross margin and gross profit dollars expanded, SG&A decreased, and EBITDA margin expanded. Sales were ""within our guided range"" with Paint Stores Group growth offset by softness in other segments. No explicit beat or miss versus consensus is stated, but the tone suggests results were in line to slightly better than expected, especially on margins and cost control.

Step 2 — GUIDANCE
Guidance was reaffirmed: ""we are reaff",11232,404
GPT-feat-inject,binary,SO,UP,"<reasoning>
Step 1 — EARNINGS SURPRISE
SO reported adjusted EPS of $1.23 for Q1 2025, which is $0.03 above their own estimate and $0.20 higher than Q1 2024. Management explicitly stated: ""we reported adjusted earnings results for the first quarter above our estimate, with year-over-year growth reflected across all our major businesses."" No explicit revenue beat/miss was mentioned, but the EPS beat is clear.

Step 2 — GUIDANCE
Guidance was maintained: ""Our financial outlook remains strong, and we",8404,387
GPT-feat-only,binary,SO,DOWN,"<reasoning>
Step 1 — EARNINGS SURPRISE  
No information on reported figures or whether SO beat, met, or missed expectations. No numbers are mentioned.  

Step 2 — GUIDANCE  
No explicit mention of forward guidance being raised, maintained, or lowered. Guidance signal is absent.  

Step 3 — TONE & LANGUAGE  
Overall transcript tone is NEUTRAL, with positive and negative language roughly balanced (net sentiment +0.0046). Management and analyst sentiment are both neutral, with no divergence. Modal ",704,211
GPT-speaker-seg,binary,SO,DOWN,"<reasoning>
Step 1 — EARNINGS SURPRISE
No specific figures or commentary on revenue, EPS, or margins are provided. There is no evidence of a beat or miss.

Step 2 — GUIDANCE
No explicit mention of forward guidance being raised, maintained, or lowered. Guidance is absent from the transcript.

Step 3 — TONE & LANGUAGE
Overall transcript tone is neutral, with positive and negative language roughly balanced. Both management and analyst sentiment are neutral, with no strong confidence or caution evid",683,194
GPT-contrastive,binary,SO,UP,"<reasoning>
Step 1 — EARNINGS SURPRISE
Southern Company reported Q1 2025 adjusted EPS of $1.23, which is $0.03 above their estimate and $0.20 higher than Q1 2024. This is a clear beat on both internal guidance and year-over-year comparison. No explicit mention of revenue surprise, but the EPS beat is the primary focus.

Step 2 — GUIDANCE
Guidance was maintained: ""Our financial outlook remains strong, and we remain focused on disciplined execution."" There is no explicit raise or cut to full-year ",8761,347
GPT-xgb-inject,binary,SO,UP,"<reasoning>
Step 1 — EARNINGS SURPRISE
Southern Company reported Q1 adjusted EPS of $1.23, which was $0.20 higher than Q1 2024 and $0.03 above their own estimate. There is no explicit mention of consensus analyst estimates, but the company states ""we reported adjusted earnings results for the first quarter above our estimate, with year-over-year growth reflected across all our major businesses."" This is a clear beat on internal guidance and likely a modest beat on consensus.

Step 2 — GUIDANCE
G",8356,429
GPT-feat-inject,binary,SPG,DOWN,"<reasoning>
Step 1 — EARNINGS SURPRISE
Reported real estate FFO was $2.95 per share in Q1 vs. $2.91 prior year, showing modest growth. However, first quarter funds from operation (FFO) was $2.67 per share compared to $3.56 per share last year, but last year included $0.81 per share in after-tax net gains from asset sales, so the underlying business appears stable. Lease income grew 5%, occupancy improved, and NOI increased 3.4% domestically and 3.6% portfolio-wide. No explicit mention of consens",9026,393
GPT-feat-only,binary,SPG,DOWN,"<reasoning>
Step 1 — EARNINGS SURPRISE  
No specific numbers are provided. The overall transcript tone is neutral, with balanced positive and negative language and no indication of a beat or miss. This suggests results likely met expectations.

Step 2 — GUIDANCE  
There is no mention of raised or lowered guidance. The dominance of hedged language (""may"", ""could"", ""might"") and the absence of strong positive or negative sentiment imply that guidance was likely maintained or not meaningfully update",716,249
GPT-speaker-seg,binary,SPG,DOWN,"<reasoning>
Step 1 — EARNINGS SURPRISE  
No specific figures are provided regarding revenue, EPS, or margins. There is no mention of a beat, meet, or miss versus expectations.

Step 2 — GUIDANCE  
No explicit guidance update is mentioned. There is no language indicating raised, maintained, or lowered outlook.

Step 3 — TONE & LANGUAGE  
Overall transcript tone is NEUTRAL, with positive and negative language roughly balanced. The net sentiment is slightly positive (+0.0016), but hedged language d",695,205
GPT-contrastive,binary,SPG,DOWN,"<reasoning>
Step 1 — EARNINGS SURPRISE
Reported real estate FFO was $2.95 per share in Q1 vs. $2.91 prior year, with a 5% increase in lease income and occupancy up 40-70 bps. However, first quarter funds from operation were $2.67 per share vs. $3.56 last year, but last year included $0.81 per share in one-time gains. The company notes results ""exceeded our plan."" Overall, core operating results were solid and in line or slightly above expectations, adjusting for one-time items.

Step 2 — GUIDANC",9376,426
GPT-xgb-inject,binary,SPG,DOWN,"<reasoning>
Step 1 — EARNINGS SURPRISE  
Reported real estate FFO was $2.95 per share in Q1 vs. $2.91 prior year, with NOI up 3.4% domestically and 3.6% portfolio-wide. However, first quarter funds from operation were $2.67 per share vs. $3.56 last year, but last year included $0.81 per share in one-time gains. The company states results ""exceeded our plan,"" but there is no explicit mention of beating analyst consensus. Overall, results appear in line to slightly positive on a core basis, but no",9058,426
GPT-feat-inject,binary,SPGI,UP,"<reasoning>
Step 1 — EARNINGS SURPRISE  
S&P Global reported a strong Q1: total revenue up 8% YoY, adjusted diluted EPS up 9%, margin expansion of 100 bps YoY (trailing twelve-month margin up 240 bps to 49.3%). All five divisions grew, with notable strength in indices (+15% revenue), commodity insights (+9%), and mobility (+9%). Management and CFO repeatedly described results as a ""very strong start"" and ""impressive."" No explicit mention of consensus beats, but the language and numbers suggest a",13037,500
GPT-feat-only,binary,SPGI,DOWN,"<reasoning>
Step 1 — EARNINGS SURPRISE  
No explicit data on beats or misses is available from the NLP features. There is no mention of specific numbers or language indicating a surprise in either direction.

Step 2 — GUIDANCE  
No direct evidence of raised, maintained, or lowered guidance is present. The transcript features do not reference forward-looking statements or changes to outlook.

Step 3 — TONE & LANGUAGE  
Overall transcript tone is net positive (+0.0088), with more positive than neg",705,254
GPT-speaker-seg,binary,SPGI,DOWN,"<reasoning>
Step 1 — EARNINGS SURPRISE  
No specific figures or beats/misses are provided in the transcript. There is no evidence of a positive or negative earnings surprise.

Step 2 — GUIDANCE  
No explicit mention of forward guidance being raised, maintained, or lowered. Guidance signal is absent.

Step 3 — TONE & LANGUAGE  
Overall transcript tone is net positive (+0.0088), with more positive than negative language. However, modal language is described as ""mixed confidence,"" and both manageme",684,210
GPT-contrastive,binary,SPGI,UP,"<reasoning>
Step 1 — EARNINGS SURPRISE
S&P Global reported strong Q1 results: total revenue up 8% YoY, adjusted diluted EPS up 9%, and margin expansion of 100 bps YoY (240 bps TTM to a record 49.3%). All divisions showed growth, with notable strength in commodity insights (+9% revenue), mobility (+9%), and indices (+15%). These results are described as a ""very strong start to 2025"" and ""solid growth in every division."" No explicit mention of consensus beats, but the language and numbers suggest ",13397,500
GPT-xgb-inject,binary,SPGI,DOWN,"<reasoning>
Step 1 — EARNINGS SURPRISE  
S&P Global reported strong Q1 results: total revenue up 8% YoY, adjusted diluted EPS up 9%, margin expansion of 100 bps YoY (240 bps TTM), and growth in all divisions. Segment highlights include 9% organic constant currency revenue growth, 9% mobility revenue growth, 15% indices revenue growth, and 9% commodity insights revenue growth. Margins remain strong (e.g., indices at 72.9%). No explicit mention of consensus beats, but the language (""very strong st",13082,500
GPT-feat-inject,binary,SRE,UP,"<reasoning>
Step 1 — EARNINGS SURPRISE
Sempra reported Q1 2025 adjusted EPS of $1.44, up from $1.34 in the prior year. GAAP earnings were $1.39 per share, up from $1.26. The transcript does not mention consensus estimates, but the language ""compares favorably to the prior period's results"" and ""solid start to the year"" suggests at least an in-line, possibly a modest beat. No explicit revenue beat/miss is stated, but margin commentary is positive.

Step 2 — GUIDANCE
Guidance was maintained: ""we'r",12688,416
GPT-feat-only,binary,SRE,DOWN,"<reasoning>
Step 1 — EARNINGS SURPRISE  
No explicit data on earnings surprise (revenue, EPS, margins) is provided in the NLP features. Therefore, there is no clear signal of a beat or miss.

Step 2 — GUIDANCE  
There is no mention of forward guidance being raised, maintained, or lowered. The presence of dominant hedged language (""may"", ""could"", ""might"") suggests that if guidance was discussed, it was likely cautious or non-committal.

Step 3 — TONE & LANGUAGE  
Overall transcript tone is net po",713,304
GPT-speaker-seg,binary,SRE,DOWN,"<reasoning>
Step 1 — EARNINGS SURPRISE
No specific figures or commentary on revenue, EPS, or margins are provided. There is no evidence of a beat or miss.

Step 2 — GUIDANCE
No explicit mention of forward guidance being raised, maintained, or lowered. Guidance commentary is absent.

Step 3 — TONE & LANGUAGE
Overall transcript tone is net positive (+0.0095), with more positive than negative language. However, the modal language is hedged (""may"", ""could"", ""might""), indicating caution. Both managem",692,197
GPT-contrastive,binary,SRE,UP,"<reasoning>
Step 1 — EARNINGS SURPRISE
Sempra reported Q1 2025 adjusted EPS of $1.44, up from $1.34 in the prior year. GAAP earnings were also up year-over-year ($1.39 vs $1.26). No explicit mention of consensus, but the language (""pleased with these financial results,"" ""solid start to the year"") and lack of negative analyst pushback suggest at least an in-line, likely modest beat.

Step 2 — GUIDANCE
Full-year 2025 adjusted EPS guidance was affirmed at $4.30 to $4.70, and 2026 EPS guidance was a",13037,357
GPT-xgb-inject,binary,SRE,UP,"<reasoning>
Step 1 — EARNINGS SURPRISE
Sempra reported Q1 2025 adjusted EPS of $1.44 vs. $1.34 in the prior period, and GAAP EPS of $1.39 vs. $1.26 prior year. No explicit mention of consensus, but the language (""compares favorably"") and the detailed breakdown of positive drivers (higher CPUC-based margin, tax benefits) suggest a beat or at least a solid result. No negative surprises flagged.

Step 2 — GUIDANCE
Full-year 2025 adjusted EPS guidance of $4.30 to $4.70 was affirmed, as was 2026 EPS ",12632,383
GPT-feat-inject,binary,SYK,UP,"<reasoning>
Step 1 — EARNINGS SURPRISE
Stryker reported Q1 organic sales growth of 10.1% (vs. 10% in Q1 2024, with one fewer selling day), adjusted EPS of $2.84 (up 13.6% YoY), and adjusted gross margin of 65.5% (up 190 bps YoY). Operating margin expanded by 100 bps. Analysts repeatedly congratulated management on a ""really nice quarter"" and ""impressive"" results, indicating a clear beat on expectations.

Step 2 — GUIDANCE
Guidance was raised: ""we are raising our organic net sales growth guidance",13200,363
GPT-feat-only,binary,SYK,UP,"<reasoning>
Step 1 — EARNINGS SURPRISE  
No explicit data on beats or misses is available. The overall transcript tone is net positive, but management and analyst sentiment are both neutral, suggesting no strong reaction to reported figures. This likely indicates results were in line with expectations.

Step 2 — GUIDANCE  
No direct evidence of raised or lowered guidance. The absence of strong positive or negative language, and the use of mixed confidence modal language, suggests guidance was li",705,270
GPT-speaker-seg,binary,SYK,DOWN,"<reasoning>
Step 1 — EARNINGS SURPRISE
No specific figures or beats/misses are provided in the transcript or summary. Therefore, there is no clear signal from earnings surprise.

Step 2 — GUIDANCE
No explicit mention of raised, maintained, or lowered guidance. Absence of guidance is a neutral to slightly negative signal, as positive companies typically highlight raised guidance.

Step 3 — TONE & LANGUAGE
Overall transcript tone is net positive (+0.0071), with more positive than negative language",684,214
GPT-contrastive,binary,SYK,UP,"<reasoning>
Step 1 — EARNINGS SURPRISE
Stryker reported Q1 organic sales growth of 10.1% (vs. 10% in Q1 2024, with one fewer selling day), adjusted EPS of $2.84 (up 13.6% YoY), and adjusted gross margin of 65.5% (up 190 bps YoY). Operating margin expanded by 100 bps. These results were described as a ""beat"" by analysts, with multiple congratulatory remarks on a ""really nice quarter"" and ""impressive"" performance. No indication of a miss or disappointment.

Step 2 — GUIDANCE
Guidance was raised: """,13560,415
GPT-xgb-inject,binary,SYK,UP,"<reasoning>
Step 1 — EARNINGS SURPRISE  
Stryker reported Q1 organic sales growth of 10.1% (vs. 10% in Q1 2024, with one fewer selling day), adjusted EPS of $2.84 (up 13.6% YoY), and adjusted gross margin of 65.5% (up 190 bps YoY). Operating margin expanded by 100 bps. These results were described by analysts as a ""really nice quarter"" and ""impressive,"" indicating a clear beat on both revenue and EPS.

Step 2 — GUIDANCE  
Full-year organic sales growth guidance was raised to 8.5%–9.5% (from prio",13248,449
GPT-feat-inject,binary,TJX,DOWN,"<reasoning>
Step 1 — EARNINGS SURPRISE
TJX delivered a strong earnings surprise: ""sales, profitability, and earnings per share were all well above our expectations."" Q4 comp sales +5% (driven by transactions), Q4 EPS $1.23 vs $1.12 prior year (up 10%), and full-year EPS $4.26 vs $3.76 (up 13%). Margins also beat: Q4 pretax profit margin 11.6% (up 70bps YoY, above plan), gross margin up 100bps. All divisions outperformed, especially Canada (+10% comps) and International (+7%).

Step 2 — GUIDANCE
",11454,468
GPT-feat-only,binary,TJX,UP,"<reasoning>
Step 1 — EARNINGS SURPRISE
No explicit data on earnings surprise (beat/meet/miss) is available from the NLP features. Therefore, no direct signal from reported figures.

Step 2 — GUIDANCE
No explicit mention of forward guidance being raised, maintained, or lowered. Absence of negative language or uncertainty suggests guidance was not cut, but no strong positive signal of raised guidance.

Step 3 — TONE & LANGUAGE
Overall transcript tone is NET POSITIVE, with a positive word ratio (0.",712,258
GPT-speaker-seg,binary,TJX,UP,"<reasoning>
Step 1 — EARNINGS SURPRISE
No explicit mention of reported figures or whether TJX beat, met, or missed analyst expectations. No numbers are quoted.

Step 2 — GUIDANCE
No explicit mention of forward guidance being raised, maintained, or lowered. Guidance language is absent from the transcript summary.

Step 3 — TONE & LANGUAGE
Overall transcript tone is NET POSITIVE, with a positive word ratio (0.0234) significantly higher than negative (0.0078), and confident modal language dominates",691,196
GPT-contrastive,binary,TJX,DOWN,"<reasoning>
Step 1 — EARNINGS SURPRISE
TJX delivered a clear beat: ""sales, profitability, and earnings per share were all well above our expectations."" Q4 comp sales +5% (driven by transactions), pretax profit margin 11.6% (up 70bps y/y, above high end of plan), EPS $1.23 (+10% y/y, well above plan). Full-year EPS $4.26 (+13% y/y, above guidance). Gross margin up 100bps y/y. All divisions outperformed, especially Canada (+10% comps) and International (+7%).

Step 2 — GUIDANCE
Guidance is more mi",11813,488
GPT-xgb-inject,binary,TJX,DOWN,"<reasoning>
Step 1 — EARNINGS SURPRISE  
Reported Q4 results were strong and clearly beat expectations: ""sales, profitability, and earnings per share were all well above our expectations."" Q4 comp sales +5% (driven by transactions), pretax profit margin 11.6% (up 70bps vs last year and above the high end of plan), gross margin up 100bps, EPS $1.23 (+10% vs last year, well above plan). Full-year EPS $4.26 (+13% vs last year, above guidance). All divisions posted strong comps, especially Canada (+",11497,500
GPT-feat-inject,binary,TMO,DOWN,"<reasoning>
Step 1 — EARNINGS SURPRISE
Thermo Fisher delivered Q1 revenue of $10.36B and adjusted EPS of $5.15, both ahead of expectations (""revenue performance ahead of our expectations"", ""earnings that were also ahead of expectations"", ""Organic revenue growth was approximately $100 million or 1% ahead, and adjusted EPS was $0.04 ahead""). GAAP EPS up 15% YoY. Margins were slightly down YoY but explained by FX and mix; overall, a clean beat.

Step 2 — GUIDANCE
Guidance was LOWERED: ""Our updated ",11506,387
GPT-feat-only,binary,TMO,UP,"<reasoning>
Step 1 — EARNINGS SURPRISE  
No explicit mention of beats or misses; the NLP features do not reference any specific numbers or language indicating an earnings surprise. Therefore, there is no clear signal of a beat or miss.

Step 2 — GUIDANCE  
No evidence of raised, maintained, or lowered guidance. The transcript features do not mention guidance language, so this signal is absent.

Step 3 — TONE & LANGUAGE  
Overall transcript tone is net positive (+0.0157), with a higher positive w",706,244
GPT-speaker-seg,binary,TMO,DOWN,"<reasoning>
Step 1 — EARNINGS SURPRISE
No specific numbers or commentary on EPS, revenue, or margin beats/misses are provided in the transcript. Therefore, there is no clear signal of an earnings surprise.

Step 2 — GUIDANCE
There is no explicit mention of forward guidance being raised, maintained, or lowered. The absence of guidance is a neutral to slightly negative signal, as positive reactions typically require clear, upbeat guidance.

Step 3 — TONE & LANGUAGE
Overall transcript tone is net p",685,232
GPT-contrastive,binary,TMO,DOWN,"<reasoning>
Step 1 — EARNINGS SURPRISE
Thermo Fisher reported Q1 revenue of $10.36B and adjusted EPS of $5.15, both ahead of expectations (""revenue performance ahead of our expectations"", ""earnings that were also ahead of expectations"", ""Organic revenue growth was approximately $100 million or 1% ahead, and adjusted EPS was $0.04 ahead""). GAAP EPS up 15% YoY. Margins were slightly down YoY but not materially.

Step 2 — GUIDANCE
Guidance was lowered: ""Our updated guidance range for the year is re",11866,396
GPT-xgb-inject,binary,TMO,DOWN,"<reasoning>
Step 1 — EARNINGS SURPRISE  
Thermo Fisher delivered a ""clean beat"" for Q1: revenue was $10.36B (ahead of expectations), adjusted EPS was $5.15 (grew 1% YoY, $0.04 ahead of prior guidance), and organic revenue growth was 1% (about $100M ahead). Management repeatedly emphasized ""excellent execution"" and ""financials ahead of what we'd assumed in our prior guidance."" Margins were slightly down YoY (adjusted operating margin 21.9%, down 10bps), but this was attributed to FX and mix, not ",11551,458
GPT-feat-inject,binary,TMUS,UP,"<reasoning>
Step 1 — EARNINGS SURPRISE
T-Mobile US reported a ""really strong quarter,"" with record Q1 postpaid net additions, 8% YoY postpaid service revenue growth, 5% overall service revenue growth (triple the next closest competitor), 8% YoY core adjusted EBITDA growth (double peer average), and $4.4B in adjusted free cash flow (Q1 record). These results indicate a clear beat versus expectations, as management repeatedly emphasized ""outsized performance versus peers and versus the high expect",12905,397
GPT-feat-only,binary,TMUS,UP,"<reasoning>
Step 1 — EARNINGS SURPRISE  
No explicit data on earnings surprise (revenue, EPS, margins) is available from the NLP features. Therefore, there is no clear signal of a beat or miss.

Step 2 — GUIDANCE  
No information is provided regarding forward guidance (raised, maintained, or lowered). The absence of guidance commentary is a neutral signal.

Step 3 — TONE & LANGUAGE  
Overall transcript tone is net positive (+0.0077), with a higher positive word ratio (0.0186) than negative (0.01",706,257
GPT-speaker-seg,binary,TMUS,DOWN,"<reasoning>
Step 1 — EARNINGS SURPRISE
No specific figures or commentary on revenue, EPS, or margins are provided. There is no evidence of a beat, miss, or meet.

Step 2 — GUIDANCE
No explicit mention of forward guidance being raised, maintained, or lowered. Guidance signal is absent.

Step 3 — TONE & LANGUAGE
Overall transcript tone is net positive (+0.0077), with more positive than negative language. However, modal language is mixed confidence, and both management and analyst sentiment are neu",685,199
GPT-contrastive,binary,TMUS,UP,"<reasoning>
Step 1 — EARNINGS SURPRISE
Management described Q1 as ""another really strong quarter,"" highlighting ""industry-leading customer service, revenue, and EBITDA growth yet again."" Specifics: postpaid service revenues grew 8% YoY, overall service revenues up 5% (triple the next closest competitor), core adjusted EBITDA up 8% YoY (double peer average), and adjusted free cash flow of $4.4B (Q1 record). These results indicate a clear beat versus expectations and peers.

Step 2 — GUIDANCE
Guid",13265,426
GPT-xgb-inject,binary,TMUS,UP,"<reasoning>
Step 1 — EARNINGS SURPRISE  
The company reported ""another really strong quarter,"" with ""best-ever Q1 for total postpaid net additions,"" ""postpaid ARPA growth of nearly 4%, our highest Q1 in eight years,"" and ""core adjusted EBITDA also grew 8% year over year, double the average of our wireless peer group."" Adjusted free cash flow was $4.4 billion, a new Q1 record. Service revenues grew 5%, triple the next closest competitor. All metrics cited point to a clear beat versus expectations",12954,432
GPT-feat-inject,binary,TSLA,UP,"<reasoning>
Step 1 — EARNINGS SURPRISE  
No explicit EPS or revenue figures are quoted in the transcript, nor is there a clear statement of a beat or miss versus consensus. However, there are several references to ""decline of our vehicle deliveries in the first quarter,"" ""auto margins declined sequentially,"" and ""other income reduced significantly... due to Bitcoin mark to market loss."" Energy storage business hit ""record gross profit,"" but overall, the auto business saw lower deliveries and mar",14574,500
GPT-feat-only,binary,TSLA,DOWN,"<reasoning>
Step 1 — EARNINGS SURPRISE  
No explicit data on beats or misses is available. The overall neutral tone and lack of positive or negative sentiment spikes suggest results were in line with expectations (met consensus).

Step 2 — GUIDANCE  
No evidence of raised or lowered guidance is present. The transcript features confident modal language (""will"", ""shall""), but without a positive or negative tilt, this likely reflects maintained guidance rather than a change.

Step 3 — TONE & LANGUA",710,256
GPT-speaker-seg,binary,TSLA,DOWN,"<reasoning>
Step 1 — EARNINGS SURPRISE
No specific figures are provided in the transcript, and there is no mention of a beat or miss. The absence of positive or negative surprise language suggests results were in line with expectations.

Step 2 — GUIDANCE
There is no explicit mention of forward guidance being raised, maintained, or lowered. The lack of guidance commentary is a neutral to slightly negative signal, as the market often looks for positive outlooks.

Step 3 — TONE & LANGUAGE
Overall ",689,221
GPT-contrastive,binary,TSLA,UP,"<reasoning>
Step 1 — EARNINGS SURPRISE  
No explicit EPS or revenue numbers are quoted in the transcript, nor is there a clear statement of a beat or miss versus consensus. However, there are several hints of operational challenges: ""auto margins declined sequentially primarily due to a reduction in the total number of deliveries, lower fixed cost absorption due to factory change awards and lower regulatory credit revenues..."" and ""other income reduced significantly on a sequential basis... Bitc",14932,500
GPT-xgb-inject,binary,TSLA,UP,"<reasoning>
Step 1 — EARNINGS SURPRISE  
No explicit EPS or revenue numbers are quoted in the transcript, but there are clear references to negative operational results: ""auto margins declined sequentially primarily due to a reduction in the total number of deliveries, lower fixed cost absorption due to factory change awards and lower regulatory credit revenues..."" and ""there has been a lot of speculation as to the reasons for decline of our vehicle deliveries in the first quarter."" There is als",14609,500
GPT-feat-inject,binary,TT,UP,"<reasoning>
Step 1 — EARNINGS SURPRISE
Trane Technologies delivered strong Q1 results: 11% organic revenue growth, 130 bps adjusted EBITDA margin expansion, and 26% adjusted EPS growth. Bookings were robust (up 4%), with a book-to-bill ratio of 113% for the enterprise. Management and analysts repeatedly referenced ""strong"" and ""record"" results, with no indication of a miss or disappointment.

Step 2 — GUIDANCE
Guidance was maintained but with a positive bias: ""we are maintaining our prior guidan",12550,342
GPT-feat-only,binary,TT,DOWN,"<reasoning>
Step 1 — EARNINGS SURPRISE  
No explicit data on earnings surprise (revenue, EPS, margins) is provided in the NLP features. Therefore, there is no clear signal of a beat or miss.

Step 2 — GUIDANCE  
There is no mention of forward guidance being raised, maintained, or lowered. The absence of guidance commentary is a neutral to slightly negative signal, as companies often highlight positive outlooks if available.

Step 3 — TONE & LANGUAGE  
Overall transcript tone is net positive (+0.",713,282
GPT-speaker-seg,binary,TT,DOWN,"<reasoning>
Step 1 — EARNINGS SURPRISE
No specific numbers or commentary on beats/misses are provided in the transcript. There is no evidence of a positive or negative earnings surprise.

Step 2 — GUIDANCE
No explicit mention of forward guidance being raised, maintained, or lowered. Absence of guidance is a neutral-to-slightly-negative signal, as the market often looks for clarity.

Step 3 — TONE & LANGUAGE
Overall transcript tone is net positive (+0.0129), but the modal language is hedged (""may",692,210
GPT-contrastive,binary,TT,UP,"<reasoning>
Step 1 — EARNINGS SURPRISE
Trane Technologies reported strong Q1 results: 11% organic revenue growth, 130 basis points of adjusted EBITDA margin expansion, and 26% adjusted EPS growth. Bookings were up 4% with a book-to-bill ratio of 113%. These figures indicate a clear beat versus expectations, as management and analysts repeatedly referenced ""strong"" and ""record"" results.

Step 2 — GUIDANCE
Guidance was maintained but with a bullish tilt: ""we are maintaining our prior guidance rang",12901,378
GPT-xgb-inject,binary,TT,UP,"<reasoning>
Step 1 — EARNINGS SURPRISE
Trane Technologies delivered strong Q1 results: 11% organic revenue growth, 130 bps adjusted EBITDA margin expansion, and 26% adjusted EPS growth. Bookings were up 4% with a book-to-bill ratio of 113%. These results are described as ""strong financial results"" and ""continuing our track record of industry-leading revenue and EPS growth."" There is no explicit mention of consensus estimates, but the language and numbers suggest a beat or at least a solid meet.
",12587,434
GPT-feat-inject,binary,TXN,UP,"<reasoning>
Step 1 — EARNINGS SURPRISE  
Revenue for Q1 was $4.1B, up 2% sequentially and 11% YoY. EPS was $1.28, which included a $0.05 benefit not in original guidance. Gross margin was 57%, down 90bps sequentially but up YoY. Management noted revenue and gross margin were above the midpoint of guidance, driven by higher revenue and a favorable mix. No explicit mention of consensus, but the tone and details suggest a modest beat.

Step 2 — GUIDANCE  
Q2 revenue guidance: $4.17B–$4.53B, EPS: $1",9097,421
GPT-feat-only,binary,TXN,DOWN,"<reasoning>
Step 1 — EARNINGS SURPRISE  
No explicit data on beats or misses is available. The overall transcript tone is neutral, with no positive or negative skew, suggesting results likely met expectations rather than a significant beat or miss.

Step 2 — GUIDANCE  
No evidence of raised or lowered guidance is present. The absence of strong positive or negative language, and the use of mixed confidence modal language, implies guidance was likely maintained or not materially changed.

Step 3 —",705,251
GPT-speaker-seg,binary,TXN,DOWN,"<reasoning>
Step 1 — EARNINGS SURPRISE
No specific numbers or commentary on beats/misses are provided in the transcript. There is no evidence of a material earnings surprise.

Step 2 — GUIDANCE
No explicit mention of forward guidance being raised, maintained, or lowered. Absence of positive guidance is notable.

Step 3 — TONE & LANGUAGE
Overall transcript tone is NEUTRAL, with positive and negative language roughly balanced. Both management and analyst sentiment are neutral, with no strong confi",684,194
GPT-contrastive,binary,TXN,DOWN,"<reasoning>
Step 1 — EARNINGS SURPRISE
Revenue for Q1 was $4.1 billion, up 2% sequentially and 11% year over year. EPS was $1.28, which included a $0.05 benefit not in original guidance. Gross margin was 57%, down 90bps sequentially. Operating profit was up 3% YoY. Management stated revenue and gross margin were better than expected, mainly due to higher revenue and a favorable mix. No explicit consensus numbers are quoted, but the language and Q&A suggest a modest beat.

Step 2 — GUIDANCE
Q2 gu",9456,429
GPT-xgb-inject,binary,TXN,UP,"<reasoning>
Step 1 — EARNINGS SURPRISE  
Revenue for Q1 was $4.1B, up 2% sequentially and 11% YoY. EPS was $1.28, which included a $0.05 benefit not in original guidance. Gross margin was 57%, down 90bps sequentially but up YoY. Gross profit and operating profit were both up YoY. Management noted revenue and gross margin did better than expected, mainly due to higher revenue and a favorable mix. No explicit mention of consensus, but the tone and details suggest a modest beat.

Step 2 — GUIDANCE ",9138,442
GPT-feat-inject,binary,UBER,UP,"<reasoning>
Step 1 — EARNINGS SURPRISE  
No explicit EPS or revenue beat/miss figures are quoted in the transcript. However, management repeatedly highlights ""strong top line growth combined with even stronger profitability growth,"" ""all-time margins for the quarter,"" and ""very strong trip growth"" (19% YoY for three quarters). Delivery margins are up 70bps YoY, and incremental margins for delivery in Q1 were 9%. These comments suggest a likely beat or at least a solid meet on key metrics, with m",8280,398
GPT-feat-only,binary,UBER,DOWN,"<reasoning>
Step 1 — EARNINGS SURPRISE  
No explicit mention of beats or misses in the NLP features. The absence of strong positive or negative sentiment from management or analysts suggests results were likely in line with expectations.

Step 2 — GUIDANCE  
No evidence of raised or lowered guidance; hedged modal language (""may"", ""could"", ""might"") dominates, indicating management avoided strong commitments. This suggests guidance was likely maintained or absent, not upgraded.

Step 3 — TONE & LA",714,251
GPT-speaker-seg,binary,UBER,DOWN,"<reasoning>
Step 1 — EARNINGS SURPRISE
No specific numbers or commentary on revenue, EPS, or margin beats/misses are provided in the transcript. There is no evidence of a positive or negative earnings surprise.

Step 2 — GUIDANCE
No explicit mention of forward guidance being raised, maintained, or lowered. The transcript does not provide any guidance language.

Step 3 — TONE & LANGUAGE
Overall transcript tone is net positive (+0.0112), with more positive than negative language. However, hedged l",693,225
GPT-contrastive,binary,UBER,UP,"<reasoning>
Step 1 — EARNINGS SURPRISE
No explicit EPS or revenue numbers are quoted in the transcript, but management and the CFO repeatedly highlight ""all-time margins for the quarter,"" ""very strong trip growth,"" ""delivery margins... up 70 BPs versus a year ago,"" and ""strong profit expansion in the mobility business this quarter on a sequential basis and on a year-over-year basis."" There is no mention of a miss or disappointment, and the language suggests a beat or at least a solid meet with p",8631,402
GPT-xgb-inject,binary,UBER,DOWN,"<reasoning>
Step 1 — EARNINGS SURPRISE  
No explicit EPS or revenue numbers are quoted in the transcript, nor is there a clear reference to a beat or miss versus consensus. However, management repeatedly highlights ""all-time margins for the quarter,"" ""very strong trip growth,"" and ""very strong top line growth,"" suggesting operational outperformance. Delivery margins are up 70bps YoY, and grocery/retail is now accretive. There is no mention of a miss or disappointment.

Step 2 — GUIDANCE  
Guidan",8320,443
GPT-feat-inject,binary,UNH,DOWN,"<reasoning>
Step 1 — EARNINGS SURPRISE
Reported figures missed expectations. Management described Q1 performance as ""unusual and unacceptable,"" and specifically stated, ""we're revising our adjusted earnings per share outlook for the year to $26 to $26.50."" The medical care ratio is expected to be higher (87.5% +/- 50bps), reflecting higher utilization and less favorable member profiles. There was no mention of a beat on revenue or EPS; instead, the tone was disappointment and the need to address",12144,415
GPT-feat-only,binary,UNH,DOWN,"<reasoning>
Step 1 — EARNINGS SURPRISE  
No explicit data on beats or misses is available from the NLP features. There is no mention of specific numbers or language indicating a clear earnings surprise.

Step 2 — GUIDANCE  
No explicit mention of raised, maintained, or lowered guidance. The transcript features do not indicate any strong forward-looking statements or changes in outlook.

Step 3 — TONE & LANGUAGE  
Overall transcript tone is net positive (+0.0054), with more positive than negative",705,241
GPT-speaker-seg,binary,UNH,UP,"<reasoning>
Step 1 — EARNINGS SURPRISE
No specific figures or beats/misses are provided in the transcript or summary. There is no evidence of a material earnings surprise.

Step 2 — GUIDANCE
No explicit mention of forward guidance being raised, maintained, or lowered. Guidance signal is absent.

Step 3 — TONE & LANGUAGE
Overall transcript tone is net positive (+0.0054), with more positive than negative language. However, modal language is described as ""mixed confidence,"" and both management and ",684,202
GPT-contrastive,binary,UNH,DOWN,"<reasoning>
Step 1 — EARNINGS SURPRISE
Reported Q1 performance was described as ""unusual and unacceptable."" The company specifically revised its adjusted EPS outlook for the year to $26–$26.50, with management expressing disappointment: ""It's an outlook that I'm extremely disappointed to share with you."" Margins were pressured by higher-than-expected care activity, especially in Medicare Advantage, with the medical care ratio now expected to be 87.5% ± 50bps. Revenue outlook was maintained, but ",12504,426
GPT-xgb-inject,binary,UNH,DOWN,"<reasoning>
Step 1 — EARNINGS SURPRISE  
Reported figures missed expectations. Management described Q1 performance as ""unusual and unacceptable,"" and specifically stated, ""we're revising our adjusted earnings per share outlook for the year to $26 to $26.50."" The medical care ratio (MLR) increased to 87.5% (higher utilization, especially in Medicare Advantage), and Optum Health operating earnings and revenue outlooks were reduced. There is no mention of a beat on any key metric; rather, the quart",12192,413
GPT-feat-inject,binary,UNP,UP,"<reasoning>
Step 1 — EARNINGS SURPRISE  
Union Pacific reported Q1 2025 EPS of $2.70, which was ""essentially flat versus last year"" and included a $0.19 (7%) headwind from fuel and leap year. Operating income and net income were also flat. Freight revenue grew 1% (4% ex-fuel surcharge). Operating ratio was 60.7%, flat YoY. There is no explicit mention of beating or missing consensus, but the language (""solid start,"" ""good quarterly performance"") and lack of negative surprise suggest results were",14830,450
GPT-feat-only,binary,UNP,DOWN,"<reasoning>
Step 1 — EARNINGS SURPRISE  
No explicit data on earnings surprise (revenue, EPS, margins) is provided in the NLP features. Therefore, there is no clear signal of a beat or miss.

Step 2 — GUIDANCE  
No mention of forward guidance being raised, maintained, or lowered. The absence of guidance commentary is a neutral to slightly negative signal, as strong beats are often accompanied by raised guidance.

Step 3 — TONE & LANGUAGE  
Overall transcript tone is net positive (+0.0109), with ",704,235
GPT-speaker-seg,binary,UNP,DOWN,"<reasoning>
Step 1 — EARNINGS SURPRISE
No specific numbers or commentary on beats/misses are provided in the transcript. There is no evidence of a positive or negative earnings surprise.

Step 2 — GUIDANCE
No explicit mention of forward guidance being raised, maintained, or lowered. Guidance signal is absent.

Step 3 — TONE & LANGUAGE
Overall transcript tone is net positive (+0.0109), with more positive than negative language. However, both management and analyst sentiment are neutral, and modal",683,201
GPT-contrastive,binary,UNP,UP,"<reasoning>
Step 1 — EARNINGS SURPRISE  
Union Pacific reported Q1 2025 EPS of $2.70, which was ""essentially flat versus last year"" and included a $0.19 (7%) headwind from fuel and leap year. Operating income and net income were also flat. Freight revenue grew 1% (4% ex-fuel surcharge), a record for Q1. Operating ratio was 60.7%, flat YoY. There is no explicit mention of beating or missing consensus, but the language (""solid start,"" ""record first quarter operating performance"") and lack of negat",15190,465
GPT-xgb-inject,binary,UNP,UP,"<reasoning>
Step 1 — EARNINGS SURPRISE  
Union Pacific reported Q1 2025 EPS of $2.70, with net income and operating income ""essentially flat versus last year."" Operating ratio was 60.7%, also flat. Management repeatedly cited a 7% headwind from fuel and leap year, and noted that excluding these, underlying performance was solid (e.g., ""record first quarter operating performance,"" ""strongest carload growth of the Class 1s""). Freight revenue grew 1% (4% ex-fuel surcharge). However, there is no exp",14875,453
GPT-feat-inject,binary,V,UP,"<reasoning>
Step 1 — EARNINGS SURPRISE
Visa reported Q2 net revenue of $9.6 billion, up 9% year-over-year, and EPS up 10%. Management stated, ""EPS was up 10% year-over-year and 11% in constant dollars, better-than-expected, primarily due to stronger operating performance and a lower tax rate than expected."" Value-added services revenue grew 22%. Client incentives grew 15%, lower than expected. Overall, results were above consensus.

Step 2 — GUIDANCE
Guidance was maintained: ""Our full-year guida",11450,362
GPT-feat-only,binary,V,DOWN,"<reasoning>
Step 1 — EARNINGS SURPRISE  
No explicit data on beats or misses is provided. The transcript features only a net positive overall tone, but management and analyst sentiment are both neutral. No evidence of a clear earnings surprise.

Step 2 — GUIDANCE  
No mention of raised, maintained, or lowered guidance. The presence of dominant hedged language (""may"", ""could"", ""might"") suggests management avoided strong forward-looking statements, implying guidance was likely maintained or absent",711,249
GPT-speaker-seg,binary,V,DOWN,"<reasoning>
Step 1 — EARNINGS SURPRISE
No specific numbers or commentary on beats/misses are provided in the transcript. There is no evidence of a positive or negative earnings surprise.

Step 2 — GUIDANCE
No explicit mention of forward guidance being raised, maintained, or lowered. Absence of guidance is a neutral-to-slightly-negative signal, as Visa typically provides some outlook.

Step 3 — TONE & LANGUAGE
Overall transcript tone is net positive (+0.0064), but the positive/negative word ratio",690,221
GPT-contrastive,binary,V,UP,"<reasoning>
Step 1 — EARNINGS SURPRISE
Visa reported Q2 net revenue of $9.6 billion, up 9% year-over-year, and EPS up 10%. Management stated, ""EPS was up 10% year-over-year and 11% in constant dollars, better-than-expected, primarily due to stronger operating performance and a lower tax rate than expected."" Value-added services revenue grew 22%. Incentives grew less than expected. Overall, results were above consensus.

Step 2 — GUIDANCE
Guidance was maintained: ""Our full-year guidance for adjus",11801,349
GPT-xgb-inject,binary,V,UP,"<reasoning>
Step 1 — EARNINGS SURPRISE  
Visa reported Q2 net revenue of $9.6 billion, up 9% year-over-year, and EPS up 10%. Management stated, ""EPS was up 10% year-over-year and 11% in constant dollars, better-than-expected, primarily due to stronger operating performance and a lower tax rate than expected."" Value-added services revenue grew 22% in constant dollars. Incentives were lower than expected. Overall, results were a clear beat on both revenue and EPS.

Step 2 — GUIDANCE  
Guidance was",11482,390
GPT-feat-inject,binary,WELL,UP,"<reasoning>
Step 1 — EARNINGS SURPRISE
Welltower reported Q1 normalized FFO of $1.20 per share, up 18.8% year-over-year, and total portfolio same-store NOI growth of 12.9%. Senior housing operating portfolio NOI growth exceeded 20% for the 10th consecutive quarter, with margin expansion of nearly 300 basis points. These results were described as ""better-than-expected,"" and the company highlighted ""approximately 19% growth in FFO per share."" No explicit mention of consensus estimates, but the lan",12491,370
GPT-feat-only,binary,WELL,UP,"<reasoning>
Step 1 — EARNINGS SURPRISE  
No explicit data on earnings surprise (beat/meet/miss) is available from the NLP features. No numbers are mentioned, so we cannot infer a clear beat or miss.

Step 2 — GUIDANCE  
No direct evidence of raised, maintained, or lowered guidance is present in the NLP features. Absence of negative language and the dominance of confident modal verbs (""will"", ""shall"") suggest at least stable, if not positive, guidance.

Step 3 — TONE & LANGUAGE  
Overall transcri",709,239
GPT-speaker-seg,binary,WELL,UP,"<reasoning>
Step 1 — EARNINGS SURPRISE
No specific figures or commentary on revenue, EPS, or margins are provided. There is no evidence of a beat, miss, or meet.

Step 2 — GUIDANCE
No explicit mention of forward guidance being raised, maintained, or lowered. Guidance signal is absent.

Step 3 — TONE & LANGUAGE
Overall transcript tone is net positive (+0.0080), with more positive than negative language. Confident modal language (""will"", ""shall"") dominates. Both management and analyst tones are ne",688,192
GPT-contrastive,binary,WELL,UP,"<reasoning>
Step 1 — EARNINGS SURPRISE
Welltower reported Q1 normalized FFO of $1.20 per share, up 18.8% year-over-year, and total portfolio same-store NOI growth of 12.9%. Senior housing operating portfolio NOI growth exceeded 20% for the 10th consecutive quarter. Margins expanded by nearly 300 basis points year-over-year. These results were described as ""better-than-expected,"" and the company highlighted ""approximately 19% growth in FFO per share."" No indication of a miss; all numbers point to",12846,404
GPT-xgb-inject,binary,WELL,UP,"<reasoning>
Step 1 — EARNINGS SURPRISE  
Welltower reported strong results: ""delivering approximately 19% growth in FFO per share,"" ""normalized funds from operations of $1.20 per diluted share, representing 18.8% year-over-year growth,"" and ""year-over-year total portfolio same-store NOI growth of 12.9%."" Margins expanded by nearly 300 basis points YoY. These figures are described as ""better-than-expected"" and ""driven by better-than-expected results from our seniors' housing operating portfolio.""",12531,420
GPT-feat-inject,binary,WFC,DOWN,"<reasoning>
Step 1 — EARNINGS SURPRISE
Wells Fargo reported Q1 diluted EPS up 16% YoY, with $1.39 per share, and solid fee-based revenue growth. However, revenue declined YoY due to lower net interest income, as expected. Expenses declined, and credit performance improved. No explicit mention of a beat or miss versus consensus, but the language (""solid first quarter results,"" ""EPS up 16%"") and lack of negative surprise language suggest at least an in-line, possibly slight beat.

Step 2 — GUIDANC",14810,428
GPT-feat-only,binary,WFC,DOWN,"<reasoning>
Step 1 — EARNINGS SURPRISE  
No information is provided regarding whether WFC beat, met, or missed analyst expectations on revenue, EPS, or margins. Without explicit numbers or language indicating a surprise, we must assume results were in line with consensus.

Step 2 — GUIDANCE  
There is no mention of forward guidance being raised, maintained, or lowered. The absence of guidance language suggests no material change or update was provided.

Step 3 — TONE & LANGUAGE  
Overall transcr",707,252
GPT-speaker-seg,binary,WFC,DOWN,"<reasoning>
Step 1 — EARNINGS SURPRISE
No specific numbers or commentary on beats/misses are provided in the transcript or summary. There is no evidence of a material earnings surprise.

Step 2 — GUIDANCE
No explicit mention of forward guidance being raised, maintained, or lowered. Guidance is absent from the provided information.

Step 3 — TONE & LANGUAGE
Overall transcript tone is NEUTRAL, with positive and negative language roughly balanced. Management and analyst sentiment are both neutral, ",686,188
GPT-contrastive,binary,WFC,UP,"<reasoning>
Step 1 — EARNINGS SURPRISE
Wells Fargo reported Q1 diluted EPS up 16% from a year ago, with $1.39 per share, and highlighted double-digit EPS growth, fee-based revenue growth, reduced expenses, and improved credit performance. There is no explicit mention of a beat or miss versus consensus, but the language (""solid first quarter results,"" ""up 16% from a year ago"") and lack of negative surprise discussion suggest at least an in-line, possibly modest beat.

Step 2 — GUIDANCE
Guidance w",15169,397
GPT-xgb-inject,binary,WFC,UP,"<reasoning>
Step 1 — EARNINGS SURPRISE  
Wells Fargo reported Q1 diluted EPS up 16% from a year ago, with $1.39 per share, and highlighted double-digit EPS growth. Fee-based revenue grew across many businesses, expenses declined, and credit performance improved. However, revenue declined year-on-year due to lower net interest income, as expected. There is no explicit mention of consensus estimates or a clear ""beat"" or ""miss,"" but the tone suggests results were solid and in line or slightly bette",14854,450
GPT-feat-inject,binary,WMB,UP,"<reasoning>
Step 1 — EARNINGS SURPRISE
Williams reported Q1 2025 adjusted EBITDA of $1.989 billion, up 3% year-over-year, and highlighted that this was a record quarter. Management stated, ""this marks the 37th consecutive quarter of meeting or beating consensus,"" and ""the eighth time that we've raised our guidance during the same period."" No explicit EPS or revenue beat/miss versus consensus is quoted, but the language strongly implies a beat or at least a meet with positive momentum.

Step 2 — ",11728,363
GPT-feat-only,binary,WMB,UP,"<reasoning>
Step 1 — EARNINGS SURPRISE  
No explicit data on earnings surprise (beat/meet/miss) is available from the NLP features. No numbers are mentioned, so this signal is indeterminate.

Step 2 — GUIDANCE  
No explicit mention of forward guidance being raised, maintained, or lowered. Guidance signal is absent.

Step 3 — TONE & LANGUAGE  
Overall transcript tone is NET POSITIVE, with a positive word ratio (0.0184) notably higher than the negative word ratio (0.0071), and a net sentiment of +",706,259
GPT-speaker-seg,binary,WMB,UP,"<reasoning>
Step 1 — EARNINGS SURPRISE
No specific figures or commentary on revenue, EPS, or margins are provided. There is no evidence of a beat or miss.

Step 2 — GUIDANCE
No explicit mention of forward guidance being raised, maintained, or lowered. Guidance signal is absent.

Step 3 — TONE & LANGUAGE
Overall transcript tone is net positive (+0.0113), with more positive than negative language. However, modal language is mixed confidence, and both management and analyst sentiment are neutral, i",685,182
GPT-contrastive,binary,WMB,UP,"<reasoning>
Step 1 — EARNINGS SURPRISE
Williams reported Q1 2025 adjusted EBITDA of $1.989 billion, up 3% year-over-year, and noted this was a record. They highlighted that this quarter was expected to be the lowest growth rate of the year, with accelerating growth expected in subsequent quarters. The company also stated this marks the 37th consecutive quarter of meeting or beating consensus, and the eighth time guidance has been raised during that period. No explicit EPS or revenue beat/miss wa",12086,388
GPT-xgb-inject,binary,WMB,UP,"<reasoning>
Step 1 — EARNINGS SURPRISE  
Williams reported Q1 2025 adjusted EBITDA of $1.989 billion, up 3% YoY (5% ex-marketing), setting records in Transmission & Gulf and strong rebounds in other segments. The company highlighted this as the 37th consecutive quarter of meeting or beating consensus, and the eighth time guidance has been raised during that period. No explicit EPS or revenue beat/miss versus consensus is quoted, but the language (""record EBITDA,"" ""meeting or beating consensus"") ",11777,390
GPT-feat-inject,binary,WMT,UP,"<reasoning>
Step 1 — EARNINGS SURPRISE
Walmart delivered another strong quarter, exceeding sales, profit, and earnings expectations. Q4 sales growth was 5.2%, adjusted operating income up 9.4% in constant currency, and adjusted EPS up 13%. Management explicitly stated: ""Walmart delivered another strong quarter, exceeding our sales, profit and earnings expectations."" Gross margin expanded 53 basis points. These are clear beats.

Step 2 — GUIDANCE
Guidance for FY26: consolidated net sales growth o",12670,393
GPT-feat-only,binary,WMT,DOWN,"<reasoning>
Step 1 — EARNINGS SURPRISE  
No explicit data on EPS, revenue, or margin beats/misses is provided. The absence of strong positive or negative sentiment from management or analysts suggests results were likely in line with expectations.

Step 2 — GUIDANCE  
No direct mention of raised, maintained, or lowered guidance. The dominance of hedged language (""may"", ""could"", ""might"") and lack of strong positive forward-looking statements imply that guidance was likely maintained or cautiously",713,279
GPT-speaker-seg,binary,WMT,UP,"<reasoning>
Step 1 — EARNINGS SURPRISE
No specific figures are provided regarding revenue, EPS, or margins. There is no explicit mention of a beat, meet, or miss.

Step 2 — GUIDANCE
No explicit guidance is quoted or referenced. The transcript does not indicate whether guidance was raised, maintained, or lowered.

Step 3 — TONE & LANGUAGE
Overall transcript tone is NET POSITIVE, with a positive word ratio of 0.0260 and a negative word ratio of 0.0073. However, modal language is dominated by hedgi",692,223
GPT-contrastive,binary,WMT,UP,"<reasoning>
Step 1 — EARNINGS SURPRISE
Walmart delivered another strong quarter, exceeding sales, profit, and earnings expectations. Q4 consolidated revenue grew over 5% in constant currency, adjusted operating income up more than 9%, and adjusted EPS of $0.66 beat expectations. Gross margin expanded 53 basis points. Management repeatedly emphasized that results were above the upper bound of guided ranges.

Step 2 — GUIDANCE
Guidance was constructive but measured. For FY26, Walmart expects conso",13021,377
GPT-xgb-inject,binary,WMT,UP,"<reasoning>
Step 1 — EARNINGS SURPRISE  
Walmart delivered another strong quarter, ""exceeding our sales, profit and earnings expectations."" Q4 sales grew 5.2%, adjusted operating income up 9.4% (constant currency), and adjusted EPS up 13%. Gross margin expanded 53 bps. All segments performed well, and the company highlighted outperformance versus guidance: ""both exceeding the upper bound of our guided ranges."" This is a clear beat.

Step 2 — GUIDANCE  
Guidance was constructive and arguably slig",12709,405
GPT-feat-inject,binary,XOM,UP,"<reasoning>
Step 1 — EARNINGS SURPRISE  
Exxon reported Q1 earnings of $7.7 billion, up 4% sequentially (excluding identified items), and generated $13 billion of cash flow from operations, leading all IOCs. No explicit mention of consensus EPS/revenue, but the language (""another strong quarter"", ""led all IOCs"") and analyst reactions (""Great to see the strong results"") suggest a beat or at least a solid meet.

Step 2 — GUIDANCE  
Guidance was maintained, not raised or cut. Management reiterated ",10583,372
GPT-feat-only,binary,XOM,DOWN,"<reasoning>
Step 1 — EARNINGS SURPRISE  
No explicit data on EPS, revenue, or margin beats/misses is provided. The absence of strong positive or negative sentiment from management or analysts suggests results were likely in line with expectations.

Step 2 — GUIDANCE  
No evidence of raised or lowered guidance; no forward-looking statements are quoted. The lack of guidance commentary implies guidance was likely maintained or not discussed in detail.

Step 3 — TONE & LANGUAGE  
Overall transcript ",705,251
GPT-speaker-seg,binary,XOM,DOWN,"<reasoning>
Step 1 — EARNINGS SURPRISE
No specific figures or commentary on EPS, revenue, or margins are provided. There is no evidence of a beat or miss.

Step 2 — GUIDANCE
No explicit mention of forward guidance being raised, maintained, or lowered. Guidance signal is absent.

Step 3 — TONE & LANGUAGE
Overall transcript tone is net positive (+0.0160), with more positive than negative language. However, modal language is described as ""mixed confidence,"" and both management and analyst sentiment",684,195
GPT-contrastive,binary,XOM,UP,"<reasoning>
Step 1 — EARNINGS SURPRISE
Exxon reported Q1 earnings of $7.7 billion, up 4% sequentially (excluding identified items), and generated $13 billion of cash flow from operations, leading all IOCs. No explicit mention of a beat or miss versus consensus, but the language (""another strong quarter"", ""led all IOCs"") and analyst reactions suggest results were at least in line, if not a modest beat.

Step 2 — GUIDANCE
Guidance was maintained with a long-term focus: ""Our capital allocation prio",10941,386
GPT-xgb-inject,binary,XOM,UP,"<reasoning>
Step 1 — EARNINGS SURPRISE
Reported Q1 earnings were $7.7 billion, up 4% sequentially (excluding identified items), and $13 billion in cash flow from operations, leading all IOCs. No explicit mention of a beat or miss versus analyst consensus, but management repeatedly highlights ""strong quarter"" and ""leading"" performance. Analyst comments (""Great to see the strong results"") suggest results at least met, if not modestly beat, expectations.

Step 2 — GUIDANCE
Guidance is maintained, n",10536,361
GPT-feat-inject,ternary,AAPL,UP,"<reasoning>
Step 1 — EARNINGS SURPRISE  
Apple reported Q2 revenue of $95.4 billion, up 5% YoY, at the high end of prior guidance. Diluted EPS was $1.65, up 8% YoY and a March quarter record. Gross margin was 47.1%, up 20bps sequentially, but product gross margin was down 340bps sequentially and 70bps YoY, mainly due to mix and FX. Services revenue hit an all-time record ($26.6B, +12% YoY). Overall, results were strong and likely beat consensus, especially on EPS and revenue.

Step 2 — GUIDANCE ",10320,423
GPT-feat-only,ternary,AAPL,FLAT,"<reasoning>
Step 1 — EARNINGS SURPRISE  
No specific numbers are mentioned. The transcript tone is net positive, but management and analyst sentiment are both neutral, suggesting results likely met expectations rather than a clear beat or miss.

Step 2 — GUIDANCE  
No evidence of guidance being raised or lowered. Hedged language dominates, indicating management may have maintained or given cautious guidance, but nothing definitive.

Step 3 — TONE & LANGUAGE  
Management sentiment is neutral (+0.",753,202
GPT-speaker-seg,ternary,AAPL,FLAT,"<reasoning>
Step 1 — EARNINGS SURPRISE  
No specific figures for revenue, EPS, or margins are provided. The transcript tone and sentiment analysis do not indicate a clear beat or miss; both management and analyst sentiment are neutral, suggesting results likely met expectations.

Step 2 — GUIDANCE  
No explicit mention of guidance being raised, maintained, or lowered. The absence of guidance change language and neutral tone implies guidance was likely maintained or not materially updated.

Step ",732,225
GPT-contrastive,ternary,AAPL,UP,"<reasoning>
Step 1 — EARNINGS SURPRISE  
Apple reported Q2 revenue of $95.4 billion, up 5% YoY, at the high end of prior guidance. Diluted EPS was $1.65, up 8% YoY and a March quarter record. Services revenue hit an all-time high ($26.6B, +12% YoY). Gross margin was 47.1%, up 20bps sequentially. Product revenue grew 3% YoY, with iPhone (+2%), Mac (+7%), and iPad (+15%) all up. Wearables were down 5% YoY. Overall, results were strong and above expectations, with records in several categories.

St",10671,407
GPT-xgb-inject,ternary,AAPL,UP,"<reasoning>
Step 1 — EARNINGS SURPRISE  
Apple reported Q2 revenue of $95.4 billion, up 5% YoY, at the high end of prior guidance. Diluted EPS was $1.65, up 8% YoY and a March quarter record. Services revenue hit an all-time record ($26.6B, +12% YoY). Gross margin was 47.1%, up 20bps sequentially. Product revenue grew 3% YoY, with iPhone (+2%), Mac (+7%), and iPad (+15%) all positive. Wearables declined (-5%), but this was explained as a tough comp. Overall, results were strong and likely beat c",10357,453
GPT-feat-inject,ternary,ABBV,UP,"<reasoning>
Step 1 — EARNINGS SURPRISE  
AbbVie reported adjusted EPS of $2.46, which is ""$0.10 above our guidance midpoint."" Total net revenues were more than $13.3 billion, ""nearly $550 million ahead of our expectations."" Operational revenue growth was 9.8%. Margins were strong: adjusted gross margin 84.1%, operating margin 42.3%. Multiple product lines (immunology, neuroscience, oncology) exceeded expectations.

Step 2 — GUIDANCE  
Forward guidance was raised: ""we are raising our full year ad",14410,411
GPT-feat-only,ternary,ABBV,FLAT,"<reasoning>
Step 1 — EARNINGS SURPRISE  
No specific numbers are mentioned. The overall transcript tone is net positive, but both management and analyst sentiment are neutral, suggesting results likely met expectations rather than a clear beat or miss.

Step 2 — GUIDANCE  
No explicit language about guidance changes is provided. The mixed confidence modal language and neutral management tone imply guidance was likely maintained or not materially changed.

Step 3 — TONE & LANGUAGE  
Management se",745,211
GPT-speaker-seg,ternary,ABBV,FLAT,"<reasoning>
Step 1 — EARNINGS SURPRISE  
No specific figures for revenue, EPS, or margins are provided. There is no indication of a beat or miss; the transcript signals are neutral.

Step 2 — GUIDANCE  
No explicit mention of forward guidance being raised, maintained, or lowered. Guidance appears absent or unchanged.

Step 3 — TONE & LANGUAGE  
Overall transcript tone is net positive (+0.0072), but both management and analyst sentiment are neutral (+0.0000). Modal language is mixed, suggesting n",724,188
GPT-contrastive,ternary,ABBV,UP,"<reasoning>
Step 1 — EARNINGS SURPRISE  
AbbVie reported adjusted EPS of $2.46, ""$0.10 above our guidance midpoint."" Total net revenues were ""$13.3 billion, nearly $550 million ahead of our expectations."" Adjusted gross margin was 84.1%. Multiple product lines (ex-Humira platform, immunology, neuroscience, oncology) exceeded expectations. Humira sales were below expectations due to faster erosion, but this was offset by strong performance elsewhere.

Step 2 — GUIDANCE  
Forward guidance was rais",14770,392
GPT-xgb-inject,ternary,ABBV,UP,"<reasoning>
Step 1 — EARNINGS SURPRISE  
AbbVie reported adjusted EPS of $2.46, ""$0.10 above our guidance midpoint."" Total net revenues were ""$13.3 billion, nearly $550 million ahead of our expectations."" Ex-Humira platform delivered robust sales growth of more than 21%. Gross margin was strong at 84.1%. Multiple products (Skyrizi, Rinvoq, neuroscience, oncology) exceeded expectations. Humira sales were below expectations due to faster erosion, but this was anticipated.

Step 2 — GUIDANCE  
Forw",14456,384
GPT-feat-inject,ternary,ABNB,FLAT,"<reasoning>
Step 1 — EARNINGS SURPRISE  
Reported Q1 revenue was $2.3 billion, up 6% year-over-year (11% ex-FX/calendar), and adjusted EBITDA was $417 million (18% margin). Nights and experiences booked grew 8% YoY. No explicit mention of beating or missing consensus, but ""strong start"" and ""results generally in line with our expectations"" suggest a meet or slight beat. No negative surprises flagged.

Step 2 — GUIDANCE  
Forward guidance for Q2 revenue is $2.99–$3.05 billion (9–11% YoY growth), ",11257,396
GPT-feat-only,ternary,ABNB,FLAT,"<reasoning>
Step 1 — EARNINGS SURPRISE  
No specific numbers are mentioned. The overall transcript tone is net positive, but both management and analyst sentiment are neutral, suggesting results likely met expectations rather than a material beat or miss.

Step 2 — GUIDANCE  
No evidence of guidance being raised or lowered. Modal language is mixed confidence, implying guidance was likely maintained or not materially changed.

Step 3 — TONE & LANGUAGE  
Management sentiment is neutral (+0.0000), ",746,219
GPT-speaker-seg,ternary,ABNB,FLAT,"<reasoning>
Step 1 — EARNINGS SURPRISE  
No specific numbers or beats/misses are provided. The transcript and NLP signals do not indicate a material surprise in reported figures. Both management and analyst tone are neutral, suggesting results were in-line with expectations.

Step 2 — GUIDANCE  
No explicit mention of raised, lowered, or maintained guidance. The absence of guidance change language implies guidance was likely maintained or not materially updated.

Step 3 — TONE & LANGUAGE  
Manag",725,233
GPT-contrastive,ternary,ABNB,FLAT,"<reasoning>
Step 1 — EARNINGS SURPRISE  
Reported Q1 revenue was $2.3 billion, up 6% YoY (11% ex-FX/calendar), adjusted EBITDA $417 million (18% margin), free cash flow $1.8 billion. No explicit mention of beating or missing consensus, but ""strong start to 2025"" and ""results generally in line with our expectations"" suggest a meet, not a beat.

Step 2 — GUIDANCE  
Q2 revenue guided to $2.99–$3.05 billion (9–11% YoY growth), with EBITDA margin ""expected to be flat to slightly down compared to Q2 2",11621,313
GPT-xgb-inject,ternary,ABNB,FLAT,"<reasoning>
Step 1 — EARNINGS SURPRISE  
Reported Q1 revenue was $2.3 billion, up 6% YoY (11% ex-FX/calendar), and adjusted EBITDA was $417 million (18% margin). Nights and experiences booked grew 8% YoY. No explicit mention of a beat or miss versus consensus, but management repeatedly described results as ""strong"" and ""in line with our expectations."" No evidence of a miss; results appear at least in-line, possibly modestly ahead.

Step 2 — GUIDANCE  
Q2 revenue guidance: $2.99–$3.05 billion, up",11303,412
GPT-feat-inject,ternary,ABT,UP,"<reasoning>
Step 1 — EARNINGS SURPRISE  
Reported Q1 adjusted EPS of $1.09 grew 11% versus prior year and ""finished at the high end of our guidance range and above the consensus estimate."" Sales grew 7% (8% ex-COVID testing), gross margin expanded 140bps, and operating margin expanded 130bps. These are clear beats on both EPS and margin, with revenue growth in line or slightly above expectations.

Step 2 — GUIDANCE  
Management ""reaffirmed our guidance"" for full-year EPS, despite new tariff head",10937,353
GPT-feat-only,ternary,ABT,FLAT,"<reasoning>
Step 1 — EARNINGS SURPRISE  
No specific numbers are mentioned. The transcript tone is net positive, but both management and analyst sentiment are neutral, suggesting results likely met expectations without a material beat or miss.

Step 2 — GUIDANCE  
No evidence of guidance being raised or lowered. Modal language is mixed confidence, implying guidance was likely maintained or not materially changed.

Step 3 — TONE & LANGUAGE  
Management sentiment is neutral (+0.0000), and analyst ",745,197
GPT-speaker-seg,ternary,ABT,FLAT,"<reasoning>
Step 1 — EARNINGS SURPRISE  
No specific figures are provided for revenue, EPS, or margins. The transcript and NLP signals do not indicate a clear beat or miss; sentiment is neutral, suggesting results likely met expectations.

Step 2 — GUIDANCE  
No explicit mention of forward guidance being raised, maintained, or lowered. Absence of guidance change implies no material update.

Step 3 — TONE & LANGUAGE  
Management and analyst tone are both neutral, with net sentiment at +0.0000. Mo",724,198
GPT-contrastive,ternary,ABT,UP,"<reasoning>
Step 1 — EARNINGS SURPRISE  
Abbott reported Q1 adjusted EPS of $1.09, up 11% YoY, ""finished at the high end of our guidance range and above the consensus estimate."" Sales grew 7% (8.3% ex-COVID testing), gross margin expanded 140bps, and operating margin expanded 130bps. Margins and EPS both beat expectations.

Step 2 — GUIDANCE  
Guidance was maintained: ""We are on track to deliver on the financial commitments we set at the beginning of the year."" Management reaffirmed full-year EP",11297,352
GPT-xgb-inject,ternary,ABT,UP,"<reasoning>
Step 1 — EARNINGS SURPRISE  
Reported Q1 adjusted EPS of $1.09 grew 11% YoY and ""finished at the high end of our guidance range and above the consensus estimate."" Organic sales growth was 7% (8.3% ex-COVID testing), with gross margin expanding 140 bps and operating margin up 130 bps. Margin expansion exceeded internal targets. Overall, this is a clear beat.

Step 2 — GUIDANCE  
Management ""reaffirmed our guidance"" for full-year EPS despite new tariff headwinds, stating: ""we are on tr",10986,351
GPT-feat-inject,ternary,AEP,UP,"<reasoning>
Step 1 — EARNINGS SURPRISE  
AEP reported Q1 2025 operating earnings of $1.54 per share, up from $1.27 in Q1 2024 (+20% YoY), and GAAP EPS of $1.50 vs $1.91 in Q1 2024 (GAAP decline due to a one-time charge). The operating EPS beat appears to be above expectations, as analysts noted results were ""higher than where we thought you would end up in the quarter."" Weather was a significant positive driver, but rate changes and load growth also contributed.

Step 2 — GUIDANCE  
Management r",11743,354
GPT-feat-only,ternary,AEP,FLAT,"<reasoning>
Step 1 — EARNINGS SURPRISE  
No specific numbers are provided. The neutral tone from both management and analysts, with no divergence, suggests results were in-line with expectations and no material surprise occurred.

Step 2 — GUIDANCE  
No evidence of guidance being raised or lowered. The confident modal language (""will"", ""shall"") is present, but management sentiment is neutral, indicating guidance was likely maintained or unchanged.

Step 3 — TONE & LANGUAGE  
Overall transcript t",753,230
GPT-speaker-seg,ternary,AEP,FLAT,"<reasoning>
Step 1 — EARNINGS SURPRISE  
No specific figures or beats/misses are provided. The transcript tone is net positive, but management and analyst sentiment are both neutral, suggesting results likely met expectations.

Step 2 — GUIDANCE  
No explicit mention of raised, lowered, or maintained guidance. Management remarks are neutral, indicating guidance was likely maintained or absent.

Step 3 — TONE & LANGUAGE  
Management sentiment is neutral, with confident language dominating but no ",732,187
GPT-contrastive,ternary,AEP,UP,"<reasoning>
Step 1 — EARNINGS SURPRISE  
AEP reported Q1 2025 operating earnings of $1.54 per share, up from $1.27 in Q1 2024 (+20% YoY), and GAAP EPS of $1.50 vs $1.91 in Q1 2024 (GAAP decline due to a one-time charge). The operating EPS was above analyst expectations (""report numbers are higher than where we thought you would end up in the quarter""), with weather and rate changes as positive drivers. Commercial load grew 12.3% YoY, supporting strong top-line growth.

Step 2 — GUIDANCE  
Guidan",12096,391
GPT-xgb-inject,ternary,AEP,FLAT,"<reasoning>
Step 1 — EARNINGS SURPRISE  
AEP reported Q1 2025 operating earnings of $1.54 per share, up from $1.27 in Q1 2024 (+20% YoY), and GAAP EPS of $1.50 vs $1.91 in Q1 2024 (the GAAP decline due to a $28M charge related to Ohio legislation). Management noted the operating EPS was above expectations, driven by weather and rate changes, but reaffirmed full-year guidance, suggesting the beat was not viewed as a material upside surprise. Margins are stable, with some mix shift toward lower-ma",11789,432
GPT-feat-inject,ternary,AMAT,FLAT,"<reasoning>
Step 1 — EARNINGS SURPRISE  
Reported Q2 revenue was $7.1B, up 7% YoY, with record non-GAAP EPS of $2.39 (up 14% YoY) and gross margin of 49.2% (up 170bps YoY, highest since 2000). Management states ""results were largely in line with our expectations,"" indicating a meet/slight beat, but not a major surprise.

Step 2 — GUIDANCE  
Q3 guidance: revenue of $7.2B (+/- $500M), up 6% YoY at midpoint; non-GAAP EPS of $2.35 (+/- $0.20), up 11% YoY at midpoint. Guidance is for continued growth",11335,388
GPT-feat-only,ternary,AMAT,FLAT,"<reasoning>
Step 1 — EARNINGS SURPRISE  
No specific numbers are mentioned. The overall transcript tone is net positive, but management and analyst sentiment are both neutral, suggesting results likely met expectations rather than a material beat or miss.

Step 2 — GUIDANCE  
No evidence of guidance being raised or lowered. Modal language is mixed confidence, implying guidance was likely maintained or not materially changed.

Step 3 — TONE & LANGUAGE  
Management sentiment is neutral (+0.0000), ",746,234
GPT-speaker-seg,ternary,AMAT,FLAT,"<reasoning>
Step 1 — EARNINGS SURPRISE  
No specific figures (revenue, EPS, margins) are quoted in the transcript. There is no evidence of a beat or miss; the absence of surprise signals suggests results were in-line with expectations.

Step 2 — GUIDANCE  
No explicit guidance change is mentioned. There is no language indicating raised, lowered, or maintained outlook. Guidance appears absent or unchanged.

Step 3 — TONE & LANGUAGE  
Overall transcript tone is net positive (+0.0139), but both man",725,227
GPT-contrastive,ternary,AMAT,UP,"<reasoning>
Step 1 — EARNINGS SURPRISE  
Applied Materials reported Q2 revenue of $7.1B (up 7% YoY), non-GAAP gross margin of 49.2% (up 170bps YoY, highest since 2000), and record non-GAAP EPS of $2.39 (up 14% YoY). Management stated results were ""largely in line with our expectations,"" indicating no material beat or miss, but the record EPS and margin expansion are positive.

Step 2 — GUIDANCE  
Q3 guidance: revenue of $7.2B (+6% YoY at midpoint), non-GAAP EPS of $2.35 (+11% YoY at midpoint), a",11695,373
GPT-xgb-inject,ternary,AMAT,UP,"<reasoning>
Step 1 — EARNINGS SURPRISE  
Reported Q2 revenue was $7.1B, up 7% YoY, with growth across all segments. Non-GAAP gross margin was 49.2%, up 170bps YoY and the highest since 2000. Non-GAAP EPS was a record $2.39, up 14% YoY. Management states results were ""largely in line with our expectations,"" but the record EPS and margin expansion suggest a mild beat, especially on profitability.

Step 2 — GUIDANCE  
Q3 guidance: revenue of $7.2B (+/- $500M), up 6% YoY at midpoint; non-GAAP EPS of",11388,392
GPT-feat-inject,ternary,AMD,UP,"<reasoning>
Step 1 — EARNINGS SURPRISE  
AMD reported Q1 revenue of $7.4 billion, up 36% year-over-year, exceeding the high end of guidance. EPS was $0.96, up 55% year-over-year. Gross margin expanded to 54%, up 140bps YoY. Both revenue and EPS beat consensus estimates, and segment growth (data center +57% YoY, client +68% YoY) was strong.  
Step 2 — GUIDANCE  
Q2 revenue guidance is ~$7.4 billion (+/- $300 million), representing 27% YoY growth, despite a $700 million headwind from new China exp",11358,371
GPT-feat-only,ternary,AMD,FLAT,"<reasoning>
Step 1 — EARNINGS SURPRISE  
No specific numbers are mentioned. The neutral tone from both management and analysts, combined with the absence of strong positive or negative sentiment, suggests results were in-line with expectations (neither a beat nor a miss).

Step 2 — GUIDANCE  
No evidence of guidance being raised, lowered, or changed. The transcript features confident modal language but lacks explicit signals of guidance revision, implying guidance was likely maintained.

Step 3 ",751,223
GPT-speaker-seg,ternary,AMD,FLAT,"<reasoning>
Step 1 — EARNINGS SURPRISE  
No explicit mention of revenue, EPS, or margin beats/misses in the transcript or NLP summary. No evidence of a material surprise; likely results met expectations.

Step 2 — GUIDANCE  
No indication of raised, lowered, or absent guidance in the transcript summary. No guidance change is referenced, suggesting guidance was maintained.

Step 3 — TONE & LANGUAGE  
Overall transcript tone is net positive (+0.0122), with confident modal language dominating. Howe",730,194
GPT-contrastive,ternary,AMD,UP,"<reasoning>
Step 1 — EARNINGS SURPRISE  
AMD reported Q1 revenue of $7.4 billion, up 36% year-over-year, and EPS of $0.96, up 55% year-over-year. Both revenue and EPS ""exceeded consensus estimates"" and ""exceeded the high end of our guidance."" Gross margin expanded to 54%, up 140bps YoY. Segment growth was strong: Data Center revenue up 57% YoY, Client up 68% YoY, Gaming up 28% YoY. These are clear beats.

Step 2 — GUIDANCE  
Q2 revenue guidance is $7.4 billion (+/- $300 million), representing 27",11713,452
GPT-xgb-inject,ternary,AMD,UP,"<reasoning>
Step 1 — EARNINGS SURPRISE  
AMD reported Q1 revenue of $7.4 billion, up 36% year-over-year, exceeding the high end of guidance. EPS was $0.96, up 55% year-over-year. Gross margin expanded to 54%, up 140bps YoY. Both revenue and EPS beat consensus estimates, and gross margin improved. Segment details: Data center revenue up 57% YoY, client revenue up 68% YoY, gaming revenue up 28% YoY. Embedded segment was down 3% YoY but in line with expectations. Overall, a clear beat.

Step 2 — GU",11398,475
GPT-feat-inject,ternary,AMGN,UP,"<reasoning>
Step 1 — EARNINGS SURPRISE  
Amgen reported Q1 2025 revenues of $8.1 billion, a 9% increase year-over-year, with double-digit sales growth (11%) and 14% volume growth. Non-GAAP operating margin was 45.7%, above prior outlook. Product sales grew 14% in the U.S. and 11% globally. These results are described as ""strong"" and ""above the outlook we gave on the fourth quarter earnings call,"" indicating a beat on expectations.

Step 2 — GUIDANCE  
Management reaffirmed 2025 total revenue gui",14411,396
GPT-feat-only,ternary,AMGN,FLAT,"<reasoning>
Step 1 — EARNINGS SURPRISE  
No specific numbers are mentioned. The overall transcript tone is net positive, but both management and analyst sentiment are neutral, suggesting results likely met expectations rather than a clear beat or miss.

Step 2 — GUIDANCE  
No evidence of guidance being raised, lowered, or absent. The neutral tone and lack of positive or negative divergence imply guidance was likely maintained.

Step 3 — TONE & LANGUAGE  
Management sentiment is neutral (+0.0000)",745,219
GPT-speaker-seg,ternary,AMGN,FLAT,"<reasoning>
Step 1 — EARNINGS SURPRISE  
No specific figures are provided for revenue, EPS, or margins. There is no indication of a beat or miss; the transcript signals are neutral.

Step 2 — GUIDANCE  
No explicit mention of guidance being raised, maintained, or lowered. Guidance language is absent or unchanged.

Step 3 — TONE & LANGUAGE  
Overall transcript tone is net positive (+0.0100), but both management and analyst sentiment are neutral (+0.0000). Modal language is mixed confidence, with ",724,194
GPT-contrastive,ternary,AMGN,UP,"<reasoning>
Step 1 — EARNINGS SURPRISE  
Amgen reported Q1 2025 revenues of $8.1 billion, up 9% year-over-year, with global product sales up 11% and volume up 14%. Operating margin was 45.7%, above prior outlook. Multiple products delivered double-digit growth (Repatha +27%, EVENITY +29%, TEZSPIRE +65%, BLINCYTO +52%). No explicit mention of consensus, but the tone and detail suggest a beat or at least a solid ""meet with upside.""

Step 2 — GUIDANCE  
Guidance was reaffirmed: ""We are reaffirming ",14771,409
GPT-xgb-inject,ternary,AMGN,FLAT,"<reasoning>
Step 1 — EARNINGS SURPRISE  
Amgen reported Q1 revenue of $8.1 billion, up 9% year-over-year, with double-digit sales growth (11%) and 14% volume growth. Non-GAAP operating margin was 45.7%, above prior outlook due to timing of R&D spend. Product sales grew 11% globally, 14% in the U.S. These numbers are strong, but there is no explicit mention of beating consensus; the transcript repeatedly describes results as ""strong"" and ""in-line"" with expectations. No evidence of a material miss",14451,475
GPT-feat-inject,ternary,AMT,UP,"<reasoning>
Step 1 — EARNINGS SURPRISE  
AMT reported a ""strong start to the year, exceeding our initial expectations across property revenue, adjusted EBITDA, and attributable AFFO per share."" Q1 saw sequential increases in application volumes and services revenue (services revenue up ~60% YoY, gross margin up 140% YoY). Adjusted EBITDA grew 1.9% (5.5% ex non-cash impacts), AFFO per share declined 1% YoY but normalized growth was ~6.6%. Organic tenant billings growth was 4.7%. Overall, results ",12460,397
GPT-feat-only,ternary,AMT,FLAT,"<reasoning>
Step 1 — EARNINGS SURPRISE  
No specific numbers are mentioned. The neutral tone from both management and analysts, combined with the absence of strong positive or negative sentiment, suggests results likely met expectations.

Step 2 — GUIDANCE  
No explicit guidance change is indicated. Hedged modal language (""may"", ""could"", ""might"") dominates, implying management did not raise or lower outlook, or was non-committal.

Step 3 — TONE & LANGUAGE  
Overall transcript tone is net positiv",754,226
GPT-speaker-seg,ternary,AMT,FLAT,"<reasoning>
Step 1 — EARNINGS SURPRISE  
No specific figures are provided for revenue, EPS, or margins. There is no indication of a beat or miss; sentiment is neutral.

Step 2 — GUIDANCE  
No explicit mention of guidance being raised, maintained, or lowered. The transcript does not reference any change or update to forward guidance.

Step 3 — TONE & LANGUAGE  
Management and analyst tone are both neutral, with net sentiment at +0.0000. Hedged language dominates, indicating caution rather than co",733,186
GPT-contrastive,ternary,AMT,UP,"<reasoning>
Step 1 — EARNINGS SURPRISE  
AMT reported a strong start to the year, ""exceeding our initial expectations across property revenue, adjusted EBITDA, and attributable AFFO per share."" Q1 saw sequential increases in application volumes and services revenue (up 60% and 140% YoY, respectively). U.S. services business delivered its highest quarter of revenue and gross profit since 2021. Adjusted EBITDA margin expanded by 70bps YoY to 68.2%. AFFO per share declined ~1% YoY, but normalized g",12811,424
GPT-xgb-inject,ternary,AMT,UP,"<reasoning>
Step 1 — EARNINGS SURPRISE  
Reported figures exceeded expectations: ""exceeding our initial expectations across property revenue, adjusted EBITDA, and attributable AFFO per share for the quarter."" Q1 saw sequential increases in application volumes and services revenue (60% and 140% YoY, respectively). U.S. services business delivered its highest quarter of revenue and gross profit since 2021. Adjusted EBITDA margin expanded nearly 70bps YoY to 68.2%. AFFO per share declined YoY due t",12497,461
GPT-feat-inject,ternary,AMZN,UP,"<reasoning>
Step 1 — EARNINGS SURPRISE  
Amazon reported Q1 revenue of $165.7 billion, up 10% year-over-year, and operating income of $18.4 billion, up 20% year-over-year. Operating income was approximately $400 million above the high-end of guidance. AWS revenue grew 17% YoY to $29.3 billion, with strong margin performance. Advertising revenue grew 19% YoY. Margins were strong, with North America and International segments showing improvement (excluding one-time charges). These results indicate",9917,395
GPT-feat-only,ternary,AMZN,FLAT,"<reasoning>
Step 1 — EARNINGS SURPRISE  
No specific numbers are mentioned, and both management and analyst net sentiment are neutral (+0.0000). This suggests reported figures likely met expectations, with no material beat or miss.

Step 2 — GUIDANCE  
No evidence of guidance being raised or lowered. The transcript features mixed confidence language and no clear directional signal, implying guidance was likely maintained or absent.

Step 3 — TONE & LANGUAGE  
Overall transcript tone is net posit",746,221
GPT-speaker-seg,ternary,AMZN,FLAT,"<reasoning>
Step 1 — EARNINGS SURPRISE  
No specific figures are provided for revenue, EPS, or margins. There is no indication of a beat or miss; the transcript signals are neutral.

Step 2 — GUIDANCE  
No explicit mention of forward guidance being raised, maintained, or lowered. Guidance appears absent or unchanged.

Step 3 — TONE & LANGUAGE  
Overall transcript tone is net positive, but only modestly so. Management and analyst sentiment are both neutral, with mixed confidence language and no s",725,177
GPT-contrastive,ternary,AMZN,UP,"<reasoning>
Step 1 — EARNINGS SURPRISE  
Amazon reported Q1 revenue of $165.7 billion (up 10% YoY, ex-FX) and operating income of $18.4 billion (up 20% YoY), both above expectations. Operating income was ""approximately $400 million above the high-end of our guidance range."" AWS revenue grew 17% YoY to $29.3 billion, with strong margin performance. Advertising revenue grew 19% YoY. Margins benefited from cost control and custom silicon. Net income was $17.1 billion, including a $3.3 billion gain ",10276,426
GPT-xgb-inject,ternary,AMZN,UP,"<reasoning>
Step 1 — EARNINGS SURPRISE  
Amazon reported Q1 revenue of $165.7 billion, up 10% YoY, and operating income of $18.4 billion, up 20% YoY. Operating income was approximately $400 million above the high-end of guidance. AWS revenue grew 17% YoY to $29.3 billion, with strong margin performance (almost 40%). Advertising revenue grew 19% YoY. These results indicate a clear beat on both top-line and profitability, with margin outperformance.

Step 2 — GUIDANCE  
Q2 net sales are expected t",9961,411
GPT-feat-inject,ternary,APD,FLAT,"<reasoning>
Step 1 — EARNINGS SURPRISE  
Reported Q2 adjusted EPS was $2.69, below previous guidance of $2.75–$2.85 and down $0.16 YoY. Operating margin fell 210bps, with adjusted operating income down 9%. Sales volume was down 3%, price up 1%. The miss was attributed to cost estimate changes and lower helium contribution. A $2.3 billion after-tax charge was taken for project cancellations and cost reductions.

Step 2 — GUIDANCE  
FY25 full-year adjusted EPS guidance is $11.85–$12.15, with base ",12267,371
GPT-feat-only,ternary,APD,FLAT,"<reasoning>
Step 1 — EARNINGS SURPRISE  
No specific numbers are mentioned. The overall transcript tone is neutral, with positive and negative language roughly balanced, suggesting results likely met expectations without a material beat or miss.

Step 2 — GUIDANCE  
No evidence of guidance being raised or lowered. Modal language is confident, but there is no indication of a change in outlook. Guidance appears to be maintained or absent.

Step 3 — TONE & LANGUAGE  
Management sentiment is neutral",754,202
GPT-speaker-seg,ternary,APD,FLAT,"<reasoning>
Step 1 — EARNINGS SURPRISE  
No specific figures are provided for revenue, EPS, or margins. NLP signals do not indicate a clear beat or miss; sentiment is neutral, suggesting results likely met expectations.

Step 2 — GUIDANCE  
No explicit mention of guidance being raised, maintained, or lowered. The transcript tone and modal language (""will"", ""shall"") suggest confidence but do not indicate a change in outlook.

Step 3 — TONE & LANGUAGE  
Management sentiment is neutral, with confid",733,192
GPT-contrastive,ternary,APD,DOWN,"<reasoning>
Step 1 — EARNINGS SURPRISE  
Reported Q2 adjusted EPS was $2.69, below previous guidance of $2.75–$2.85 and down $0.16 YoY. Operating margin fell 210bps, with adjusted operating income down 9%. Sales volume was down 3%. The miss was attributed to cost overruns, project delays, and weaker helium contribution. A $2.3 billion after-tax charge was taken for project cancellations and cost reductions.

Step 2 — GUIDANCE  
FY25 full-year adjusted EPS guidance is $11.85–$12.15, with base bus",12619,378
GPT-xgb-inject,ternary,APD,DOWN,"<reasoning>
Step 1 — EARNINGS SURPRISE  
Reported Q2 adjusted EPS was $2.69, below previous guidance of $2.75–$2.85. Year-over-year, adjusted EPS decreased $0.16, with sales volume down 3% and operating margin down 210 basis points. Adjusted operating income decreased 9%. The company also took a $2.3 billion after-tax charge for project cancellations and cost reductions. These are clear negative surprises.

Step 2 — GUIDANCE  
FY25 full-year adjusted EPS guidance is $11.85–$12.15, with base busi",12307,423
GPT-feat-inject,ternary,AVGO,UP,"<reasoning>
Step 1 — EARNINGS SURPRISE  
Broadcom reported Q1 revenue of $14.9 billion (up 25% YoY), adjusted EBITDA of $10.1 billion (up 41% YoY), and gross margin of 79.1% (better than guided). Operating margin was 66%, and adjusted EBITDA margin was 68% (above guidance of 66%). These figures are strong and above expectations, with record results and positive YoY growth.

Step 2 — GUIDANCE  
Q2 guidance: consolidated revenue of $14.9 billion (up 19% YoY), semiconductor revenue of $8.4 billion ",9018,386
GPT-feat-only,ternary,AVGO,FLAT,"<reasoning>
Step 1 — EARNINGS SURPRISE  
No specific numbers are mentioned. The overall transcript tone is neutral, with positive and negative language roughly balanced, suggesting reported figures likely met expectations with no material beat or miss.

Step 2 — GUIDANCE  
No evidence of guidance being raised or lowered. Modal language is mixed, and the neutral tone implies guidance was likely maintained or not materially changed.

Step 3 — TONE & LANGUAGE  
Management sentiment is neutral (+0.0",746,190
GPT-speaker-seg,ternary,AVGO,FLAT,"<reasoning>
Step 1 — EARNINGS SURPRISE  
No specific figures are provided, and NLP signals indicate neutral sentiment with no evidence of a beat or miss. This suggests results likely met expectations.

Step 2 — GUIDANCE  
No explicit mention of guidance being raised, lowered, or maintained. The absence of guidance change points to in-line outlook.

Step 3 — TONE & LANGUAGE  
Both management and analyst sentiment are neutral, with mixed confidence language and no strong positive or negative signa",725,169
GPT-contrastive,ternary,AVGO,UP,"<reasoning>
Step 1 — EARNINGS SURPRISE  
Broadcom reported Q1 revenue of $14.9 billion, up 25% year on year, and adjusted EBITDA of $10.1 billion, up 41% year on year. Gross margin was 79.1%, better than guided, and adjusted EBITDA margin was 68%, above guidance of 66%. Semiconductor revenue was $8.2 billion (up 11% y/y), AI revenue $4.1 billion (up 77% y/y), and infrastructure software revenue $6.7 billion (up 47% y/y). These figures indicate a clear beat on both revenue and margin expectations",9377,445
GPT-xgb-inject,ternary,AVGO,UP,"<reasoning>
Step 1 — EARNINGS SURPRISE  
Reported Q1 revenue was $14.9 billion, up 25% year on year, and adjusted EBITDA was $10.1 billion, up 41% year on year. Gross margin was 79.1%, better than guided, and operating margin was 66%. Both revenue and margins exceeded expectations, with management noting ""record"" results and ""better than we originally guided."" Analyst reactions (""Congrats on the results"") confirm a positive surprise.

Step 2 — GUIDANCE  
Forward guidance for Q2: consolidated rev",9065,409
GPT-feat-inject,ternary,AXP,FLAT,"<reasoning>
Step 1 — EARNINGS SURPRISE  
Reported Q1 revenue was $17 billion, up 8% year-over-year (9% excluding leap year impact), and EPS was $3.64. Management stated: ""These results are tracking in line with the guidance we gave for the full year."" No explicit mention of a beat or miss; results appear in-line with consensus.

Step 2 — GUIDANCE  
Guidance was maintained: ""we are maintaining our full year revenue growth guidance of 8% to 10% and EPS of $15 to $15.50."" Management emphasized that",10427,317
GPT-feat-only,ternary,AXP,FLAT,"<reasoning>
Step 1 — EARNINGS SURPRISE  
No specific numbers are mentioned. The overall transcript tone is neutral, with positive and negative language roughly balanced, suggesting results likely met expectations with no material beat or miss.

Step 2 — GUIDANCE  
No evidence of guidance being raised or lowered. Modal language is mixed, and the neutral tone implies guidance was likely maintained or not materially changed.

Step 3 — TONE & LANGUAGE  
Management sentiment is neutral (net sentiment",746,199
GPT-speaker-seg,ternary,AXP,FLAT,"<reasoning>
Step 1 — EARNINGS SURPRISE  
No specific figures are provided, and NLP signals indicate neutral sentiment. No evidence of a beat or miss; results likely matched expectations.

Step 2 — GUIDANCE  
No explicit mention of guidance being raised, maintained, or lowered. Absence of guidance change suggests outlook is in-line.

Step 3 — TONE & LANGUAGE  
Management and analyst tone are both neutral, with net sentiment at +0.0000. Language is mixed confidence, with no strong positive or nega",725,175
GPT-contrastive,ternary,AXP,FLAT,"<reasoning>
Step 1 — EARNINGS SURPRISE  
Reported Q1 revenue was $17 billion, up 8% year-over-year (9% excluding leap year), and EPS was $3.64. Management stated: ""These results are tracking in line with the guidance we gave for the full year."" No explicit beat or miss; results appear in-line with consensus.

Step 2 — GUIDANCE  
Guidance was maintained: ""we are maintaining our full year revenue growth guidance of 8% to 10% and EPS of $15 to $15.50."" Guidance incorporates a higher unemployment sc",10786,294
GPT-xgb-inject,ternary,AXP,UP,"<reasoning>
Step 1 — EARNINGS SURPRISE  
Reported Q1 revenue was $17 billion, up 8% year-over-year (9% excluding leap year impact), and EPS was $3.64. Management states: ""These results are tracking in line with the guidance we gave for the full year."" No explicit mention of a beat or miss, but the language and context suggest results met or slightly exceeded expectations, especially given strong card fee growth (+20%) and record net card fees.

Step 2 — GUIDANCE  
Guidance was maintained: ""we ar",10470,355
GPT-feat-inject,ternary,BA,UP,"<reasoning>
Step 1 — EARNINGS SURPRISE  
Revenue was $19.5 billion, up 18% primarily driven by higher commercial delivery volume. Core loss per share of $0.49 was a significant improvement compared to last year. Free cash flow usage was better than expectations shared last month. Margins improved in defense and services. Overall, results were better than internal plan and expectations, especially on deliveries and cash flow.

Step 2 — GUIDANCE  
Guidance was maintained: ""We're not going to adjus",10153,345
GPT-feat-only,ternary,BA,FLAT,"<reasoning>
Step 1 — EARNINGS SURPRISE  
No specific numbers are mentioned. The neutral tone from both management and analysts, combined with the absence of strong positive or negative sentiment, suggests results likely met expectations.

Step 2 — GUIDANCE  
No evidence of guidance being raised, lowered, or changed. The transcript features mixed confidence language and no clear directional signal, implying guidance was likely maintained or not materially updated.

Step 3 — TONE & LANGUAGE  
Over",744,220
GPT-speaker-seg,ternary,BA,FLAT,"<reasoning>
Step 1 — EARNINGS SURPRISE  
No specific figures (revenue, EPS, margins) are quoted in the transcript. No evidence of a beat or miss; signals suggest results were in-line with expectations.

Step 2 — GUIDANCE  
No explicit mention of forward guidance being raised, maintained, or lowered. Guidance language is absent, indicating no material change.

Step 3 — TONE & LANGUAGE  
Overall transcript tone is net positive (+0.0087), but both management and analyst sentiment are neutral (+0.00",723,198
GPT-contrastive,ternary,BA,FLAT,"<reasoning>
Step 1 — EARNINGS SURPRISE  
Revenue was $19.5 billion, up 18%, driven by higher commercial delivery volume. Core loss per share of $0.49 was a significant improvement compared to last year. Free cash flow usage was better than expectations shared last month. Operating margin in BCA was -6.6%, but delivery volumes and backlog were strong. No explicit mention of consensus, but results appear to have met or slightly exceeded internal expectations.

Step 2 — GUIDANCE  
Guidance was main",10513,338
GPT-xgb-inject,ternary,BA,UP,"<reasoning>
Step 1 — EARNINGS SURPRISE  
Revenue was $19.5 billion, up 18% YoY, driven by higher commercial delivery volume. Core loss per share of $0.49 was a ""significant improvement"" compared to last year. Free cash flow usage of $2.3 billion was ""better than expectations shared last month."" BCA delivered 130 airplanes, ""better than our internal plan."" Margins remain negative in BCA (-6.6%), but defense (BDS) margins improved to +2.5%. Overall, results beat internal plans and were better than",10199,428
GPT-feat-inject,ternary,BAC,FLAT,"<reasoning>
Step 1 — EARNINGS SURPRISE  
Reported Q1 2025 EPS was $0.90, net income $7.4B, revenue $27.5B (up 6% YoY), EPS up 18% YoY, NII up 3% YoY, and strong deposit/loan growth. No explicit mention of consensus, but language (""solid start"", ""good growth over both last quarter and the year earlier period"") and analyst questions suggest results met or slightly beat expectations. No evidence of a material miss.

Step 2 — GUIDANCE  
Forward guidance for NII: ""our fourth quarter exit rate expecta",15136,377
GPT-feat-only,ternary,BAC,FLAT,"<reasoning>
Step 1 — EARNINGS SURPRISE  
No specific numbers are mentioned. The overall transcript tone is neutral, with positive and negative language roughly balanced, suggesting that reported figures likely met expectations and there was no material earnings surprise.

Step 2 — GUIDANCE  
There is no indication of forward guidance being raised, lowered, or maintained. The dominance of hedged language (""may"", ""could"", ""might"") implies that guidance was either maintained or absent, with no stro",755,269
GPT-speaker-seg,ternary,BAC,FLAT,"<reasoning>
Step 1 — EARNINGS SURPRISE  
No specific figures are provided, and NLP signals do not indicate any material positive or negative surprise. Both management and analyst tone are neutral, suggesting results met expectations.

Step 2 — GUIDANCE  
No explicit mention of guidance being raised, lowered, or maintained. The transcript tone and modal language (""may"", ""could"", ""might"") indicate hedged, in-line commentary with no material change.

Step 3 — TONE & LANGUAGE  
Management sentiment ",734,198
GPT-contrastive,ternary,BAC,FLAT,"<reasoning>
Step 1 — EARNINGS SURPRISE  
Bank of America reported Q1 2025 net income of $7.4 billion and EPS of $0.90, with revenue of $27.5 billion (FTE basis), up 6% YoY. EPS grew 18% YoY, net income up 11%, and revenue up 6%. NII grew 3% YoY, at the high end of prior guidance. Most revenue items improved YoY, and operating leverage was positive (revenue grew 300bps faster than expense). These results are solid and likely at or slightly above consensus, but no explicit ""beat"" or ""miss"" languag",15486,435
GPT-xgb-inject,ternary,BAC,UP,"<reasoning>
Step 1 — EARNINGS SURPRISE  
Bank of America reported Q1 2025 net income of $7.4 billion and EPS of $0.90, with revenue of $27.5 billion (up 6% YoY). EPS grew 18% YoY, net income up 11%, and revenue up 6%. NII grew 3% YoY, sales and trading revenue up 9%, wealth management revenue up 8%. These are strong headline numbers, and management repeatedly described the quarter as ""another good quarter"" and ""solid start to 2025."" No explicit mention of consensus, but the tone and magnitude of",15171,438
GPT-feat-inject,ternary,BKNG,UP,"<reasoning>
Step 1 — EARNINGS SURPRISE  
Reported Q1 revenue of $4.8B (+8% YoY), adjusted EBITDA of $1.1B (+21% YoY), and adjusted EPS up 22% YoY. All key metrics ""exceeded the high end of our prior guidance ranges."" Room nights, gross bookings, and alternative accommodations also beat expectations. Margins expanded, and cost control was better than expected.

Step 2 — GUIDANCE  
Guidance for Q2: Room night growth 4–6%, gross bookings up 10–12%, revenue up 10–12%, adjusted EBITDA up 16% YoY at t",11481,367
GPT-feat-only,ternary,BKNG,FLAT,"<reasoning>
Step 1 — EARNINGS SURPRISE  
No specific numbers are provided. The transcript tone is net positive, but management and analyst sentiment are both neutral, suggesting results likely met expectations rather than a material beat or miss.

Step 2 — GUIDANCE  
No explicit guidance language is available. The mixed confidence modal language and neutral management tone imply guidance was likely maintained or not materially changed.

Step 3 — TONE & LANGUAGE  
Management sentiment is neutral ",745,222
GPT-speaker-seg,ternary,BKNG,FLAT,"<reasoning>
Step 1 — EARNINGS SURPRISE  
No specific figures (revenue, EPS, margins) are quoted in the transcript. There is no evidence of a beat or miss; the absence of surprise signals suggests results were in-line with expectations.

Step 2 — GUIDANCE  
No explicit guidance change is mentioned. There is no language indicating that forward guidance was raised, maintained, or lowered. This implies guidance was likely maintained or absent.

Step 3 — TONE & LANGUAGE  
Overall transcript tone is n",724,233
GPT-contrastive,ternary,BKNG,UP,"<reasoning>
Step 1 — EARNINGS SURPRISE  
Reported Q1 revenue of $4.8B (+8% YoY), adjusted EBITDA of $1.1B (+21% YoY), and adjusted EPS up 22% YoY. Both revenue and adjusted EBITDA ""exceeded the high end of our prior guidance ranges."" Room nights and gross bookings also slightly exceeded guidance. Margins expanded, and cost control was better than expected. This is a clear beat.

Step 2 — GUIDANCE  
Forward guidance for Q2: ""We have continued to see stable travel demand trends... guidance for the",11845,416
GPT-xgb-inject,ternary,BKNG,UP,"<reasoning>
Step 1 — EARNINGS SURPRISE  
Reported Q1 revenue of $4.8 billion grew 8% YoY, adjusted EBITDA of $1.1 billion up 21% YoY, and adjusted EPS up 22% YoY. Both revenue and adjusted EBITDA ""exceeded the high end of our prior guidance ranges."" Room nights (319 million) ""slightly exceeded the high end of our prior expectations."" These are clear beats.

Step 2 — GUIDANCE  
Guidance for Q2: ""room night growth to be between 4% and 6%,"" ""gross bookings to increase between 10% and 12%,"" ""revenue",11526,466
GPT-feat-inject,ternary,BLK,UP,"<reasoning>
Step 1 — EARNINGS SURPRISE  
BlackRock reported Q1 2025 revenue of $5.3 billion (+12% YoY), operating income of $2 billion (+14% YoY), and EPS of $11.30 (+15% YoY). As-adjusted operating margin expanded by 100 basis points YoY to 43.2%. Organic base fee growth was 6%, above target. Net inflows were $84 billion, or $140 billion excluding episodic low-fee institutional index outflows. These results are described as ""record"" and ""above target,"" indicating a clear beat versus consensus e",11252,408
GPT-feat-only,ternary,BLK,FLAT,"<reasoning>
Step 1 — EARNINGS SURPRISE  
No specific numbers are provided. The transcript tone is net positive, but both management and analyst sentiment are neutral, suggesting results likely met expectations without a material beat or miss.

Step 2 — GUIDANCE  
No evidence of guidance change. Modal language is mixed confidence, implying guidance was likely maintained or not materially updated.

Step 3 — TONE & LANGUAGE  
Management and analyst sentiment are both neutral, with no divergence. Th",746,191
GPT-speaker-seg,ternary,BLK,FLAT,"<reasoning>
Step 1 — EARNINGS SURPRISE  
No specific figures are provided for revenue, EPS, or margins. There is no indication of a beat or miss; the transcript signals are neutral.

Step 2 — GUIDANCE  
No explicit mention of forward guidance being raised, maintained, or lowered. Guidance language is absent.

Step 3 — TONE & LANGUAGE  
Management and analyst sentiment are both neutral (net sentiment: +0.0000). The overall transcript tone is net positive (+0.0104), but modal language is mixed con",725,189
GPT-contrastive,ternary,BLK,UP,"<reasoning>
Step 1 — EARNINGS SURPRISE  
BlackRock reported Q1 2025 revenue of $5.3 billion (+12% YoY), operating income of $2 billion (+14% YoY), and EPS of $11.30 (+15% YoY). Organic base fee growth was 6% (above target), and operating margin expanded by 100bps. These are all above expectations, with management repeatedly referencing ""above target"" growth and ""record"" results.

Step 2 — GUIDANCE  
Guidance was maintained: ""In line with our January guidance... we continue to expect a mid to hig",11612,343
GPT-xgb-inject,ternary,BLK,UP,"<reasoning>
Step 1 — EARNINGS SURPRISE  
BlackRock reported strong Q1 2025 results: ""above target 6% organic base fee growth,"" ""double-digit growth across the board in revenue, operating income and earnings per share,"" ""100 basis points of margin expansion."" Specific numbers: revenue of $5.3 billion (+12% YoY), operating income of $2 billion (+14% YoY), EPS of $11.30 (+15% YoY). These figures indicate a clear beat versus typical expectations for a large asset manager, especially in a volatile ma",11300,478
GPT-feat-inject,ternary,C,FLAT,"<reasoning>
Step 1 — EARNINGS SURPRISE  
Reported Q1 net income was $4.1 billion, EPS $1.96, ROTCE 9.1%, and revenues up 3% YoY. Expenses declined 5%. Markets revenue up 12%, banking up 12%, wealth up 24%. No explicit mention of beating or missing consensus, but transcript and analyst questions do not reference a surprise, suggesting results were broadly in line.

Step 2 — GUIDANCE  
Full-year 2025 guidance was maintained: ""Based on what we know today... we still expect to deliver full-year reve",15014,354
GPT-feat-only,ternary,C,FLAT,"<reasoning>
Step 1 — EARNINGS SURPRISE  
No specific numbers are mentioned. The overall transcript tone is neutral, with positive and negative language roughly balanced, suggesting that reported figures likely met expectations and there was no material earnings surprise.

Step 2 — GUIDANCE  
No evidence of guidance being raised or lowered. The modal language is mixed confidence, and there is no indication of forward-looking statements that would signal a change in outlook. This implies guidance ",745,222
GPT-speaker-seg,ternary,C,FLAT,"<reasoning>
Step 1 — EARNINGS SURPRISE  
No specific figures or beats/misses are mentioned. NLP signals indicate neutral sentiment, suggesting results were in-line with expectations.

Step 2 — GUIDANCE  
No explicit guidance change is noted. Management remarks are neutral, and there is no language indicating raised or lowered outlook.

Step 3 — TONE & LANGUAGE  
Both management and analyst tones are neutral, with mixed confidence language and no strong positive or negative sentiment. Analyst Q&A",724,160
GPT-contrastive,ternary,C,FLAT,"<reasoning>
Step 1 — EARNINGS SURPRISE  
Citigroup reported Q1 net income of $4.1 billion, EPS of $1.96, and ROTCE of 9.1%. Revenue was up 3% YoY, with positive operating leverage in all five business lines. Expenses declined 5% YoY. Segment results were strong: Markets revenue up 12%, Equities up 23%, Banking up 12%, Wealth up 24%. No explicit mention of consensus, but the transcript and analyst questions indicate results were at least in line, possibly modestly above expectations (no negative ",15373,467
GPT-xgb-inject,ternary,C,UP,"<reasoning>
Step 1 — EARNINGS SURPRISE  
Citigroup reported Q1 net income of $4.1 billion, EPS of $1.96, ROTCE of 9.1%, and revenues of $21.6 billion. Expenses declined 5% YoY. Multiple business lines showed strong YoY growth: Markets revenue up 12%, Equities up 23%, Banking up 12% (M&A revenue nearly doubled), Wealth up 24%. Management repeatedly described the quarter as ""strong"" and ""marked by continued momentum."" No explicit mention of consensus estimates, but the tone and numbers suggest a b",15062,496
GPT-feat-inject,ternary,CAT,FLAT,"<reasoning>
Step 1 — EARNINGS SURPRISE  
Reported Q1 sales and revenues were $14.2 billion, down 10% YoY, and adjusted profit per share was $4.25 (vs $5.60 last year). Adjusted operating profit margin was 18.3%, a 390 bps decrease YoY, but ""above our expectations"" due to favorable manufacturing costs. Machine sales to users were ""better than expected,"" and backlog grew by $5 billion to a record $35 billion. Overall, headline figures were down YoY but generally in line or slightly better than int",12137,489
GPT-feat-only,ternary,CAT,FLAT,"<reasoning>
Step 1 — EARNINGS SURPRISE  
No specific numbers are mentioned, and both management and analyst net sentiment are neutral (+0.0000). This suggests results likely met expectations, with no clear evidence of a beat or miss.

Step 2 — GUIDANCE  
No explicit guidance language is provided. The transcript features mixed confidence modal language, but no indication of raised or lowered outlook. This implies guidance was likely maintained or absent.

Step 3 — TONE & LANGUAGE  
Overall transc",745,234
GPT-speaker-seg,ternary,CAT,FLAT,"<reasoning>
Step 1 — EARNINGS SURPRISE  
No specific figures are provided for revenue, EPS, or margins. There is no indication of a beat or miss; the transcript signals are neutral.

Step 2 — GUIDANCE  
No explicit mention of forward guidance being raised, maintained, or lowered. Guidance language is absent.

Step 3 — TONE & LANGUAGE  
Management and analyst tone are both neutral, with net sentiment at +0.0000. The overall transcript tone is net positive (+0.0095), but modal language is mixed co",724,191
GPT-contrastive,ternary,CAT,FLAT,"<reasoning>
Step 1 — EARNINGS SURPRISE  
Reported Q1 sales and revenues were $14.2 billion, down 10% YoY, and adjusted profit per share was $4.25 (vs. $5.60 last year). Adjusted operating profit margin was 18.3%, a 390 bps decrease YoY, but ""above our expectations"" due to favorable manufacturing costs. Machine sales to users were ""better than we expected,"" and backlog grew by $5 billion (record organic growth). Overall, headline figures were down YoY but met or slightly exceeded internal expecta",12497,468
GPT-xgb-inject,ternary,CAT,UP,"<reasoning>
Step 1 — EARNINGS SURPRISE  
Reported Q1 sales and revenues were $14.2 billion, down 10% YoY, and adjusted profit per share was $4.25 (vs. $5.60 last year). Margins were 18.3%, down 390bps YoY but ""above our expectations"" due to favorable manufacturing costs. Machine sales to users were ""better than expected,"" and backlog grew by $5 billion to a record $35 billion. Overall, headline figures were down YoY but generally met or slightly exceeded internal expectations, especially on marg",12184,436
GPT-feat-inject,ternary,CB,FLAT,"<reasoning>
Step 1 — EARNINGS SURPRISE  
Reported Q1 core operating income was $1.5 billion, down 31% year-over-year, but supported by strong underlying underwriting results, double-digit investment income growth, and strong life insurance income. Total company premiums grew 5.7% in constant dollars. Combined ratio was 95.7% with notable CAT losses ($1.6 billion). Excluding CATs, current accident year underwriting income was up 12%. Book value per share reached an all-time high ($164). Investmen",8633,459
GPT-feat-only,ternary,CB,FLAT,"<reasoning>
Step 1 — EARNINGS SURPRISE  
No specific numbers are mentioned, and the overall tone is neutral with positive and negative language balanced. This suggests results likely met expectations, with no material beat or miss.

Step 2 — GUIDANCE  
There is no indication of guidance being raised or lowered. The transcript features mixed confidence language and no clear forward-looking positive or negative signals, implying guidance was likely maintained or absent.

Step 3 — TONE & LANGUAGE  ",745,205
GPT-speaker-seg,ternary,CB,FLAT,"<reasoning>
Step 1 — EARNINGS SURPRISE  
No specific figures for revenue, EPS, or margins are provided. No evidence of a beat or miss; transcript tone and sentiment ratios suggest results were in-line with expectations.

Step 2 — GUIDANCE  
No explicit mention of forward guidance being raised, maintained, or lowered. Absence of guidance change signals no material update.

Step 3 — TONE & LANGUAGE  
Overall transcript tone is neutral, with positive and negative language balanced. Management and a",724,184
GPT-contrastive,ternary,CB,FLAT,"<reasoning>
Step 1 — EARNINGS SURPRISE  
Reported Q1 core operating income was $1.5 billion, down 31% YoY, but supported by strong underlying underwriting results, double-digit investment income growth, and favorable reserve development. Premiums grew 5.7% in constant dollars. Combined ratio was 95.7% (impacted by $1.6B CAT losses), but current accident year combined ratio improved 1.5 points YoY. Investment income up 12.7%. Book value per share up 0.9% for the quarter. Overall, headline results",8992,443
GPT-xgb-inject,ternary,CB,UP,"<reasoning>
Step 1 — EARNINGS SURPRISE  
Reported Q1 core operating income was $1.5 billion, down 31% YoY, but supported by ""excellent underlying underwriting results,"" double-digit growth in investment income, and strong life insurance income. Total company premiums grew 5.7% in constant dollars. Combined ratio was 95.7% (impacted by $1.6 billion CAT losses), but current accident year combined ratio improved by 1.5 points. Excluding CATs, underwriting income was up 12%. Book value per share rea",8677,438
GPT-feat-inject,ternary,CEG,FLAT,"<reasoning>
Step 1 — EARNINGS SURPRISE  
Reported Q1 GAAP EPS was $0.38 and adjusted operating EPS was $2.14, which was $0.32 higher than last year. Management described the start as ""strong operational and financial,"" with margins exceeding the 10-year average and strong performance from the commercial business. No explicit mention of consensus estimates, but the tone suggests results were at least in-line, possibly modestly above expectations.

Step 2 — GUIDANCE  
Management reaffirmed full-ye",12025,322
GPT-feat-only,ternary,CEG,FLAT,"<reasoning>
Step 1 — EARNINGS SURPRISE  
No specific numbers are mentioned. The overall transcript tone is neutral, with positive and negative language roughly balanced, suggesting results likely met expectations with no material beat or miss.

Step 2 — GUIDANCE  
No evidence of guidance being raised or lowered. Modal language is mixed, and uncertainty ratio is moderate, indicating guidance was likely maintained or not materially changed.

Step 3 — TONE & LANGUAGE  
Management net sentiment is e",747,198
GPT-speaker-seg,ternary,CEG,FLAT,"<reasoning>
Step 1 — EARNINGS SURPRISE  
No specific figures or beats/misses are mentioned. The transcript tone and sentiment analysis do not indicate any material surprise; results appear to have met expectations.

Step 2 — GUIDANCE  
No explicit mention of raised, lowered, or maintained guidance. The absence of guidance change language suggests guidance was likely maintained or not materially updated.

Step 3 — TONE & LANGUAGE  
Management sentiment is neutral, with mixed confidence language a",726,194
GPT-contrastive,ternary,CEG,FLAT,"<reasoning>
Step 1 — EARNINGS SURPRISE  
Reported GAAP EPS was $0.38 and adjusted operating EPS was $2.14, which was $0.32 per share higher than last year. Management states: ""We are exactly where we want to be through the first quarter, and we will meet our commitments this year."" No explicit mention of consensus, but the year-over-year increase and positive operational commentary suggest results at least met, possibly modestly beat expectations.

Step 2 — GUIDANCE  
Guidance was maintained: ""W",12382,327
GPT-xgb-inject,ternary,CEG,FLAT,"<reasoning>
Step 1 — EARNINGS SURPRISE  
Reported GAAP earnings were $0.38 per share and adjusted operating earnings were $2.14 per share, which was $0.32 per share higher than last year. Management states: ""We are exactly where we want to be through the first quarter, and we will meet our commitments this year."" No explicit mention of consensus estimates or a beat/miss, but the tone suggests results were in-line or slightly positive versus prior year.

Step 2 — GUIDANCE  
Management reaffirmed ",12070,307
GPT-feat-inject,ternary,COF,FLAT,"<reasoning>
Step 1 — EARNINGS SURPRISE  
EPS was $3.45 reported, $4.06 adjusted (excluding legal/discover integration expenses). Pre-provision earnings flat QoQ, adjusted up 2%. Revenue declined 2% QoQ (due to 2 fewer days), but up 7% YoY in Domestic Card. Noninterest expense down 5% QoQ (adjusted). Provision for credit losses decreased $273M QoQ. Allowance release of $368M driven by favorable credit performance. No explicit mention of consensus, but analyst questions and management commentary s",14149,425
GPT-feat-only,ternary,COF,FLAT,"<reasoning>
Step 1 — EARNINGS SURPRISE  
No specific numbers are mentioned. The transcript tone is net positive, but management and analyst sentiment are both neutral, suggesting results likely met expectations rather than a clear beat or miss.

Step 2 — GUIDANCE  
No explicit guidance change is indicated. Hedged language dominates, implying management did not raise or lower outlook, or was non-committal about future performance.

Step 3 — TONE & LANGUAGE  
Management sentiment is neutral (+0.00",755,214
GPT-speaker-seg,ternary,COF,FLAT,"<reasoning>
Step 1 — EARNINGS SURPRISE  
No specific figures (revenue, EPS, margins) are provided. No evidence of a beat or miss; transcript signals are neutral.

Step 2 — GUIDANCE  
No explicit guidance change is mentioned. No language indicating raised, lowered, or maintained outlook; guidance appears absent or unchanged.

Step 3 — TONE & LANGUAGE  
Management and analyst sentiment are both neutral (net sentiment +0.0000). Hedged language dominates, suggesting caution but not alarm. No strong ",734,175
GPT-contrastive,ternary,COF,FLAT,"<reasoning>
Step 1 — EARNINGS SURPRISE  
Reported Q1 EPS was $3.45 ($4.06 adjusted), with pre-provision earnings flat QoQ and up 2% adjusted. Revenue declined 2% QoQ due to fewer days, but revenue was up 7% YoY in the card business. Noninterest expense decreased 5% adjusted. Provision for credit losses decreased, driven by lower net charge-offs and reserve releases. Credit metrics improved: card delinquencies and charge-offs down YoY, auto charge-offs down 44bps YoY. No explicit mention of conse",14500,439
GPT-xgb-inject,ternary,COF,DOWN,"<reasoning>
Step 1 — EARNINGS SURPRISE  
Reported Q1 EPS was $3.45 ($4.06 adjusted), net income $1.4B. Pre-provision earnings flat QoQ, adjusted up 2%. Revenue declined 2% QoQ (due to fewer days), but up 7% YoY in Domestic Card. Noninterest expense decreased 5% QoQ (adjusted). Provision for credit losses decreased $273M QoQ. Allowance release of $368M. Margins: Net interest margin down 10bps QoQ (day count effect), up 24bps YoY. Charge-off rate up YoY (6.19% vs prior year, but excluding Walmart,",14181,500
GPT-feat-inject,ternary,COP,FLAT,"<reasoning>
Step 1 — EARNINGS SURPRISE  
COP produced 2.389 million barrels of oil equivalent per day, ""exceeding the high end of our production guidance for the quarter."" Adjusted earnings were $2.09 per share. However, cash flow from operations (CFO) was $5.5 billion, with a noted cash tax headwind and a mix shift to higher-tax jurisdictions. Operationally, the quarter was strong, but cash flow ""missed the mark a little bit"" due to taxes. Overall, production and earnings were solid, but cash f",9235,389
GPT-feat-only,ternary,COP,FLAT,"<reasoning>
Step 1 — EARNINGS SURPRISE  
No specific numbers are mentioned, and the overall transcript tone is neutral with positive and negative language roughly balanced. This suggests that reported figures likely met expectations, with no material beat or miss.

Step 2 — GUIDANCE  
There is no indication of guidance being raised, lowered, or changed. The tone and modal language are mixed, implying guidance was likely maintained or absent, with no strong forward-looking signal.

Step 3 — TONE ",746,227
GPT-speaker-seg,ternary,COP,FLAT,"<reasoning>
Step 1 — EARNINGS SURPRISE  
No specific figures are quoted, and NLP signals do not indicate a material beat or miss. The transcript tone is neutral, suggesting results were in line with expectations.

Step 2 — GUIDANCE  
No explicit mention of guidance being raised, lowered, or maintained. Absence of guidance change implies no material update.

Step 3 — TONE & LANGUAGE  
Management sentiment is neutral, with mixed confidence language. Analyst Q&A is also neutral, with no probing on ",725,174
GPT-contrastive,ternary,COP,FLAT,"<reasoning>
Step 1 — EARNINGS SURPRISE  
COP produced 2.389 million barrels of oil equivalent per day, ""exceeding the high end of our production guidance for the quarter."" Adjusted EPS was $2.09, but no explicit comparison to consensus is given. Operationally, the quarter was strong, but cash flow was impacted by one-time tax items, leading to a ""cash flow miss"" per analyst question. Margins and cost control were positive, with $200 million reduction in operating costs.

Step 2 — GUIDANCE  
Full",9592,445
GPT-xgb-inject,ternary,COP,UP,"<reasoning>
Step 1 — EARNINGS SURPRISE  
COP reported $2.09 per share in adjusted earnings and produced 2.389 million barrels of oil equivalent per day, ""exceeding the high end of our production guidance for the quarter."" Operational execution was strong, but cash flow was impacted by a one-time tax headwind. Overall, production and earnings were above expectations, but cash flow was slightly below due to discrete tax items.

Step 2 — GUIDANCE  
Forward guidance was maintained: ""Full year produc",9282,356
GPT-feat-inject,ternary,COST,UP,"<reasoning>
Step 1 — EARNINGS SURPRISE  
Costco reported Q2 net income of $1.788 billion ($4.02 per diluted share), up from $1.743 billion ($3.92 per share) last year. Excluding a discrete tax item, net income and EPS grew 8.4%. Operating income increased 12.3%. Net sales were $62.53 billion, up 9.1% YoY. US comparable sales up 8.3% (8.6% ex-gas), total company comp sales up 6.8% (9.1% adjusted). E-commerce comp sales up 20.9%. Gross margin up 5 bps YoY. SG&A rate improved by 8 bps. These figure",12801,466
GPT-feat-only,ternary,COST,FLAT,"<reasoning>
Step 1 — EARNINGS SURPRISE  
No specific numbers are provided, and both management and analyst net sentiment are neutral (+0.0000). This suggests reported figures likely met expectations, with no material beat or miss.

Step 2 — GUIDANCE  
No evidence of guidance change is present. Modal language is mixed confidence, and there is no indication of raised or lowered outlook. This implies guidance was likely maintained or absent.

Step 3 — TONE & LANGUAGE  
Overall transcript tone is ne",745,216
GPT-speaker-seg,ternary,COST,FLAT,"<reasoning>
Step 1 — EARNINGS SURPRISE  
No specific figures (revenue, EPS, margins) are quoted in the transcript. Pre-computed signals do not indicate a clear beat or miss, suggesting results were likely in-line with expectations.

Step 2 — GUIDANCE  
No explicit mention of forward guidance being raised, maintained, or lowered. Absence of guidance change points to a neutral outlook.

Step 3 — TONE & LANGUAGE  
Overall transcript tone is net positive (+0.0089), but both management and analyst se",724,206
GPT-contrastive,ternary,COST,UP,"<reasoning>
Step 1 — EARNINGS SURPRISE  
Costco reported Q2 net income of $1.788 billion ($4.02 per diluted share), up from $1.743 billion ($3.92 per share) last year. Excluding a discrete tax item, net income and EPS grew 8.4%. Operating income increased 12.3% YoY. Net sales were $62.53 billion, up 9.1%. US comparable sales up 8.3% (8.6% ex-gas), total company comp sales up 6.8% (9.1% adjusted). E-commerce comp sales up 20.9%. Gross margin up 5 bps YoY. SG&A rate improved by 8 bps. These figure",13161,448
GPT-xgb-inject,ternary,COST,UP,"<reasoning>
Step 1 — EARNINGS SURPRISE  
Costco reported Q2 net income of $1.788 billion ($4.02 per diluted share), up from $1.743 billion ($3.92 per share) last year. Excluding a discrete tax item, net income and EPS grew 8.4%. Operating income increased 12.3%. Net sales were $62.53 billion, up 9.1% YoY. US comparable sales up 8.3% (8.6% ex-gas), Canada up 4.6% (10.5% adj.), other international up 1.7% (10.3% adj.), e-commerce up 20.9%. Gross margin up 5 bps YoY. SG&A rate improved by 8 bps. Th",12850,491
GPT-feat-inject,ternary,CSCO,UP,"<reasoning>
Step 1 — EARNINGS SURPRISE  
Cisco reported Q3 revenue of $14.1B (up 11% YoY), non-GAAP EPS of $0.96, and margins above the high end of guidance. Product orders grew 20% YoY (9% organic, ex-Splunk). Non-GAAP gross margin was 68.6% (up 30bps YoY), and operating margin was 34.5% (above guidance). Management repeatedly stated results were ""above the high-end of our guidance ranges,"" indicating a clear beat.

Step 2 — GUIDANCE  
Q4 guidance: Revenue $14.5B–$14.7B, non-GAAP EPS $0.96–$0.9",11554,405
GPT-feat-only,ternary,CSCO,FLAT,"<reasoning>
Step 1 — EARNINGS SURPRISE  
No specific numbers are provided, and the NLP features do not indicate a strong positive or negative surprise. The net sentiment is positive but modest (+0.0057), suggesting results were likely in-line or only slightly better than expected.

Step 2 — GUIDANCE  
There is no evidence of guidance being raised or lowered. The modal language is mixed confidence, and the overall tone is neutral, implying guidance was probably maintained or not materially change",746,249
GPT-speaker-seg,ternary,CSCO,FLAT,"<reasoning>
Step 1 — EARNINGS SURPRISE  
No specific figures are provided in the transcript. Pre-computed NLP signals and tone analysis do not indicate any material surprise (beat or miss). Both management and analyst sentiment are neutral, suggesting results likely met expectations.

Step 2 — GUIDANCE  
No explicit guidance change is mentioned. The transcript does not reference raised, maintained, or lowered outlook. This absence suggests guidance was likely maintained or not materially changed",725,214
GPT-contrastive,ternary,CSCO,UP,"<reasoning>
Step 1 — EARNINGS SURPRISE  
Cisco reported Q3 revenue of $14.1 billion (up 11% YoY), non-GAAP EPS of $0.96, and non-GAAP gross margin of 68.6% (up 30bps YoY), all ""above the high-end of our guidance ranges."" Product orders grew 20% YoY (9% organic), with strong growth across networking, security (up 54%), and software (up 25%). This is a clear beat.

Step 2 — GUIDANCE  
Guidance for Q4: Revenue $14.5–$14.7 billion, non-GAAP EPS $0.96–$0.98, gross margin 67.5–68.5%, operating margin ",11914,420
GPT-xgb-inject,ternary,CSCO,FLAT,"<reasoning>
Step 1 — EARNINGS SURPRISE  
Cisco reported Q3 revenue, margins, and EPS ""above the high-end of our guidance ranges."" Specifics: Q3 revenue $14.1B (up 11% YoY), non-GAAP EPS $0.96, non-GAAP gross margin 68.6% (up 30bps YoY), non-GAAP operating margin 34.5% (above guidance). Product orders up 20% YoY (9% organic). Security revenue up 54%. All metrics exceeded expectations.

Step 2 — GUIDANCE  
Guidance for Q4: Revenue $14.5B–$14.7B, non-GAAP EPS $0.96–$0.98, gross margin 67.5%–68.5%, ",11599,420
GPT-feat-inject,ternary,CVX,FLAT,"<reasoning>
Step 1 — EARNINGS SURPRISE  
Chevron reported Q1 earnings of $3.5 billion ($2 per share), with adjusted earnings of $3.8 billion ($2.18 per share). Adjusted earnings were $200 million higher than last quarter. Downstream earnings improved due to better refining margins. Production was flat, but project start-ups offset asset sales. No explicit mention of consensus estimates or a clear beat/miss, but the tone suggests results were solid and in-line.

Step 2 — GUIDANCE  
Guidance for b",9769,384
GPT-feat-only,ternary,CVX,FLAT,"<reasoning>
Step 1 — EARNINGS SURPRISE  
No specific numbers are provided. The neutral tone from both management and analysts, combined with the absence of strong positive or negative sentiment, suggests results likely met expectations.

Step 2 — GUIDANCE  
No explicit guidance language is available. The transcript features mixed confidence language and no clear indication of raised or lowered outlook, implying guidance was likely maintained or not materially changed.

Step 3 — TONE & LANGUAGE  ",744,221
GPT-speaker-seg,ternary,CVX,FLAT,"<reasoning>
Step 1 — EARNINGS SURPRISE  
No specific figures for revenue, EPS, or margins are provided. There is no indication of a beat or miss; the transcript signals are neutral.

Step 2 — GUIDANCE  
No explicit mention of guidance being raised, maintained, or lowered. Guidance language is absent.

Step 3 — TONE & LANGUAGE  
Management and analyst tone are both neutral, with net sentiment at +0.0000. The overall transcript tone is net positive (+0.0081), but modal language is mixed confidence",723,201
GPT-contrastive,ternary,CVX,FLAT,"<reasoning>
Step 1 — EARNINGS SURPRISE  
Chevron reported Q1 earnings of $3.5 billion ($2 per share), adjusted earnings of $3.8 billion ($2.18 per share). Adjusted earnings were $200 million higher than last quarter. No explicit mention of beating or missing consensus; transcript and Q&A do not reference a material surprise, suggesting results were broadly in-line. Margins improved in downstream, production was flat, and CapEx was reduced.

Step 2 — GUIDANCE  
Guidance for buybacks remains uncha",10127,364
GPT-xgb-inject,ternary,CVX,UP,"<reasoning>
Step 1 — EARNINGS SURPRISE  
Chevron reported Q1 earnings of $3.5 billion ($2 per share), with adjusted earnings of $3.8 billion ($2.18 per share), $200 million higher than last quarter. Adjusted downstream earnings were higher due to improved refining margins. Production was flat QoQ, but major project start-ups offset asset sales. No explicit mention of consensus estimates, but the tone suggests results were at least in-line, possibly modestly above expectations given higher adjust",9815,438
GPT-feat-inject,ternary,DE,FLAT,"<reasoning>
Step 1 — EARNINGS SURPRISE  
Deere delivered a ""better than expected second quarter"" with an 18.8% margin for equipment operations, ""despite tear-up headwinds."" However, net sales and revenues were down 16% YoY to $12.763 billion, and net sales for equipment operations were down 18% YoY to $11.171 billion. Net income was $1.804 billion, or $6.64 per diluted share. Margins exceeded projections, but sales were down sharply. Overall, operational execution was strong, but headline number",11351,459
GPT-feat-only,ternary,DE,FLAT,"<reasoning>
Step 1 — EARNINGS SURPRISE  
No specific numbers are mentioned. The overall transcript tone is net positive, but both management and analyst sentiment are neutral, suggesting results likely met expectations rather than a clear beat or miss.

Step 2 — GUIDANCE  
No explicit guidance change is indicated. Modal language is mixed confidence, implying guidance was likely maintained or not materially changed.

Step 3 — TONE & LANGUAGE  
Management sentiment is neutral (+0.0000), and analys",745,210
GPT-speaker-seg,ternary,DE,FLAT,"<reasoning>
Step 1 — EARNINGS SURPRISE  
No specific figures are provided for revenue, EPS, or margins. There is no indication of a beat or miss; the transcript signals are neutral.

Step 2 — GUIDANCE  
No explicit mention of guidance being raised, maintained, or lowered. The management remarks are neutral, and there is no guidance change noted.

Step 3 — TONE & LANGUAGE  
Overall transcript tone is net positive (+0.0102), but both management and analyst sentiment are exactly neutral (+0.0000). ",724,204
GPT-contrastive,ternary,DE,FLAT,"<reasoning>
Step 1 — EARNINGS SURPRISE  
Deere delivered a ""better than expected second quarter"" with an 18.8% margin for equipment operations, ""exceptional execution amidst challenging market dynamics."" However, net sales and revenues were down 16% YoY to $12.763B, and net sales for equipment operations were down 18% YoY. Net income was $1.804B ($6.64/share). Margins exceeded projections, but sales were down sharply. Sequential improvement, but YoY declines. No explicit EPS/revenue consensus co",11711,435
GPT-xgb-inject,ternary,DE,UP,"<reasoning>
Step 1 — EARNINGS SURPRISE  
Deere delivered a ""better than expected second quarter"" with an 18.8% margin for equipment operations, ""despite tear-up headwinds due to better-than-expected sales and favorable production costs."" However, net sales and revenues were down 16% YoY to $12.763 billion, and net sales for equipment operations were down 18% YoY to $11.171 billion. Net income was $1.804 billion ($6.64 per diluted share). Margins exceeded projections, but headline sales were down",11397,500
GPT-feat-inject,ternary,DHR,UP,"<reasoning>
Step 1 — EARNINGS SURPRISE  
Reported Q1 revenue, earnings, and cash flow ""came in ahead of our expectations."" Adjusted diluted net earnings per share were $1.88, with free cash flow conversion over 110%. Gross margin was up 100bps YoY, though operating margin was down 50bps due to productivity investments. Management noted a ""$0.25 beat here in Q1"" and ""probably have some FX tailwinds."" Overall, Q1 was a beat.

Step 2 — GUIDANCE  
Guidance was maintained: ""For the full year 2025, th",9966,399
GPT-feat-only,ternary,DHR,FLAT,"<reasoning>
Step 1 — EARNINGS SURPRISE  
No specific numbers are mentioned. The overall transcript tone is net positive, but both management and analyst sentiment are neutral, suggesting results likely met expectations rather than a clear beat or miss.

Step 2 — GUIDANCE  
No evidence of guidance being raised or lowered. Modal language is mixed confidence, indicating guidance was likely maintained or not materially changed.

Step 3 — TONE & LANGUAGE  
Management sentiment is neutral (+0.0000), a",745,226
GPT-speaker-seg,ternary,DHR,FLAT,"<reasoning>
Step 1 — EARNINGS SURPRISE  
No specific figures for revenue, EPS, or margins are provided. There is no evidence of a beat or miss; the transcript signals neither positive nor negative surprises.

Step 2 — GUIDANCE  
No explicit mention of forward guidance being raised, maintained, or lowered. Guidance language is absent.

Step 3 — TONE & LANGUAGE  
Overall transcript tone is net positive (+0.0080), but both management and analyst sentiment are neutral (+0.0000). Modal language is mi",724,194
GPT-contrastive,ternary,DHR,FLAT,"<reasoning>
Step 1 — EARNINGS SURPRISE  
Reported Q1 revenue, earnings, and cash flow ""came in ahead of our expectations,"" with adjusted diluted EPS of $1.88 and gross margin up 100bps YoY. Free cash flow conversion was strong (>110%). Q1 operating margin was down 50bps YoY due to productivity investments, but overall results were above internal expectations. No explicit mention of consensus analyst estimates, but the transcript and analyst congratulations (""congrats on the strong start"") sugges",10326,455
GPT-xgb-inject,ternary,DHR,UP,"<reasoning>
Step 1 — EARNINGS SURPRISE  
Reported Q1 revenue, earnings, and cash flow ""came in ahead of our expectations,"" with strong bioprocessing momentum and higher-than-anticipated respiratory demand at Cepheid. Adjusted diluted net earnings per share were $1.88, and free cash flow conversion was >110%. Q1 gross margin was up 100bps YoY (61.2%), though adjusted operating margin was down 50bps (29.6%) due to productivity investments. Management confirmed a $0.25 EPS beat in Q1, and analysts ",10016,479
GPT-feat-inject,ternary,DLR,UP,"<reasoning>
Step 1 — EARNINGS SURPRISE  
Reported Q1 core FFO was $1.77 per share, up 6% year over year; constant currency FFO was $1.79. Data center revenue up 7% YoY, adjusted EBITDA up 11% YoY. Leasing was strong: nearly $400M of new annualized rent signed, second highest in company history. Margins and expense control were positive. No explicit mention of consensus, but results are described as ""strong"" and ""ahead of pace"" vs prior year, suggesting a beat.

Step 2 — GUIDANCE  
Guidance was r",10966,360
GPT-feat-only,ternary,DLR,FLAT,"<reasoning>
Step 1 — EARNINGS SURPRISE  
No specific numbers are mentioned. The neutral tone from both management and analysts, combined with the absence of strong positive or negative sentiment, suggests results were in line with expectations.

Step 2 — GUIDANCE  
No evidence of guidance being raised or lowered. The transcript features mixed confidence language and no clear directional signal, implying guidance was likely maintained or not materially changed.

Step 3 — TONE & LANGUAGE  
Managem",747,204
GPT-speaker-seg,ternary,DLR,FLAT,"<reasoning>
Step 1 — EARNINGS SURPRISE  
No specific figures or beats/misses are provided. NLP signals do not indicate any material surprise; both management and analyst tone are neutral.

Step 2 — GUIDANCE  
No explicit mention of guidance being raised, maintained, or lowered. Absence of guidance change suggests in-line outlook.

Step 3 — TONE & LANGUAGE  
Management sentiment is neutral (net sentiment +0.0000), and analyst Q&A is also neutral. Both sides show mixed confidence language, with no",726,165
GPT-contrastive,ternary,DLR,UP,"<reasoning>
Step 1 — EARNINGS SURPRISE  
Reported Q1 core FFO was $1.77 per share, up 6% year over year. Data center revenue up 7% YoY, adjusted EBITDA up 11% YoY, same capital cash NOI up 5% YoY. Leasing activity was the second highest in company history, with $400M in new signings. These results are strong and likely above expectations, as management repeatedly references ""record"" and ""ahead of pace"" metrics.

Step 2 — GUIDANCE  
Guidance was raised: ""We are increasing our core FFO guidance ra",11326,333
GPT-xgb-inject,ternary,DLR,UP,"<reasoning>
Step 1 — EARNINGS SURPRISE  
Reported Q1 core FFO was $1.77 per share, up 6% year over year. Data center revenue up 7% YoY, adjusted EBITDA up 11% YoY, same capital cash NOI up 5% YoY. Leasing activity was the second highest in company history, with $400M in new signings and a record backlog. No explicit mention of consensus estimates, but the language (""strong results"", ""record backlog"", ""second highest quarter"") and magnitude of growth suggest a beat or at least a positive surprise",11011,431
GPT-feat-inject,ternary,DUK,FLAT,"<reasoning>
Step 1 — EARNINGS SURPRISE  
Reported Q1 adjusted EPS was $1.76, up $0.32 from last year and a 22% increase over Q1 2024. Management described this as a ""strong start to the year,"" but also stated results were ""in line with our expectations."" No explicit mention of beating consensus, suggesting results met expectations.

Step 2 — GUIDANCE  
Management reaffirmed 2025 guidance range of $6.17 to $6.42 and long-term EPS growth rate of 5% to 7% through 2029. Language: ""We remain confiden",5438,321
GPT-feat-only,ternary,DUK,FLAT,"<reasoning>
Step 1 — EARNINGS SURPRISE  
No specific numbers are mentioned. The neutral tone from both management and analysts, combined with the absence of strong positive or negative sentiment, suggests results were in line with expectations (no material beat or miss).

Step 2 — GUIDANCE  
No evidence of guidance being raised, lowered, or changed. The transcript features mixed confidence language and no clear forward-looking statements, implying guidance was likely maintained or not materially",746,232
GPT-speaker-seg,ternary,DUK,FLAT,"<reasoning>
Step 1 — EARNINGS SURPRISE  
No specific figures or beats/misses are mentioned. The transcript tone and sentiment ratios do not indicate a material surprise; both management and analyst sentiment are neutral.

Step 2 — GUIDANCE  
No explicit mention of guidance being raised, lowered, or maintained. The absence of guidance change suggests results were in-line with expectations.

Step 3 — TONE & LANGUAGE  
Management sentiment is neutral, with net sentiment at +0.0000. Analyst Q&A is a",725,185
GPT-contrastive,ternary,DUK,FLAT,"<reasoning>
Step 1 — EARNINGS SURPRISE  
Reported Q1 adjusted EPS was $1.76, up $0.32 from last year and a 22% increase over Q1 2024. Management described this as a ""strong start to the year,"" but also stated results were ""in line with our expectations."" No explicit mention of consensus analyst expectations, but the tone suggests results met internal targets rather than materially beating Street estimates.

Step 2 — GUIDANCE  
2025 guidance range of $6.17 to $6.42 EPS and long-term EPS growth ra",5796,364
GPT-xgb-inject,ternary,DUK,UP,"<reasoning>
Step 1 — EARNINGS SURPRISE  
Reported Q1 adjusted EPS was $1.76, up $0.32 from last year (22% increase). Management described this as a ""strong start to the year,"" but also said results were ""in line with our expectations."" No explicit mention of consensus estimates, but the tone and context suggest results met or slightly beat expectations.

Step 2 — GUIDANCE  
Guidance was reaffirmed: ""We remain confident in our outlook and are reaffirming our 2025 guidance range of $6.17 to $6.42 ",5480,319
GPT-feat-inject,ternary,ECL,FLAT,"<reasoning>
Step 1 — EARNINGS SURPRISE  
Reported organic sales grew 3% and EPS grew 12%, with a 190 basis point increase in operating income margin. Management described the quarter as ""another strong quarter of double-digits earnings growth"" and ""significantly outpace software markets."" No explicit mention of consensus, but tone and language suggest results at least met, possibly modestly beat expectations.

Step 2 — GUIDANCE  
Full-year EPS guidance was maintained: ""our overall expectations f",11342,318
GPT-feat-only,ternary,ECL,FLAT,"<reasoning>
Step 1 — EARNINGS SURPRISE  
No specific numbers are mentioned. The neutral tone from both management and analysts, combined with the absence of strong positive or negative sentiment, suggests results likely met expectations.

Step 2 — GUIDANCE  
No evidence of guidance being raised or lowered. The mixed confidence language and lack of explicit guidance change indicate guidance was probably maintained or not materially updated.

Step 3 — TONE & LANGUAGE  
Overall transcript tone is n",746,226
GPT-speaker-seg,ternary,ECL,FLAT,"<reasoning>
Step 1 — EARNINGS SURPRISE  
No specific figures are provided for revenue, EPS, or margins. There is no indication of a beat or miss; the transcript signals are neutral.

Step 2 — GUIDANCE  
No explicit mention of guidance being raised, maintained, or lowered. Guidance language is absent.

Step 3 — TONE & LANGUAGE  
Management sentiment is neutral (net sentiment +0.0000), and analyst Q&A tone is also neutral. Both sides show no strong confidence or caution, and modal language is mixe",725,191
GPT-contrastive,ternary,ECL,UP,"<reasoning>
Step 1 — EARNINGS SURPRISE  
Reported organic sales grew 3% and EPS grew 12%, with a 190 basis point increase in operating income margin. Management described the quarter as ""another strong quarter of double-digits earnings growth"" and ""significantly outpace software markets."" No explicit mention of consensus, but tone and numbers suggest a beat or at least a solid in-line result.

Step 2 — GUIDANCE  
Forward guidance was maintained: ""our overall expectations for earnings this year r",11700,327
GPT-xgb-inject,ternary,ECL,FLAT,"<reasoning>
Step 1 — EARNINGS SURPRISE  
Reported organic sales grew 3% and EPS grew 12%. Operating income margin increased by 190 basis points. Management described the quarter as ""another strong quarter of double-digits earnings growth."" However, there is no explicit mention of beating consensus, and the transcript repeatedly references ""solid"" and ""in-line"" performance. Analyst questions did not probe for surprise, suggesting results were broadly as expected.

Step 2 — GUIDANCE  
Forward guid",11391,375
GPT-feat-inject,ternary,EQIX,UP,"<reasoning>
Step 1 — EARNINGS SURPRISE  
Reported Q1 results were better than expected: ""our team delivered better-than-expected financial metrics, including revenues, adjusted EBITDA and AFFO."" Specifics: Q1 revenues of $2.2 billion, up 8% year-over-year (excluding power pass-through), adjusted EBITDA margins increased to 48% of revenues, AFFO per share up 9% year-over-year. All key financial metrics were above expectations.

Step 2 — GUIDANCE  
Guidance was raised across all major metrics: ""we",10450,350
GPT-feat-only,ternary,EQIX,FLAT,"<reasoning>
Step 1 — EARNINGS SURPRISE  
No specific numbers are mentioned. The transcript tone is net positive, but both management and analyst sentiment are neutral, suggesting results likely met expectations without a material beat or miss.

Step 2 — GUIDANCE  
No evidence of guidance being raised or lowered. Modal language is mixed confidence, implying guidance was likely maintained or not materially changed.

Step 3 — TONE & LANGUAGE  
Management and analyst sentiment are both neutral (+0.0",747,201
GPT-speaker-seg,ternary,EQIX,FLAT,"<reasoning>
Step 1 — EARNINGS SURPRISE  
No specific figures are quoted in the transcript. Pre-computed signals do not indicate a beat or miss; tone is neutral, suggesting results were in-line with expectations.

Step 2 — GUIDANCE  
No explicit mention of guidance being raised, maintained, or lowered. Absence of guidance change implies outlook was likely maintained.

Step 3 — TONE & LANGUAGE  
Management and analyst sentiment are both neutral (net sentiment +0.0000). Modal language is mixed conf",726,192
GPT-contrastive,ternary,EQIX,UP,"<reasoning>
Step 1 — EARNINGS SURPRISE  
Reported Q1 results were ""better-than-expected"" across revenues ($2.2B, up 8% YoY), adjusted EBITDA (48% margin, above expectations), and AFFO per share (up 9% YoY). Management explicitly states: ""results were above our expectations due to strong operating performance, lower utilities costs and the timing of spend."" Q1 AFFO was $947M, up 13% YoY and ""well above our expectations."" All key financial metrics beat guidance.

Step 2 — GUIDANCE  
Forward guidan",10810,408
GPT-xgb-inject,ternary,EQIX,UP,"<reasoning>
Step 1 — EARNINGS SURPRISE  
Reported figures beat expectations: ""delivered better-than-expected financial metrics, including revenues, adjusted EBITDA and AFFO."" Q1 revenue was $2.2 billion, up 8% YoY, adjusted EBITDA margin increased to 48%, AFFO per share up 9% YoY, all above expectations. ""Every key line was better than expected.""

Step 2 — GUIDANCE  
Forward guidance was raised: ""we are raising our guidance on each of these metrics,"" ""raising our 2025 revenue guidance by $142 mi",10495,342
GPT-feat-inject,ternary,ETN,UP,"<reasoning>
Step 1 — EARNINGS SURPRISE  
Eaton reported Q1 record adjusted EPS of $2.72, up 13% from the prior year, and organic growth accelerated to 9% from 6% in the prior quarter. Segment margins reached 23.9%, in line with guidance. Record quarterly revenue of $6.4 billion, margin expanded 80 bps, and organic sales growth was well above guidance. Aerospace segment also posted all-time record sales and 13% organic growth. Overall, results were above expectations.

Step 2 — GUIDANCE  
Guidanc",10545,425
GPT-feat-only,ternary,ETN,FLAT,"<reasoning>
Step 1 — EARNINGS SURPRISE  
No specific numbers are mentioned, and the overall transcript tone is net positive but not strongly so. The neutral management and analyst sentiment suggest results likely met expectations, with no clear evidence of a beat or miss.

Step 2 — GUIDANCE  
No explicit guidance language is available. The modal language is mixed confidence, indicating guidance was likely maintained or not materially changed.

Step 3 — TONE & LANGUAGE  
Management sentiment is n",746,221
GPT-speaker-seg,ternary,ETN,FLAT,"<reasoning>
Step 1 — EARNINGS SURPRISE  
No specific figures are provided in the transcript. Pre-computed signals do not indicate a beat or miss; tone is neutral, suggesting results likely met expectations.

Step 2 — GUIDANCE  
No explicit guidance change is mentioned. Management remarks are neutral, and there is no language indicating raised or lowered outlook.

Step 3 — TONE & LANGUAGE  
Management sentiment is neutral (net sentiment +0.0000). Analyst Q&A is also neutral, with no probing or af",725,183
GPT-contrastive,ternary,ETN,UP,"<reasoning>
Step 1 — EARNINGS SURPRISE  
Eaton reported Q1 record adjusted EPS of $2.72, up 13% from the prior year, and organic growth accelerated to 9% from 6% in the prior quarter. Segment margins were 23.9%, up 80 basis points, and revenue was $6.4 billion, both above guidance midpoints and expectations. Electrical Americas organic sales growth accelerated to 13%, aerospace segment organic growth was 13%, and backlog/book-to-bill ratios remain strong. These are clear beats versus consensus.
",10905,437
GPT-xgb-inject,ternary,ETN,UP,"<reasoning>
Step 1 — EARNINGS SURPRISE  
Eaton reported Q1 record adjusted EPS of $2.72, up 13% from the prior year, and organic growth accelerated to 9% from 6% in the prior quarter. Segment margins were a record 23.9%, up 80 basis points, and revenue was $6.4 billion, also a record. These results were ""well above our guidance range"" and ""above the midpoint of our guidance,"" indicating a clear beat.

Step 2 — GUIDANCE  
Forward guidance was raised: ""We are raising the 2025 organic growth outloo",10586,410
GPT-feat-inject,ternary,FCX,UP,"<reasoning>
Step 1 — EARNINGS SURPRISE  
Production of copper and gold was in line with expectations, but copper sales exceeded expectations (""We exceeded expectations on copper sales""). Unit costs were a bit better than the late March update. EBITDA was $1.9 billion, with expectations for improved margins and cash flows in the balance of the year. No explicit EPS or revenue beat/miss, but signals point to a slight beat on copper sales and cost control.

Step 2 — GUIDANCE  
Annual sales guidance",11193,387
GPT-feat-only,ternary,FCX,FLAT,"<reasoning>
Step 1 — EARNINGS SURPRISE  
No specific numbers are provided, and both management and analyst net sentiment are neutral (+0.0000), suggesting results likely met expectations with no material beat or miss.

Step 2 — GUIDANCE  
No evidence of guidance change is present. Modal language is confident, but there is no indication of raised or lowered outlook; guidance appears to be maintained or absent.

Step 3 — TONE & LANGUAGE  
Overall transcript tone is net positive (+0.0135), with con",754,208
GPT-speaker-seg,ternary,FCX,FLAT,"<reasoning>
Step 1 — EARNINGS SURPRISE  
No specific figures for revenue, EPS, or margins are provided. No evidence of a beat or miss; likely results met expectations.

Step 2 — GUIDANCE  
No explicit mention of guidance being raised, maintained, or lowered. Guidance appears absent or unchanged.

Step 3 — TONE & LANGUAGE  
Overall transcript tone is net positive (+0.0135), with confident language dominating. However, both management and analyst sentiment are neutral, and their tones are aligned.",733,170
GPT-contrastive,ternary,FCX,UP,"<reasoning>
Step 1 — EARNINGS SURPRISE  
Production of copper and gold was ""in line with our expectations,"" but copper sales ""exceeded expectations."" Unit costs were ""similar to what we guided to in January for the quarter and a bit better than our late March update."" EBITDA was $1.9 billion, with expectations for improved margins and cash flows in the balance of the year. No explicit EPS or revenue beat/miss, but sales exceeded expectations and costs were slightly better.

Step 2 — GUIDANCE  
A",11546,412
GPT-xgb-inject,ternary,FCX,FLAT,"<reasoning>
Step 1 — EARNINGS SURPRISE  
Production of copper and gold was ""in line with our expectations,"" copper sales ""exceeded expectations,"" gold shipments impacted by timing. Unit costs ""similar to what we guided to in January"" and ""a bit better than our late March update."" EBITDA of $1.9B, with margins and cash flows expected to improve. No explicit mention of a miss; results appear mixed but slightly positive on sales, neutral on costs.

Step 2 — GUIDANCE  
Annual sales guidance is ""on t",11233,368
GPT-feat-inject,ternary,FDX,DOWN,"<reasoning>
Step 1 — EARNINGS SURPRISE  
FedEx reported Q3 revenue up 2% YoY (first YoY growth this fiscal year), 12% adjusted operating income growth, and 17% adjusted EPS growth. Adjusted operating margin expanded by 60bps. However, freight segment revenue declined 5% and operating profit fell $80M YoY. Overall, results were solid but not a clear beat; performance was in line with expectations, with some segmental weakness.

Step 2 — GUIDANCE  
FedEx lowered its FY25 adjusted EPS outlook to $1",13036,357
GPT-feat-only,ternary,FDX,FLAT,"<reasoning>
Step 1 — EARNINGS SURPRISE  
No specific numbers are mentioned. The neutral tone from both management and analysts, combined with the absence of strong positive or negative sentiment, suggests results were in-line with expectations (neither a beat nor a miss).

Step 2 — GUIDANCE  
No evidence of guidance being raised, lowered, or changed. The transcript features mixed confidence language and no clear directional signal, implying guidance was likely maintained or not materially update",745,246
GPT-speaker-seg,ternary,FDX,FLAT,"<reasoning>
Step 1 — EARNINGS SURPRISE  
No specific numbers or beats/misses are quoted in the transcript. Pre-computed signals do not indicate a material surprise; both management and analyst tone are neutral, suggesting results were in-line with expectations.

Step 2 — GUIDANCE  
No explicit mention of raised, lowered, or maintained guidance in the transcript. Absence of guidance change typically signals no material update.

Step 3 — TONE & LANGUAGE  
Management sentiment is neutral (net senti",724,204
GPT-contrastive,ternary,FDX,FLAT,"<reasoning>
Step 1 — EARNINGS SURPRISE  
FedEx reported Q3 revenue up 2% YoY (first YoY growth this fiscal year), 12% adjusted operating income growth, and 17% adjusted EPS growth. Adjusted operating margin expanded by 60bps. However, segment details show freight revenue declined 5% and operating profit declined $80M YoY. Overall, headline results were solid, but freight weakness and inflationary headwinds are noted. No explicit mention of consensus beats/misses, but the transcript suggests resu",13396,414
GPT-xgb-inject,ternary,FDX,DOWN,"<reasoning>
Step 1 — EARNINGS SURPRISE  
FedEx reported Q3 revenue up 2% YoY (first YoY growth this fiscal year), adjusted operating income up 12%, and adjusted EPS up 17%. Operating margin expanded by 60bps. These are solid headline results, but there is no explicit mention of beating consensus; the transcript suggests results were ""in line with our expectations."" Freight segment was weak, but overall results were positive.

Step 2 — GUIDANCE  
Forward guidance was lowered: ""we are lowering our",13079,380
GPT-feat-inject,ternary,GE,UP,"<reasoning>
Step 1 — EARNINGS SURPRISE  
GE Aerospace delivered a strong Q1: Orders up 12%, revenue up 11%, profit up 38% ($2.1B), margins of 23.8%, EPS $1.49 up 60% YoY, free cash flow $1.4B. ""First quarter exceeded expectations given stronger spare parts sales and services mix, which should continue."" This is a clear beat.

Step 2 — GUIDANCE  
Guidance was maintained: ""We are holding our guidance across the board."" Full-year revenue growth, profit, EPS, and free cash flow targets unchanged. Ma",9718,339
GPT-feat-only,ternary,GE,FLAT,"<reasoning>
Step 1 — EARNINGS SURPRISE  
No specific numbers are mentioned. The neutral net sentiment from both management and analysts, combined with the lack of positive or negative divergence, suggests results were in-line with expectations (neither a beat nor a miss).

Step 2 — GUIDANCE  
No evidence of guidance being raised, lowered, or changed. The transcript features mixed confidence language and no clear directional signal, implying guidance was likely maintained or not materially update",744,242
GPT-speaker-seg,ternary,GE,FLAT,"<reasoning>
Step 1 — EARNINGS SURPRISE  
No specific figures are provided for revenue, EPS, or margins. Pre-computed signals do not indicate a beat or miss, suggesting results were likely in-line with expectations.

Step 2 — GUIDANCE  
No explicit mention of guidance being raised, maintained, or lowered. Management remarks are neutral, and there is no evidence of a material change in outlook.

Step 3 — TONE & LANGUAGE  
Overall transcript tone is net positive (+0.0084), but both management and a",723,208
GPT-contrastive,ternary,GE,UP,"<reasoning>
Step 1 — EARNINGS SURPRISE  
GE Aerospace delivered a strong Q1: Orders up 12%, revenue up 11%, profit up 38% ($2.1B), margins of 23.8%, EPS $1.49 up 60% YoY, free cash flow $1.4B. ""First quarter exceeded expectations given stronger spare parts sales and services mix, which should continue."" This is a clear beat.

Step 2 — GUIDANCE  
Guidance was maintained: ""Operationally, we are performing better than we expected on the January earnings call, but given the macroeconomic backdrop, w",10078,390
GPT-xgb-inject,ternary,GE,UP,"<reasoning>
Step 1 — EARNINGS SURPRISE  
GE Aerospace delivered a strong Q1: Orders up 12%, revenue up 11%, profit up 38% ($2.1B), margins at 23.8%, EPS $1.49 up 60% YoY, free cash flow $1.4B. ""First quarter exceeded expectations given stronger spare parts sales and services mix, which should continue."" Analyst questions referenced a ""total profit beat of $250 million, even baking in the $100 million of impact from tariffs in Q1."" This is a clear beat.

Step 2 — GUIDANCE  
Guidance was maintaine",9764,382
GPT-feat-inject,ternary,GEV,UP,"<reasoning>
Step 1 — EARNINGS SURPRISE  
GE Vernova reported strong Q1 results: orders up 8% YoY ($10.2B), revenue up 15%, equipment revenue up 22%, services revenue up 8%, adjusted EBITDA up nearly 70% ($1.7B), and adjusted EBITDA margin expanded 170bps. Free cash flow was $1B, up $1.6B YoY. Margins expanded across all segments (Power +70bps, Electrification +680bps, Wind +190bps). No explicit mention of consensus estimates, but the language (""strong start"", ""milestone"", ""improvement"") and magn",10768,474
GPT-feat-only,ternary,GEV,FLAT,"<reasoning>
Step 1 — EARNINGS SURPRISE  
No specific numbers are mentioned. The neutral tone from both management and analysts, combined with the absence of strong positive or negative sentiment, suggests results were in line with expectations (neither a beat nor a miss).

Step 2 — GUIDANCE  
No evidence of guidance being raised, lowered, or even discussed. The modal language is mixed confidence, but not strongly positive or negative, implying guidance was likely maintained or not materially cha",746,249
GPT-speaker-seg,ternary,GEV,FLAT,"<reasoning>
Step 1 — EARNINGS SURPRISE  
No specific figures (revenue, EPS, margins) are mentioned in the transcript. There is no evidence of a beat or miss; the absence of numbers suggests results were likely in-line with expectations.

Step 2 — GUIDANCE  
No explicit guidance language is provided. There is no mention of raised, maintained, or lowered outlook, indicating guidance was likely unchanged or absent.

Step 3 — TONE & LANGUAGE  
Management and analyst sentiment are both neutral (net s",725,229
GPT-contrastive,ternary,GEV,UP,"<reasoning>
Step 1 — EARNINGS SURPRISE  
GE Vernova reported strong Q1 results: orders up 8% YoY ($10.2B), revenue up 15%, equipment revenue up 22%, services revenue up 8%, adjusted EBITDA up nearly 70% ($1.7B), and adjusted EBITDA margin expanded 170bps. Free cash flow was $1B, up $1.6B YoY. Margins expanded across all segments (Power +70bps, Electrification +680bps, Wind +190bps). No explicit mention of consensus, but these figures are described as ""strong start"" and ""better than expected"" in ",11128,444
GPT-xgb-inject,ternary,GEV,UP,"<reasoning>
Step 1 — EARNINGS SURPRISE  
GE Vernova reported strong Q1 results: orders up 8% YoY ($10.2B), revenue up 15%, equipment revenue up 22%, services revenue up 8%, adjusted EBITDA up nearly 70% ($1.7B), and adjusted EBITDA margin expanded 170bps. Free cash flow was $1B, up $1.6B YoY. Margins expanded across all segments: Power +70bps, Electrification +680bps, Wind +190bps. These figures indicate a clear beat versus typical expectations for a Q1 industrial, especially with margin and cas",10817,471
GPT-feat-inject,ternary,GILD,FLAT,"<reasoning>
Step 1 — EARNINGS SURPRISE  
Reported Q1 product sales excluding Veclury were up 4% YoY ($6.3B), HIV sales up 6% YoY, Biktarvy up 7%, Descovy up 38%. Total product sales including Veclury were down 1% YoY ($6.6B), Veclury sales down 45% YoY. Non-GAAP diluted EPS was $1.81. Gross margin was flat YoY at 85%. No explicit mention of beating or missing consensus, but results appear in-line to modestly positive for the base business, with expected declines in COVID-related products.

Step ",12572,405
GPT-feat-only,ternary,GILD,FLAT,"<reasoning>
Step 1 — EARNINGS SURPRISE  
No specific numbers are mentioned. The transcript tone is net positive, but management and analyst sentiment are both neutral, suggesting results likely met expectations rather than a clear beat or miss.

Step 2 — GUIDANCE  
No evidence of guidance being raised or lowered. Modal language is dominated by hedging (""may"", ""could"", ""might""), indicating that guidance was likely maintained or not materially changed.

Step 3 — TONE & LANGUAGE  
Management sentim",757,227
GPT-speaker-seg,ternary,GILD,FLAT,"<reasoning>
Step 1 — EARNINGS SURPRISE  
No specific figures (revenue, EPS, margins) are provided. No evidence of a beat or miss; transcript signals are neutral.

Step 2 — GUIDANCE  
No explicit guidance change is mentioned. No language indicating raised, lowered, or maintained outlook; guidance appears absent or unchanged.

Step 3 — TONE & LANGUAGE  
Overall transcript tone is net positive (+0.0056), but management and analyst sentiment are both neutral (+0.0000). Hedged language dominates, sug",736,189
GPT-contrastive,ternary,GILD,FLAT,"<reasoning>
Step 1 — EARNINGS SURPRISE  
Reported Q1 product sales excluding Veclury were up 4% year over year ($6.3B), HIV sales up 6%, Biktarvy up 7%. Total product sales including Veclury were down 1% YoY ($6.6B), with Veclury sales down 45%. Non-GAAP diluted EPS was $1.81. Gross margin was flat YoY at 85%. No explicit mention of beating or missing consensus, but results appear in-line with expectations, especially given the anticipated Veclury decline and strong base business growth.

Step 2",12923,415
GPT-xgb-inject,ternary,GILD,UP,"<reasoning>
Step 1 — EARNINGS SURPRISE  
Reported Q1 base business (excluding Veclury) grew 4% YoY, HIV sales up 6% YoY, Biktarvy up 7% YoY. Total product sales (including Veclury) down 1% YoY due to lower COVID-related hospitalizations. Operating margin strong at 43%, gross margin flat at 85%, non-GAAP EPS $1.81. No explicit mention of consensus, but management repeatedly describes results as ""strong,"" ""solid,"" and ""in line with expectations."" No evidence of a miss; results appear at least in-l",12609,434
GPT-feat-inject,ternary,GOOGL,UP,"<reasoning>
Step 1 — EARNINGS SURPRISE  
Alphabet reported Q1 2025 consolidated revenues of $90.2 billion (+12% YoY, +14% constant currency), EPS up 49% to $2.81, net income up 46% to $34.5 billion, and operating margin expanded to 33.9% (+2.3 pts). Google Services and Cloud both saw double-digit revenue growth (Services +10%, Cloud +28%), and record high margins. These results are described as ""strong"" and ""robust,"" and are above typical expectations for Alphabet, indicating a clear beat.

Step",10468,414
GPT-feat-only,ternary,GOOGL,FLAT,"<reasoning>
Step 1 — EARNINGS SURPRISE  
No specific numbers are provided, and the transcript tone is net positive but not strongly so. The neutral sentiment from both management and analysts suggests results likely met expectations, with no clear evidence of a beat or miss.

Step 2 — GUIDANCE  
There is no indication of raised or lowered guidance. Modal language is confident, but management sentiment is neutral, implying guidance was probably maintained or not materially changed.

Step 3 — TONE",750,207
GPT-speaker-seg,ternary,GOOGL,FLAT,"<reasoning>
Step 1 — EARNINGS SURPRISE  
No explicit mention of revenue, EPS, or margin beats/misses in the transcript or NLP signals. No evidence of a material surprise; likely results were in-line with consensus.

Step 2 — GUIDANCE  
No indication of raised, lowered, or absent guidance. Management remarks are neutral, with no guidance change or forward-looking statements highlighted.

Step 3 — TONE & LANGUAGE  
Overall transcript tone is net positive (+0.0152), but both management and analyst ",729,216
GPT-contrastive,ternary,GOOGL,UP,"<reasoning>
Step 1 — EARNINGS SURPRISE  
Alphabet reported Q1 consolidated revenues of $90.2B (+12% YoY, +14% in constant currency), EPS up 49% to $2.81, net income up 46% to $34.5B, and operating margin expanded to 33.9% (+2.3 pts). Google Cloud revenue up 28%, Google Services revenue up 10%, YouTube advertising up 10%, subscription platforms up 19%. Operating income up 20%. These are strong beats versus typical expectations, especially on margin and EPS.

Step 2 — GUIDANCE  
Guidance was const",10823,441
GPT-xgb-inject,ternary,GOOGL,UP,"<reasoning>
Step 1 — EARNINGS SURPRISE  
Alphabet reported Q1 2025 consolidated revenues of $90.2 billion, up 12% (14% constant currency), with Search, YouTube, subscriptions, and Cloud all showing double-digit growth. EPS increased 49% to $2.81, net income up 46% to $34.5 billion, and operating margin expanded to 33.9% (+2.3 pts). Google Cloud revenue up 28% to $12.3 billion, operating margin up to 17.8%. Google Services operating margin up to 42.3%. These are strong beats, with record high mar",10508,464
GPT-feat-inject,ternary,GS,UP,"<reasoning>
Step 1 — EARNINGS SURPRISE  
Goldman Sachs reported Q1 net revenues of $15.1 billion and EPS of $14.12, with ROE of 16.9%. Segment highlights include record equities net revenues ($4.2B, up 28% YoY in intermediation), record FICC financing revenues ($1B), and asset & wealth management revenues up 10% YoY. Debt underwriting revenues rose 8%. These results are described as ""very strong"" and ""record"" in several areas, suggesting a beat on trading and financing, though advisory revenues ",11890,465
GPT-feat-only,ternary,GS,FLAT,"<reasoning>
Step 1 — EARNINGS SURPRISE  
No specific numbers are provided, and the management and analyst net sentiment is neutral (+0.0000), suggesting results likely met expectations with no material beat or miss.

Step 2 — GUIDANCE  
No evidence of guidance being raised or lowered; modal language is confident but not explicitly tied to guidance changes. Guidance appears to be maintained or absent.

Step 3 — TONE & LANGUAGE  
Overall transcript tone is net positive (+0.0068), with confident la",752,209
GPT-speaker-seg,ternary,GS,FLAT,"<reasoning>
Step 1 — EARNINGS SURPRISE  
No explicit mention of reported figures or beats/misses. No evidence of a material surprise in revenue, EPS, or margins.

Step 2 — GUIDANCE  
No indication of raised, lowered, or maintained guidance. No guidance language cited; appears absent or unchanged.

Step 3 — TONE & LANGUAGE  
Management and analyst tone are both neutral (net sentiment +0.0000). Overall transcript tone is net positive (+0.0068), but not strongly so. Confident modal language dominat",731,177
GPT-contrastive,ternary,GS,FLAT,"<reasoning>
Step 1 — EARNINGS SURPRISE  
Reported net revenues of $15.1 billion and EPS of $14.12, with ROE of 16.9%. Management described results as ""very strong"" and segment commentary highlighted record revenues in equities and FICC financing. No explicit mention of consensus, but tone and segment results (record levels, strong y/y growth) suggest a beat or at least a solid performance versus expectations.

Step 2 — GUIDANCE  
No explicit forward guidance for full-year EPS or revenue. Managem",12245,373
GPT-xgb-inject,ternary,GS,UP,"<reasoning>
Step 1 — EARNINGS SURPRISE  
Goldman Sachs reported Q1 net revenues of $15.1 billion, EPS of $14.12, ROE of 16.9%, and ROTE of 18%. Segment highlights include record equities net revenues ($4.2B, up 28% YoY in intermediation), record FICC financing revenues ($1B), and asset & wealth management revenues up 10% YoY. Debt underwriting revenues rose 8% YoY. These results are described as ""very strong"" and ""record"" in several areas, suggesting a beat on trading and financing, though advis",11933,500
GPT-feat-inject,ternary,HD,FLAT,"<reasoning>
Step 1 — EARNINGS SURPRISE  
Q4 results exceeded expectations: ""Our fourth quarter results exceeded our expectations..."" Q4 adjusted diluted EPS was $3.13 vs. $2.86 prior year (+9.4%), and Q4 comp sales increased 0.8% (US comps +1.3%). However, full-year adjusted diluted EPS was $15.24 vs. $15.25 prior year (essentially flat), and full-year comp sales declined 1.8%. Gross margin for Q4 was 32.8%, down 25bps YoY, but in line with expectations. Overall, Q4 was a beat, but full-year was",10576,445
GPT-feat-only,ternary,HD,FLAT,"<reasoning>
Step 1 — EARNINGS SURPRISE  
No specific numbers are mentioned. The transcript tone is net positive, but management and analyst sentiment are both neutral, suggesting results likely met expectations rather than a material beat or miss.

Step 2 — GUIDANCE  
No evidence of guidance being raised or lowered. Modal language is confident, but there is no explicit signal of a change in outlook, implying guidance was likely maintained or not discussed.

Step 3 — TONE & LANGUAGE  
Management ",751,210
GPT-speaker-seg,ternary,HD,FLAT,"<reasoning>
Step 1 — EARNINGS SURPRISE  
No explicit mention of revenue, EPS, or margin beats/misses in the transcript summary. No evidence of a material surprise; likely results met expectations.

Step 2 — GUIDANCE  
No indication of guidance being raised, lowered, or changed. Guidance language is absent or neutral.

Step 3 — TONE & LANGUAGE  
Overall transcript tone is net positive, but both management and analyst sentiment are neutral (net sentiment +0.0000). Confident modal language (""will"",",730,206
GPT-contrastive,ternary,HD,FLAT,"<reasoning>
Step 1 — EARNINGS SURPRISE  
Q4 results exceeded internal expectations: ""Our fourth quarter results exceeded our expectations."" Q4 comp sales +0.8% (US +1.3%), adjusted diluted EPS $3.13 vs $2.86 prior year (+9.4%), but full-year adjusted EPS $15.24 vs $15.25 prior year (essentially flat). Gross margin for Q4 down 25bps YoY due to SRS mix, but in line with expectations. Overall, Q4 was a modest beat, but full-year was flat.

Step 2 — GUIDANCE  
2025 guidance: ""For fiscal 2025, we exp",10935,379
GPT-xgb-inject,ternary,HD,UP,"<reasoning>
Step 1 — EARNINGS SURPRISE  
Q4 results exceeded expectations: ""Our fourth quarter results exceeded our expectations as we saw greater engagement home improvement spend."" Q4 comp sales increased 0.8% (US +1.3%), adjusted diluted EPS $3.13 vs $2.86 prior year (+9.4%). Full-year adjusted EPS $15.24 vs $15.25 prior year (flat). Gross margin for Q4 was 32.8%, down 25bps YoY, but ""in line with our expectations."" Overall, Q4 was a beat, full-year was in-line.

Step 2 — GUIDANCE  
2025 guid",10617,420
GPT-feat-inject,ternary,HON,UP,"<reasoning>
Step 1 — EARNINGS SURPRISE  
Honeywell reported Q1 results that ""exceeded the high end of our guidance on all metrics."" Organic sales grew 4%, segment profit grew 8% YoY, adjusted EPS was $2.51 (up 7% YoY), and free cash flow was over $300M, $100M above prior year. Segment margin was flat at 23%. Orders and backlog hit new records. All key figures beat expectations.

Step 2 — GUIDANCE  
Management is ""maintaining our full-year organic growth guidance and raising our adjusted EPS guid",13287,343
GPT-feat-only,ternary,HON,FLAT,"<reasoning>
Step 1 — EARNINGS SURPRISE  
No specific numbers are mentioned. The overall transcript tone is net positive, but management and analyst sentiment are both neutral. This suggests results likely met expectations, with no clear evidence of a beat or miss.

Step 2 — GUIDANCE  
No explicit guidance language is provided. The modal language is mixed confidence, indicating that guidance was likely maintained or not materially changed.

Step 3 — TONE & LANGUAGE  
Management sentiment is neutr",745,243
GPT-speaker-seg,ternary,HON,FLAT,"<reasoning>
Step 1 — EARNINGS SURPRISE  
No specific figures are provided for revenue, EPS, or margins. There is no indication of a beat or miss; the transcript signals are neutral.

Step 2 — GUIDANCE  
No explicit mention of forward guidance being raised, maintained, or lowered. Guidance language is absent or unchanged.

Step 3 — TONE & LANGUAGE  
Overall transcript tone is net positive (+0.0051), but both management and analyst sentiment are neutral (+0.0000). Modal language is mixed confidenc",724,190
GPT-contrastive,ternary,HON,UP,"<reasoning>
Step 1 — EARNINGS SURPRISE  
Honeywell reported Q1 results that ""exceeded the high end of our guidance on all metrics."" Organic sales grew 4%, segment profit up 8% YoY, adjusted EPS up 7% YoY ($2.51 vs. $2.22 prior year), and record backlog. Segment margin was flat YoY at 23%. Aerospace and building automation outperformed, but industrial automation and advanced materials saw declines. Overall, a clear beat on expectations.

Step 2 — GUIDANCE  
Guidance was mixed but net positive: ""m",13647,425
GPT-xgb-inject,ternary,HON,UP,"<reasoning>
Step 1 — EARNINGS SURPRISE  
Honeywell reported Q1 results that ""exceeded the high end of our guidance on all metrics."" Adjusted EPS was $2.51, up 7% YoY, segment profit up 8% YoY, organic sales up 4%, and record backlog. Segment margin was flat YoY at 23%. The quarter was described as a ""very strong start,"" with aerospace and building automation outperforming. These are clear beats versus expectations.

Step 2 — GUIDANCE  
Guidance was maintained for organic sales growth (2–5% for t",13336,411
GPT-feat-inject,ternary,HWM,UP,"<reasoning>
Step 1 — EARNINGS SURPRISE  
Reported Q1 results were strong: revenue up 6% YoY (record), EBITDA margin 28.8% (up 480-500 bps YoY), EPS $0.86 (up 51% YoY), all exceeding the high end of guidance. Free cash flow was a record $134M. Segment margins and growth were robust, especially in Fastening Systems and Structures. Management explicitly stated ""EBITDA, EBITDA margin and earnings per share were all records and exceeded the high end of guidance."" This is a clear beat.

Step 2 — GUIDA",10165,500
GPT-feat-only,ternary,HWM,FLAT,"<reasoning>
Step 1 — EARNINGS SURPRISE  
No specific numbers are provided, and the transcript tone is net positive but not strongly so. The neutral management and analyst sentiment, combined with hedged modal language, suggests results likely met expectations rather than a clear beat or miss.

Step 2 — GUIDANCE  
No explicit guidance change is indicated. The dominance of hedged language (""may"", ""could"", ""might"") and neutral sentiment implies guidance was likely maintained or not materially updat",755,241
GPT-speaker-seg,ternary,HWM,FLAT,"<reasoning>
Step 1 — EARNINGS SURPRISE  
No specific figures are provided for revenue, EPS, or margins. There is no evidence of a beat or miss; the transcript signals are neutral.

Step 2 — GUIDANCE  
No explicit mention of guidance being raised, maintained, or lowered. The absence of guidance change suggests in-line expectations.

Step 3 — TONE & LANGUAGE  
Overall transcript tone is net positive, but only marginally so. Management and analyst sentiment are both neutral, with hedged language do",734,188
GPT-contrastive,ternary,HWM,UP,"<reasoning>
Step 1 — EARNINGS SURPRISE  
Reported Q1 figures were strong: revenue up 6% YoY (record), EBITDA margin 28.8% (up 480-500 bps YoY), EPS $0.86 (up 51% YoY), all exceeding the high end of guidance. Management explicitly stated: ""EBITDA, EBITDA margin and earnings per share were all records and exceeded the high end of guidance."" Free cash flow also a record. Segment margins and growth were robust, especially in Fastening Systems and Structures.

Step 2 — GUIDANCE  
Forward guidance was",10516,447
GPT-xgb-inject,ternary,HWM,UP,"<reasoning>
Step 1 — EARNINGS SURPRISE  
Reported Q1 results were strong: revenue up 6% YoY (record), EBITDA margin 28.8% (up 480-500 bps YoY), operating margin 25.3% (up 500 bps YoY), free cash flow $134M (record), EPS $0.86 (up 51% YoY). Management stated ""EBITDA, EBITDA margin and earnings per share were all records and exceeded the high end of guidance."" This is a clear beat.

Step 2 — GUIDANCE  
Forward guidance was raised:  
- Q2 guidance: revenue $1.99B (+/- $10M), EBITDA $560M (+/- $5M),",10202,477
GPT-feat-inject,ternary,INTC,FLAT,"<reasoning>
Step 1 — EARNINGS SURPRISE  
Intel reported Q1 revenue of $12.7 billion, at the high end of guidance, and non-GAAP gross margin of 39.2%, approximately three percentage points above guidance. EPS was 13¢ versus guidance of breakeven. Management noted ""revenue, gross margins, and EPS above our guidance."" Segment results were generally above expectations, with Intel Foundry revenue up 8% sequentially and operating loss in line. Overall, this is a clear beat on revenue, margin, and EPS.",12308,485
GPT-feat-only,ternary,INTC,FLAT,"<reasoning>
Step 1 — EARNINGS SURPRISE  
No specific numbers are mentioned. The neutral tone from both management and analysts, combined with the absence of strong positive or negative sentiment, suggests results were in-line with expectations (neither a beat nor a miss).

Step 2 — GUIDANCE  
There is no evidence of guidance being raised, lowered, or changed. The transcript features confident modal language but lacks explicit guidance signals, implying guidance was likely maintained or not mater",749,242
GPT-speaker-seg,ternary,INTC,FLAT,"<reasoning>
Step 1 — EARNINGS SURPRISE  
No specific figures (revenue, EPS, margins) are provided. No evidence of a beat or miss; transcript signals do not mention any surprise.

Step 2 — GUIDANCE  
No explicit mention of guidance being raised, maintained, or lowered. No guidance language quoted; likely maintained or absent.

Step 3 — TONE & LANGUAGE  
Overall transcript tone is net positive (+0.0061), but both management and analyst sentiment are neutral (+0.0000). Confident modal language (""wi",728,204
GPT-contrastive,ternary,INTC,FLAT,"<reasoning>
Step 1 — EARNINGS SURPRISE  
Q1 revenue was $12.7B, ""at the high end of our guidance range,"" and non-GAAP gross margin was 39.2%, ""approximately three percentage points above our guidance."" EPS was 13¢ vs guidance of breakeven. Operating expenses were down $400M sequentially and $700M YoY. Overall, Intel beat its own guidance and delivered a positive earnings surprise.

Step 2 — GUIDANCE  
Forward guidance for Q2 is cautious: ""forecasting a wider than normal Q2 revenue range of $11.2",12663,411
GPT-xgb-inject,ternary,INTC,DOWN,"<reasoning>
Step 1 — EARNINGS SURPRISE  
Q1 revenue ($12.7B) was at the high end of guidance, driven by better-than-expected Xeon sales. Non-GAAP gross margin was 39.2%, about three points above guidance, and EPS was $0.13 vs guidance of breakeven. Operating expenses were down $400M sequentially and $700M YoY. Overall, Q1 results beat expectations.

Step 2 — GUIDANCE  
Forward guidance is cautious: ""forecasting a wider than normal Q2 revenue range of $11.2 to $12.4 billion, down 2% to 12% sequen",12348,405
GPT-feat-inject,ternary,ISRG,UP,"<reasoning>
Step 1 — EARNINGS SURPRISE  
Reported Q1 revenue was $2.25 billion (+19% YoY), pro forma net income was $662 million ($1.81/share vs $1.50/share last year), GAAP net income was $698 million ($1.92/share vs $1.51/share last year). Procedure growth was strong: da Vinci procedures +17% (day-adjusted +18.5%), OUS procedures +24%. Gross margin declined slightly YoY (66.4% vs 67.6%) due to new facilities and product mix, but Q1 results did not reflect significant tariff impact. Overall, re",10600,463
GPT-feat-only,ternary,ISRG,FLAT,"<reasoning>
Step 1 — EARNINGS SURPRISE  
No specific numbers are mentioned. The overall transcript tone is neutral, with positive and negative language roughly balanced, suggesting results likely met expectations without a material beat or miss.

Step 2 — GUIDANCE  
No evidence of guidance being raised or lowered. Modal language is mixed, and the tone is neutral, implying guidance was likely maintained or not materially changed.

Step 3 — TONE & LANGUAGE  
Management sentiment is neutral (+0.000",748,194
GPT-speaker-seg,ternary,ISRG,FLAT,"<reasoning>
Step 1 — EARNINGS SURPRISE  
No specific figures are provided, and NLP signals indicate neutral sentiment. There is no evidence of a beat or miss; results likely met expectations.

Step 2 — GUIDANCE  
No explicit mention of guidance being raised, lowered, or maintained. The transcript tone and modal language suggest guidance was in-line or absent.

Step 3 — TONE & LANGUAGE  
Management and analyst sentiment are both neutral, with mixed confidence language and no strong positive or ne",727,178
GPT-contrastive,ternary,ISRG,UP,"<reasoning>
Step 1 — EARNINGS SURPRISE  
Reported Q1 revenue was $2.25 billion (+19% YoY), pro forma net income was $662 million ($1.81/share vs. $1.50/share last year), GAAP net income was $698 million ($1.92/share vs. $1.51/share last year). Procedure growth was strong: da Vinci procedures +17% (day-adjusted +18.5%), OUS procedures +24%, U.S. procedures +13%. Gross margin declined slightly YoY (66.4% vs. 67.6%) due to new facilities and product mix, but Q1 results did not reflect significant t",10959,452
GPT-xgb-inject,ternary,ISRG,UP,"<reasoning>
Step 1 — EARNINGS SURPRISE  
Reported Q1 revenue was $2.25 billion, a 19% increase over last year (constant currency +20%). Pro forma net income was $662 million ($1.81/share) vs $541 million ($1.50/share) last year. GAAP net income was $698 million ($1.92/share) vs $545 million ($1.51/share) last year. Procedure growth was strong: da Vinci procedures +17% (day-adjusted +18.5%), OUS procedures +24%, U.S. procedures +13%. Gross margin declined slightly YoY (66.4% vs 67.6%) due to new ",10649,494
GPT-feat-inject,ternary,JNJ,UP,"<reasoning>
Step 1 — EARNINGS SURPRISE  
Reported Q1 2025 sales were $21.9B (+4.2% operational growth), adjusted EPS was $2.77 (+2.2% YoY), and adjusted net earnings were $6.7B (+1.9% YoY). Management highlighted growth despite STELARA LOE and Part D redesign. Analyst comments (""congrats on a nice quarter"") and management statements (""strong start to 2025"") suggest results met or slightly beat expectations, with no evidence of a miss.

Step 2 — GUIDANCE  
Guidance was raised: ""We are increasing ",12681,423
GPT-feat-only,ternary,JNJ,FLAT,"<reasoning>
Step 1 — EARNINGS SURPRISE  
No specific numbers are mentioned. The neutral tone from both management and analysts, combined with mixed confidence language, suggests results were likely in-line with expectations, with no material beat or miss.

Step 2 — GUIDANCE  
No evidence of guidance being raised or lowered. The absence of strong positive or negative guidance language, and the use of mixed confidence language, implies guidance was likely maintained or not materially changed.

Ste",745,223
GPT-speaker-seg,ternary,JNJ,FLAT,"<reasoning>
Step 1 — EARNINGS SURPRISE  
No specific numbers or beats/misses are quoted. Pre-computed signals do not indicate a material surprise; both management and analyst tone are neutral, suggesting results were in-line with expectations.

Step 2 — GUIDANCE  
No explicit mention of guidance being raised, lowered, or maintained. The absence of guidance change language implies guidance was likely maintained or not materially updated.

Step 3 — TONE & LANGUAGE  
Management sentiment is neutral",724,234
GPT-contrastive,ternary,JNJ,UP,"<reasoning>
Step 1 — EARNINGS SURPRISE  
Reported Q1 2025 sales were $21.9B (+4.2% operational growth), adjusted EPS was $2.77 (+2.2% y/y), and adjusted net earnings were $6.7B (+1.9% y/y). These results were in line with expectations, with management noting performance ""reinforces my confidence in our 2025 guidance"" and ""in line with our expectations for the product for the year"" regarding STELARA erosion. No explicit beat or miss; results appear solid but not a material upside surprise.

Step ",13041,448
GPT-xgb-inject,ternary,JNJ,UP,"<reasoning>
Step 1 — EARNINGS SURPRISE  
Reported Q1 2025 sales were $21.9 billion (+4.2% operational growth), adjusted EPS was $2.77 (+2.2% YoY), and net earnings were $11 billion (boosted by a $7B talc reserve reversal). Management highlighted strong growth in innovative medicine (4.2% despite STELARA headwind), MedTech (4.1%), and double-digit growth in key brands. Analyst comments (""congrats on a nice quarter"") and management's own language suggest results were at least in line, possibly mod",12731,476
GPT-feat-inject,ternary,JPM,FLAT,"<reasoning>
Step 1 — EARNINGS SURPRISE  
JPM reported net income of $14.6 billion, EPS of $5.07, and revenue of $46 billion, up 8% year-on-year. Markets revenue was up 21%, CIB revenue up 12%, AWM revenue up 12%. No explicit mention of a beat or miss versus consensus, but results appear strong and in line with expectations, with no indication of a material miss.

Step 2 — GUIDANCE  
Guidance was maintained: ""We continue to expect NII ex. Markets to be approximately $90 billion. The firm-wide NII",13227,354
GPT-feat-only,ternary,JPM,FLAT,"<reasoning>
Step 1 — EARNINGS SURPRISE  
No specific numbers are mentioned. The overall transcript tone is net negative, which suggests that reported figures likely missed expectations or were at best in-line but with negative sentiment.

Step 2 — GUIDANCE  
No explicit guidance language is provided. The modal language is mixed confidence, and uncertainty ratio is elevated (0.0146), implying that guidance was either maintained with caution or absent, with no clear positive outlook.

Step 3 — TON",747,252
GPT-speaker-seg,ternary,JPM,FLAT,"<reasoning>
Step 1 — EARNINGS SURPRISE  
No specific figures are provided, and there is no indication of a beat or miss. The transcript signals do not reference any material surprise in revenue, EPS, or margins.

Step 2 — GUIDANCE  
No explicit guidance change is mentioned. There is no language indicating raised, lowered, or maintained outlook.

Step 3 — TONE & LANGUAGE  
Overall transcript tone is net negative, with more negative than positive language. However, both management and analyst sent",726,197
GPT-contrastive,ternary,JPM,FLAT,"<reasoning>
Step 1 — EARNINGS SURPRISE  
JPM reported net income of $14.6 billion, EPS of $5.07, and revenue of $46 billion (up 8% YoY). Markets revenue was up 21% YoY, CIB revenue up 12%, AWM revenue up 12%. No explicit mention of a consensus beat or miss, but results appear strong and in line with expectations, with some positive surprises in Markets and CIB. However, credit costs increased ($3.3 billion, net reserve build of $973 million), reflecting elevated macro uncertainty.

Step 2 — GUID",13587,401
GPT-xgb-inject,ternary,JPM,UP,"<reasoning>
Step 1 — EARNINGS SURPRISE  
JPM reported net income of $14.6 billion, EPS of $5.07, and revenue of $46 billion, up 8% year-on-year. Markets revenue was up 21%, CIB revenue up 12%, AWM revenue up 12%. These are strong headline numbers, with record performance in equities and solid growth across segments. No explicit mention of consensus, but the tone and details suggest a beat or at least a solid ""meet"" with positive momentum.

Step 2 — GUIDANCE  
Guidance was maintained: ""We continu",13276,414
GPT-feat-inject,ternary,KLAC,UP,"<reasoning>
Step 1 — EARNINGS SURPRISE  
KLA reported revenue of $3.06 billion (above guidance midpoint of $3 billion), non-GAAP diluted EPS of $8.41 (upper end of guidance), and gross margin of 63% (50bps above midpoint). Operating expenses were $10 million below guidance midpoint. These are clear beats versus expectations.

Step 2 — GUIDANCE  
Forward guidance for the June quarter: revenue expected at $3.075 billion (plus/minus $150 million), gross margin at 63% (plus/minus 1%), and non-GAAP E",12392,366
GPT-feat-only,ternary,KLAC,FLAT,"<reasoning>
Step 1 — EARNINGS SURPRISE  
No specific numbers are mentioned. The neutral tone from both management and analysts, combined with the absence of strong positive or negative sentiment, suggests results were in line with expectations (neither a beat nor a miss).

Step 2 — GUIDANCE  
No evidence of guidance being raised or lowered. The transcript features mixed confidence language and no clear directional signal, implying guidance was likely maintained or not materially changed.

Step 3",745,241
GPT-speaker-seg,ternary,KLAC,FLAT,"<reasoning>
Step 1 — EARNINGS SURPRISE  
No specific figures are quoted in the transcript. Pre-computed signals do not indicate a beat or miss; tone is neutral, suggesting results likely met expectations.

Step 2 — GUIDANCE  
No explicit mention of guidance being raised, maintained, or lowered. Absence of guidance change implies outlook was likely maintained.

Step 3 — TONE & LANGUAGE  
Management and analyst sentiment are both neutral (net sentiment +0.0000). Modal language is mixed confidence,",724,182
GPT-contrastive,ternary,KLAC,UP,"<reasoning>
Step 1 — EARNINGS SURPRISE  
KLA reported revenue of $3.06 billion (above guidance midpoint of $3 billion), non-GAAP EPS of $8.41 (upper end of guidance), GAAP EPS of $8.16, and gross margin of 63% (50bps above midpoint). Operating expenses were $10 million below guidance. These are clear beats versus expectations.

Step 2 — GUIDANCE  
Forward guidance was maintained: ""For WFE in 2025, our outlook remains the same as in late January. We forecast WFE to grow by a mid-single-digit perc",12752,364
GPT-xgb-inject,ternary,KLAC,FLAT,"<reasoning>
Step 1 — EARNINGS SURPRISE  
KLA reported revenue of $3.06 billion (above guidance midpoint of $3 billion), non-GAAP diluted EPS of $8.41 (upper end of guidance), and gross margin of 63% (50bps above midpoint). Operating expenses were $10 million below guidance midpoint. Overall, results were above expectations.

Step 2 — GUIDANCE  
Guidance for the June quarter: revenue expected at $3.075 billion (+/- $150 million), gross margin at 63% (+/- 1%), and non-GAAP EPS at $8.53 (+/- $0.78.",12441,377
GPT-feat-inject,ternary,KO,FLAT,"<reasoning>
Step 1 — EARNINGS SURPRISE  
KO reported Q1 comparable EPS of $0.73, up 1% YoY despite 5% currency headwinds, and organic revenue growth of 6% (high end of long-term algorithm). Gross margin expanded by 30bps, operating margin by 130bps. Unit case growth was 2%. These results are described as ""robust"" and ""strong,"" but there is no explicit mention of beating consensus; the tone suggests results were in line or slightly above expectations.

Step 2 — GUIDANCE  
Guidance was maintained:",12305,418
GPT-feat-only,ternary,KO,FLAT,"<reasoning>
Step 1 — EARNINGS SURPRISE  
No specific numbers are mentioned. The transcript tone is net positive, but management and analyst sentiment are both neutral, suggesting results likely met expectations rather than a material beat or miss.

Step 2 — GUIDANCE  
No evidence of guidance being raised or lowered. Modal language is mixed confidence, implying guidance was likely maintained or not materially changed.

Step 3 — TONE & LANGUAGE  
Management sentiment is neutral (+0.0000), and anal",745,213
GPT-speaker-seg,ternary,KO,FLAT,"<reasoning>
Step 1 — EARNINGS SURPRISE  
No specific figures are provided for revenue, EPS, or margins. There is no indication of a beat or miss; the transcript signals are neutral.

Step 2 — GUIDANCE  
No explicit mention of forward guidance being raised, maintained, or lowered. Guidance language is absent or unchanged.

Step 3 — TONE & LANGUAGE  
Overall transcript tone is net positive, but only marginally so (+0.0079). Management and analyst sentiment are both neutral, with mixed confidence l",724,178
GPT-contrastive,ternary,KO,FLAT,"<reasoning>
Step 1 — EARNINGS SURPRISE  
KO reported Q1 comparable EPS of $0.73, up 1% YoY, with organic revenue growth of 6% (high end of long-term algorithm), unit case growth of 2%, and margin expansion (comparable gross margin +30bps, operating margin +130bps). These results are solid, but not described as a clear beat; they appear in line with expectations, with some headwinds (currency, tax rate, refranchising) offset by underlying strength.

Step 2 — GUIDANCE  
Guidance was maintained: ""w",12665,422
GPT-xgb-inject,ternary,KO,FLAT,"<reasoning>
Step 1 — EARNINGS SURPRISE  
KO reported Q1 comparable EPS of $0.73, up 1% YoY despite 5% currency headwinds, dilution from bottler refranchising, and higher tax rate. Organic revenue grew 6%, at the high end of their long-term algorithm. Unit case growth was 2%. Comparable gross margin increased 30bps, operating margin up 130bps. These results are described as ""robust"" and ""strong,"" but there is no explicit mention of beating consensus; however, analyst questions refer to ""another s",12353,460
GPT-feat-inject,ternary,LIN,FLAT,"<reasoning>
Step 1 — EARNINGS SURPRISE  
EPS of $3.95 was up 5% over prior year (8% ex-FX), at the top end of the guidance range. Operating profit rose 4% with margins expanding 120bps to 30.1%. Sales of $8.1B were flat YoY, underlying sales up 1% (pricing offset by lower volumes). Margins expanded across all segments. Overall, results met or slightly exceeded expectations, but volume softness and flat sales limit the upside.

Step 2 — GUIDANCE  
Q2 EPS guidance: $3.95–$4.05 (3–5% growth, 5–7% e",12942,408
GPT-feat-only,ternary,LIN,FLAT,"<reasoning>
Step 1 — EARNINGS SURPRISE  
No specific numbers are mentioned, and the overall transcript tone is neutral with positive and negative language roughly balanced. This suggests that reported figures likely met expectations, with no material beat or miss.

Step 2 — GUIDANCE  
There is no indication of guidance being raised or lowered. The confident modal language (""will"", ""shall"") dominates, but the overall tone remains neutral, implying guidance was likely maintained or not materially ",750,224
GPT-speaker-seg,ternary,LIN,FLAT,"<reasoning>
Step 1 — EARNINGS SURPRISE  
No specific figures are provided, and transcript tone is neutral. No evidence of a beat or miss; likely met expectations.

Step 2 — GUIDANCE  
No explicit mention of guidance being raised, lowered, or maintained. Absence of guidance change suggests status quo.

Step 3 — TONE & LANGUAGE  
Management and analyst sentiment are both neutral, with confident modal language but no strong positive or negative signals. Analyst Q&A shows no probing or concern.

Ste",729,153
GPT-contrastive,ternary,LIN,FLAT,"<reasoning>
Step 1 — EARNINGS SURPRISE  
EPS grew 8% (reported $3.95, +5% YoY or +8% ex-FX), operating margin expanded 120bps to 30.1%, ROC at 25.7%. Operating profit up 4%. Sales of $8.1B were flat YoY, down 2% sequentially. Underlying sales up 1% YoY, pricing up, volumes down 1%. Results finished at the top end of guidance range. No clear beat or miss; results appear in-line with expectations, with margin expansion offsetting volume weakness.

Step 2 — GUIDANCE  
Q2 EPS guidance: $3.95–$4.05 (",13294,435
GPT-xgb-inject,ternary,LIN,UP,"<reasoning>
Step 1 — EARNINGS SURPRISE  
EPS grew 8% year-over-year, operating margins expanded 120bps to 30.1%, and ROC remained strong at 25.7%. EPS of $3.95 was 5% over prior year or 8% when excluding FX. Operating profit at $2.4 billion increased 4%. All segments expanded margins. However, sales of $8.1 billion were flat to prior year and down 2% sequentially, with underlying sales up just 1%. Volumes declined 1%. Overall, profit metrics beat expectations, but top-line was flat, and volumes ",12981,486
GPT-feat-inject,ternary,LLY,FLAT,"<reasoning>
Step 1 — EARNINGS SURPRISE  
LLY reported Q1 revenue up 45% YoY, driven by key products, and EPS of $3.34 (inclusive of $1.72 negative impact from acquired IPR&D charges), compared to $2.58 in Q1 2021. Gross margin increased to 83.5% (+1pp YoY). These are strong headline numbers, but the transcript does not explicitly state a beat or miss versus consensus. The language (""met our expectations"") suggests results were in line, not a clear beat.

Step 2 — GUIDANCE  
Guidance was reaffirm",12910,380
GPT-feat-only,ternary,LLY,FLAT,"<reasoning>
Step 1 — EARNINGS SURPRISE  
No evidence of a beat or miss; tone and sentiment are neutral, suggesting reported figures met expectations. No specific numbers are mentioned.

Step 2 — GUIDANCE  
No indication of guidance being raised, lowered, or changed. Mixed confidence language and neutral tone imply guidance was likely maintained or not materially updated.

Step 3 — TONE & LANGUAGE  
Management sentiment is neutral (net sentiment +0.0000), with no strong positive or negative langu",748,183
GPT-speaker-seg,ternary,LLY,FLAT,"<reasoning>
Step 1 — EARNINGS SURPRISE  
No specific figures are provided, and NLP signals do not indicate a material positive or negative surprise. The transcript tone is neutral, suggesting results were in line with expectations.

Step 2 — GUIDANCE  
No explicit mention of guidance being raised, maintained, or lowered. Absence of guidance change implies no material update.

Step 3 — TONE & LANGUAGE  
Management and analyst sentiment are both neutral, with balanced positive and negative languag",727,182
GPT-contrastive,ternary,LLY,FLAT,"<reasoning>
Step 1 — EARNINGS SURPRISE  
LLY reported Q1 revenue up 45% YoY, EPS of $3.34 (vs $2.58 prior year), and gross margin up 1pp to 83.5%. Key products grew by $4B, now $7.5B revenue. Non-GAAP performance margin up 11pp to 42.6%. These are strong beats, but IP R&D charges negatively impacted EPS by $1.72. Overall, headline growth is well above expectations.

Step 2 — GUIDANCE  
Guidance was maintained: ""we are reaffirming our revenue and performance margin guidance. Our non-GAAP earnings",13269,363
GPT-xgb-inject,ternary,LLY,UP,"<reasoning>
Step 1 — EARNINGS SURPRISE  
LLY reported Q1 revenue up 45% YoY, EPS of $3.34 (inclusive of $1.72 negative impact from acquired IPR&D charges), and gross margin up 1 percentage point to 83.5%. Non-GAAP performance margin rose over 11 percentage points to 42.6%. These are strong beats, especially revenue growth and margin expansion, with key products driving $4B+ incremental revenue. No mention of missing consensus; numbers appear well above expectations.

Step 2 — GUIDANCE  
Guidance",12949,394
GPT-feat-inject,ternary,LMT,UP,"<reasoning>
Step 1 — EARNINGS SURPRISE  
Lockheed Martin reported Q1 sales growth of 4% year-over-year, segment operating margins of 11.6% (all four business areas with double-digit returns), and GAAP EPS of $7.28, up 14%. Operating profit improved across most segments, notably MFC (missiles and fire control) up 50% year-over-year. These results were described as ""strong all-around performance"" and ""better-than-expected performance on contract completions."" No explicit mention of consensus estim",11083,410
GPT-feat-only,ternary,LMT,FLAT,"<reasoning>
Step 1 — EARNINGS SURPRISE  
No specific numbers are provided. The overall transcript tone is net positive, but both management and analyst sentiment are neutral, suggesting results likely met expectations rather than a material beat or miss.

Step 2 — GUIDANCE  
No explicit guidance change is indicated. Modal language is mixed confidence, and there is no evidence of raised or lowered outlook. This implies guidance was likely maintained or not materially updated.

Step 3 — TONE & LAN",746,244
GPT-speaker-seg,ternary,LMT,FLAT,"<reasoning>
Step 1 — EARNINGS SURPRISE  
No specific figures or beats/misses are mentioned. No evidence of a material surprise in revenue, EPS, or margins.

Step 2 — GUIDANCE  
No explicit guidance change is noted. No language indicating raised, lowered, or maintained outlook.

Step 3 — TONE & LANGUAGE  
Overall transcript tone is net positive, but only modestly so (+0.0077). Both management and analyst sentiment are neutral, with no gap between them. Modal language is mixed confidence, suggesti",725,181
GPT-contrastive,ternary,LMT,FLAT,"<reasoning>
Step 1 — EARNINGS SURPRISE  
Lockheed Martin reported Q1 sales up 4% YoY, segment operating margin at 11.6%, and GAAP EPS of $7.28 up 14%. All four business areas generated double-digit returns, with MFC operating profit up 50% YoY (normalized +13%). These results were described as ""strong all-around performance"" and ""better-than-expected performance on contract completions."" No explicit mention of consensus estimates, but the tone and numbers suggest a modest beat.

Step 2 — GUIDANC",11443,387
GPT-xgb-inject,ternary,LMT,UP,"<reasoning>
Step 1 — EARNINGS SURPRISE  
Lockheed Martin reported Q1 sales growth of 4% year-over-year, segment operating margins of 11.6% (all four business areas with double-digit returns), and GAAP EPS of $7.28, up 14%. Free cash flow was $955 million. Segment operating profit improved significantly in MFC (up 50% YoY), RMS (up 21% YoY), and Space (up 17% YoY). These results were described as ""strong all-around performance"" and ""better-than-expected performance on contract completions."" No ex",11128,456
GPT-feat-inject,ternary,LOW,FLAT,"<reasoning>
Step 1 — EARNINGS SURPRISE  
Lowe's delivered Q4 sales of $18.6 billion and adjusted EPS of $1.93, with positive comparable sales of 0.2%. Management and CFO both stated results ""exceeded our expectations,"" and ""beats top and bottom line, positive comps, and EPS growth here for the first time in a couple of years."" Gross margin was up 46 bps YoY, and operating margin improved 36 bps. Hurricane-related demand provided a 100 bps comp sales boost. Overall, Q4 was a beat.

Step 2 — GUIDA",12271,485
GPT-feat-only,ternary,LOW,FLAT,"<reasoning>
Step 1 — EARNINGS SURPRISE  
No specific numbers are provided, and both management and analyst net sentiment are neutral (+0.0000). This suggests results likely met expectations, with no clear evidence of a beat or miss.

Step 2 — GUIDANCE  
No explicit guidance language is available. The overall transcript tone is net positive, but modal language is mixed confidence, indicating guidance was likely maintained or not materially changed.

Step 3 — TONE & LANGUAGE  
Management sentiment",747,199
GPT-speaker-seg,ternary,LOW,FLAT,"<reasoning>
Step 1 — EARNINGS SURPRISE  
No specific numbers or beats/misses are quoted in the transcript. Pre-computed signals do not indicate a material surprise; both management and analyst tone are neutral.

Step 2 — GUIDANCE  
No explicit mention of guidance being raised, maintained, or lowered. Management remarks are neutral, suggesting guidance was likely maintained or absent.

Step 3 — TONE & LANGUAGE  
Management sentiment is neutral (net sentiment +0.0000), with mixed confidence langua",726,196
GPT-contrastive,ternary,LOW,FLAT,"<reasoning>
Step 1 — EARNINGS SURPRISE  
Lowe's delivered Q4 sales of $18.6 billion and adjusted EPS of $1.93, with positive comparable sales of 0.2%. Management stated results ""exceeded our expectations"" and ""beats top and bottom line, positive comps, and EPS growth here for the first time in a couple of years."" Gross margin was up 46 bps YoY, and operating margin improved 36 bps. Hurricane-related demand positively impacted comps by ~100 bps. Overall, this was a mild beat, but the upside was p",12635,500
GPT-xgb-inject,ternary,LOW,FLAT,"<reasoning>
Step 1 — EARNINGS SURPRISE  
Lowe's reported Q4 sales of $18.6 billion (comparable sales up 0.2%), adjusted EPS of $1.93, and gross margin up 46 bps YoY. Management stated ""results that exceeded our expectations"" and ""beats top and bottom line, positive comps, and EPS growth here for the first time in a couple of years."" Analyst Q&A confirmed Q4 was a beat, with strong pro and online growth.  

Step 2 — GUIDANCE  
2025 guidance was maintained from December: sales $83.5–$84.5 billion,",12317,430
GPT-feat-inject,ternary,LRCX,UP,"<reasoning>
Step 1 — EARNINGS SURPRISE  
Lam Research reported Q3 revenue of $4.72 billion (up 8% QoQ), gross margin of 49% (up from 47.5% prior quarter, at high end of guidance), operating margin of 32.8% (up from 30.7%), and diluted EPS of $1.04. All metrics exceeded the midpoint of guidance, with gross margin and foundry revenues at record levels. Management repeatedly highlighted ""record quarter"" and ""exceeded the midpoint of our guidance.""

Step 2 — GUIDANCE  
Forward guidance for the June ",12494,425
GPT-feat-only,ternary,LRCX,FLAT,"<reasoning>
Step 1 — EARNINGS SURPRISE  
No specific numbers are mentioned. The transcript tone is net positive, but both management and analyst sentiment are neutral, suggesting results likely met expectations rather than a material beat or miss.

Step 2 — GUIDANCE  
No explicit guidance change is indicated. Hedged language dominates (""may"", ""could"", ""might""), implying management did not raise or lower guidance, or was non-committal about outlook.

Step 3 — TONE & LANGUAGE  
Management sentimen",755,237
GPT-speaker-seg,ternary,LRCX,FLAT,"<reasoning>
Step 1 — EARNINGS SURPRISE  
No specific figures (revenue, EPS, margins) are quoted in the transcript or NLP signals. There is no evidence of a beat or miss; sentiment is neutral, suggesting results likely met expectations.

Step 2 — GUIDANCE  
No explicit mention of guidance being raised, maintained, or lowered. The absence of guidance change language and neutral tone implies guidance was likely maintained.

Step 3 — TONE & LANGUAGE  
Management sentiment is neutral (net sentiment +",734,201
GPT-contrastive,ternary,LRCX,UP,"<reasoning>
Step 1 — EARNINGS SURPRISE  
Lam Research reported Q3 revenue of $4.72 billion (up 8% QoQ), gross margin of 49% (up from 47.5% prior quarter, at the high end of guidance), operating margin of 32.8% (up from 30.7%), and diluted EPS of $1.04. All metrics exceeded the midpoint of guidance, with gross margin and operating margin at record levels since the Novelis merger. ""March quarter results reflect continued strength with revenues, gross margin, operating margin, and EPS all exceeding",12845,457
GPT-xgb-inject,ternary,LRCX,UP,"<reasoning>
Step 1 — EARNINGS SURPRISE  
Lam reported revenue of $4.72 billion (up 8% QoQ), gross margin of 49% (up from 47.5%), operating margin of 32.8% (up from 30.7%), and diluted EPS of $1.04, all exceeding the midpoint of guidance. Management repeatedly highlighted ""record quarter"" for foundry revenues and gross margin since the Novelis merger. These are clear beats versus expectations.

Step 2 — GUIDANCE  
Guidance for the June quarter: revenue of $5 billion (+/- $300M), gross margin of 4",12531,442
GPT-feat-inject,ternary,MA,UP,"<reasoning>
Step 1 — EARNINGS SURPRISE  
Mastercard reported Q1 net revenues up 17% and adjusted net income up 13% YoY, with EPS of $3.73 (up 16%). Management described the quarter as ""fantastic"" and ""very strong results."" The transcript notes a beat driven by higher FX volatility and lower rebates/incentives than expected. No explicit mention of consensus estimates, but the language and analyst questions imply a beat.

Step 2 — GUIDANCE  
Guidance was maintained: ""we are not revising the outloo",12620,340
GPT-feat-only,ternary,MA,FLAT,"<reasoning>
Step 1 — EARNINGS SURPRISE  
No specific numbers are mentioned. The transcript tone is net positive, but management and analyst sentiment are both neutral, suggesting results likely met expectations rather than a clear beat or miss.

Step 2 — GUIDANCE  
No evidence of guidance being raised or lowered. Modal language is confident, but there is no explicit signal of a change in outlook, implying guidance was likely maintained or not materially updated.

Step 3 — TONE & LANGUAGE  
Manag",749,211
GPT-speaker-seg,ternary,MA,FLAT,"<reasoning>
Step 1 — EARNINGS SURPRISE  
No explicit mention of revenue, EPS, or margin beats/misses in the transcript or NLP summary. No evidence of a material surprise; likely results were in-line with consensus.

Step 2 — GUIDANCE  
No indication of raised, lowered, or maintained guidance. No guidance language quoted or referenced; guidance appears neutral or absent.

Step 3 — TONE & LANGUAGE  
Overall transcript tone is net positive (+0.0067), but both management and analyst sentiment are ex",728,225
GPT-contrastive,ternary,MA,UP,"<reasoning>
Step 1 — EARNINGS SURPRISE  
Mastercard reported Q1 net revenues up 17% and adjusted net income up 13% YoY, with EPS of $3.73 (up 16%). Operating income up 19%. These are strong headline numbers, described as ""fantastic"" and ""very strong results."" The transcript notes a Q1 beat driven by higher FX volatility and lower rebates/incentives than expected. No explicit mention of consensus estimates, but the tone and analyst questions suggest results were above expectations.

Step 2 — GUID",12975,440
GPT-xgb-inject,ternary,MA,UP,"<reasoning>
Step 1 — EARNINGS SURPRISE  
Mastercard reported strong Q1 results: net revenues up 17%, adjusted net income up 13%, EPS up 16% ($3.73), and operating income up 19%. These figures are described as ""fantastic"" and ""very strong,"" and Sachin Mehra notes a ""beat in Q1"" driven by higher FX volatility and lower rebates/incentives than expected. No explicit mention of consensus estimates, but the language and analyst questions imply results were above expectations.

Step 2 — GUIDANCE  
Guid",12664,411
GPT-feat-inject,ternary,MAR,FLAT,"<reasoning>
Step 1 — EARNINGS SURPRISE  
Marriott reported strong Q1 results: global RevPAR rose 4.1%, ""just above the top end of our 3% to 4% guidance range,"" ADR up 3%, occupancy up 1 percentage point. Adjusted EBITDA increased 7% to $1.22 billion, and total gross fee revenues increased 5% year-over-year. These results slightly exceeded expectations, but not by a wide margin.

Step 2 — GUIDANCE  
Guidance was marginally lowered: ""we are lowering our guidance for full-year RevPAR growth by 50 b",11172,408
GPT-feat-only,ternary,MAR,FLAT,"<reasoning>
Step 1 — EARNINGS SURPRISE  
No specific numbers are mentioned. The transcript tone is net positive, but both management and analyst sentiment are neutral, suggesting results likely met expectations rather than a clear beat or miss.

Step 2 — GUIDANCE  
No evidence of guidance being raised or lowered. Modal language is dominated by hedging (""may"", ""could"", ""might""), indicating management is cautious and likely maintained or gave non-committal guidance.

Step 3 — TONE & LANGUAGE  
Man",755,220
GPT-speaker-seg,ternary,MAR,FLAT,"<reasoning>
Step 1 — EARNINGS SURPRISE  
No specific figures (revenue, EPS, margins) are provided. Pre-computed signals do not indicate a beat or miss; tone is neutral, suggesting results likely met expectations.

Step 2 — GUIDANCE  
No explicit mention of guidance being raised, maintained, or lowered. Management remarks are neutral, and hedged language dominates, implying no material change or surprise in outlook.

Step 3 — TONE & LANGUAGE  
Management sentiment is neutral (net sentiment +0.000",734,196
GPT-contrastive,ternary,MAR,FLAT,"<reasoning>
Step 1 — EARNINGS SURPRISE  
Marriott reported ""strong first quarter results,"" with global RevPAR up 4.1% (above the top end of their 3%-4% guidance range), adjusted EBITDA up 7%, and total gross fee revenues up 5%. However, U.S. and Canada RevPAR growth was softer in March (up 2%), and incentive management fees fell 2%. Overall, Q1 results were slightly above expectations globally, but mixed regionally.

Step 2 — GUIDANCE  
Guidance was marginally lowered: ""we are lowering our guida",11527,400
GPT-xgb-inject,ternary,MAR,FLAT,"<reasoning>
Step 1 — EARNINGS SURPRISE  
Marriott reported strong Q1 results: global RevPAR up 4.1% (above the top end of 3%-4% guidance), net rooms growth 4.6%, adjusted EBITDA up 7%, and total gross fee revenues up 5%. Q1 EPS not explicitly stated, but full-year guidance remains $9.82-$10.19. Margins and cost control were positive (G&A down 6%). Overall, Q1 performance was slightly above expectations, especially internationally.

Step 2 — GUIDANCE  
Guidance was marginally lowered: ""we are low",11209,454
GPT-feat-inject,ternary,MCD,FLAT,"<reasoning>
Step 1 — EARNINGS SURPRISE  
Reported Q1 global comp sales declined by 1% (flat excluding Leap Day), U.S. comp sales declined 3.6%. Adjusted EPS was $2.67, up 1% in constant currency, but no clear statement of a beat or miss versus consensus. Margins were pressured, but adjusted operating margin was strong at 45.5%. Overall, results appear to have met expectations, with no clear beat or miss.

Step 2 — GUIDANCE  
Management reaffirmed full-year 2025 financial targets: ""we are reaffir",12417,324
GPT-feat-only,ternary,MCD,FLAT,"<reasoning>
Step 1 — EARNINGS SURPRISE  
No specific numbers are provided. The transcript tone is net positive, but management and analyst sentiment are both neutral, suggesting results likely met expectations rather than a clear beat or miss.

Step 2 — GUIDANCE  
No explicit guidance change is indicated. Hedged modal language dominates, implying management may have maintained or given cautious guidance rather than raising or lowering outlook.

Step 3 — TONE & LANGUAGE  
Management sentiment is ",754,211
GPT-speaker-seg,ternary,MCD,FLAT,"<reasoning>
Step 1 — EARNINGS SURPRISE  
No specific figures are provided for revenue, EPS, or margins. There is no evidence of a beat or miss; the transcript signals neither positive nor negative surprises.

Step 2 — GUIDANCE  
No explicit guidance change is mentioned. There is no language indicating raised, maintained, or lowered outlook; guidance appears absent or unchanged.

Step 3 — TONE & LANGUAGE  
Management and analyst tone are both neutral, with net sentiment at +0.0000. The overall tr",733,191
GPT-contrastive,ternary,MCD,FLAT,"<reasoning>
Step 1 — EARNINGS SURPRISE  
Reported Q1 global comp sales declined 1% (flat excluding Leap Day), U.S. comp sales declined 3.6%. Adjusted EPS was $2.67, up 1% y/y in constant currency. Margins were pressured but operating margin remained strong at 45.5%. These results are below typical expectations for McDonald's, but management notes Q1 was expected to be the toughest quarter and April performance improved. No explicit ""beat"" or ""miss"" language, but results appear to have met lowere",12772,410
GPT-xgb-inject,ternary,MCD,FLAT,"<reasoning>
Step 1 — EARNINGS SURPRISE  
Reported Q1 global comp sales declined 1% (flat excluding Leap Day), U.S. comp sales declined 3.6%. Adjusted EPS was $2.67, up 1% YoY in constant currency. Margins: adjusted operating margin ~45.5%. No explicit mention of consensus, but the transcript repeatedly characterizes results as ""challenging"" and ""in line with expectations,"" with some positive margin and guest count gaps vs competitors. No clear beat or miss; results appear to have met subdued exp",12457,347
GPT-feat-inject,ternary,META,UP,"<reasoning>
Step 1 — EARNINGS SURPRISE  
Meta reported Q1 total revenue of $42.3 billion, up 16% YoY (19% constant currency), and a 41% operating margin. Family of Apps ad revenue was $41.4 billion, up 16% YoY. Operating income was $17.6 billion. These are strong headline numbers, and the transcript repeatedly describes the quarter as ""solid"" and ""strong."" No explicit mention of a miss; the language and growth rates suggest a beat or at least a solid meet.

Step 2 — GUIDANCE  
Q2 revenue guidanc",11110,430
GPT-feat-only,ternary,META,FLAT,"<reasoning>
Step 1 — EARNINGS SURPRISE  
No specific numbers are mentioned, and both management and analyst net sentiment are neutral (+0.0000). This suggests reported figures likely met expectations, with no material beat or miss.

Step 2 — GUIDANCE  
No evidence of guidance being raised or lowered. The transcript features confident language (""will"", ""shall""), but management sentiment is neutral, indicating guidance was likely maintained or not materially changed.

Step 3 — TONE & LANGUAGE  
Ov",750,205
GPT-speaker-seg,ternary,META,FLAT,"<reasoning>
Step 1 — EARNINGS SURPRISE  
No specific figures are provided for revenue, EPS, or margins. No evidence of a beat or miss; transcript signals do not mention any surprise.

Step 2 — GUIDANCE  
No explicit guidance change is noted. No language indicating raised, lowered, or maintained outlook; guidance appears absent or unchanged.

Step 3 — TONE & LANGUAGE  
Overall transcript tone is net positive (+0.0132), with confident modal language (""will"", ""shall""). However, both management and ",729,196
GPT-contrastive,ternary,META,UP,"<reasoning>
Step 1 — EARNINGS SURPRISE  
Meta reported Q1 total revenue of $42.3 billion, up 16% YoY (19% constant currency), and a 41% operating margin. Family of Apps ad revenue was $41.4 billion, up 16%. Operating income was $17.6 billion. These results are described as ""another solid quarter"" and ""strong start to the year,"" with no mention of a miss. Analyst Q&A did not probe for missed targets, suggesting results met or slightly beat expectations.

Step 2 — GUIDANCE  
Q2 revenue guidance is",11465,450
GPT-xgb-inject,ternary,META,FLAT,"<reasoning>
Step 1 — EARNINGS SURPRISE  
Q1 total revenue was $42.3 billion, up 16% YoY (19% constant currency). Operating income $17.6 billion (41% margin). Family of Apps ad revenue up 16%. Reality Labs revenue down 6% YoY, operating loss $4.2 billion. No explicit mention of consensus, but ""solid quarter"" and strong growth in core metrics suggest results likely met or slightly beat expectations, except for Reality Labs.

Step 2 — GUIDANCE  
Q2 revenue guidance: $42.5–$45.5 billion, with a $3 b",11156,417
GPT-feat-inject,ternary,MO,FLAT,"<reasoning>
Step 1 — EARNINGS SURPRISE  
Reported figures show solid adjusted operating income growth in smokeable products (+2.7% OCI, margin up 4.2pp to 64.4%), robust net price realization (10.8%), and ON! oral tobacco shipment volume up 18%. However, cigarette volumes declined by 13.7% (industry down 9%), and oral tobacco segment shipment volume decreased 5%. No explicit mention of beating or missing consensus, but results appear mixed: strong profitability/margins, but volume declines and i",7305,410
GPT-feat-only,ternary,MO,FLAT,"<reasoning>
Step 1 — EARNINGS SURPRISE  
No specific numbers are mentioned. The overall transcript tone is neutral, and there is no evidence of a beat or miss. This suggests results likely met expectations.

Step 2 — GUIDANCE  
No indication of guidance being raised, lowered, or changed. The language is neutral, implying guidance was likely maintained or absent.

Step 3 — TONE & LANGUAGE  
Management sentiment is neutral (net sentiment +0.0000), with mixed confidence language. Analyst tone is al",747,185
GPT-speaker-seg,ternary,MO,FLAT,"<reasoning>
Step 1 — EARNINGS SURPRISE  
No specific figures are provided, and NLP signals do not indicate a clear beat or miss. The transcript tone is neutral, suggesting results were in line with expectations.

Step 2 — GUIDANCE  
No explicit mention of guidance being raised, lowered, or maintained. The absence of guidance change points to a status quo outlook.

Step 3 — TONE & LANGUAGE  
Management sentiment is neutral, with mixed confidence language and no strong positive or negative signals",726,181
GPT-contrastive,ternary,MO,FLAT,"<reasoning>
Step 1 — EARNINGS SURPRISE  
Reported Q1 results: Smokeable products segment grew adjusted OCI by 2.7%, margins up 4.2pp to 64.4%, robust net price realization of 10.8%. However, domestic cigarette volumes declined by 13.7% (industry decline 9%). Oral Tobacco Products segment: ON! grew volume 18%, but total segment shipment volume down 5%. No explicit mention of beating or missing consensus; results appear mixed, with margin and income growth offset by volume declines.

Step 2 — GUID",7664,388
GPT-xgb-inject,ternary,MO,FLAT,"<reasoning>
Step 1 — EARNINGS SURPRISE  
Reported figures show solid performance: Smokeable Products segment grew adjusted OCI by 2.7%, with adjusted OCI margins up 4.2 percentage points to 64.4%. Robust net price realization of 10.8%. Oral Tobacco Products segment delivered over $400 million in adjusted OCI, margins strong at 69.2% (slightly down YoY). ON! shipment volume up 18%. However, cigarette volumes declined 13.7% (industry down 9%), and oral tobacco segment retail share declined by 3.1 ",7352,460
GPT-feat-inject,ternary,MRK,FLAT,"<reasoning>
Step 1 — EARNINGS SURPRISE  
Reported Q1 revenue was $15.5 billion, a decrease of 2% (or +1% ex-FX). EPS was $2.22. Management repeatedly stated ""performance was in line with our expectations."" Gardasil sales in China were weak, but ex-China growth was strong. Gross margin improved to 82.2%. No explicit beat or miss; results matched consensus.

Step 2 — GUIDANCE  
Guidance was maintained: ""we are maintaining our full-year revenue and EPS guidance."" EPS guidance is $8.82–$8.97, slight",11243,285
GPT-feat-only,ternary,MRK,FLAT,"<reasoning>
Step 1 — EARNINGS SURPRISE  
No specific numbers are mentioned. The neutral tone from both management and analysts, combined with mixed confidence language, suggests results were likely in-line with expectations, with no material beat or miss.

Step 2 — GUIDANCE  
No evidence of guidance being raised or lowered. Modal language is mixed, and there is no clear signal of a change in outlook. This implies guidance was likely maintained or not materially updated.

Step 3 — TONE & LANGUAGE",748,231
GPT-speaker-seg,ternary,MRK,FLAT,"<reasoning>
Step 1 — EARNINGS SURPRISE  
No specific figures are provided for revenue, EPS, or margins. There is no indication of a beat or miss; the transcript signals are neutral.

Step 2 — GUIDANCE  
No explicit mention of guidance being raised, maintained, or lowered. The management remarks are neutral, and there is no guidance change noted.

Step 3 — TONE & LANGUAGE  
Overall transcript tone is net positive (+0.0064), but both management and analyst sentiment are exactly neutral (+0.0000). ",727,199
GPT-contrastive,ternary,MRK,FLAT,"<reasoning>
Step 1 — EARNINGS SURPRISE  
Reported Q1 revenue was $15.5 billion, a decrease of 2% (or +1% ex-FX). EPS was $2.22. Management stated ""performance was in line with our expectations."" Gardasil sales in China declined sharply, offset by strong growth in new products and oncology. Gross margin improved to 82.2%. No explicit beat or miss; results matched expectations.

Step 2 — GUIDANCE  
Guidance was maintained: ""we are maintaining our full-year revenue and EPS guidance."" 2025 revenue g",11603,365
GPT-xgb-inject,ternary,MRK,FLAT,"<reasoning>
Step 1 — EARNINGS SURPRISE  
Reported Q1 revenue was $15.5 billion, a decrease of 2% (or +1% ex-FX). EPS was $2.22. Management repeatedly stated results were ""in line with our expectations."" Gardasil sales in China declined sharply ($1.1 billion impact), offset by strong growth in new products and oncology. No evidence of a beat or miss; results matched consensus.

Step 2 — GUIDANCE  
Guidance was maintained: ""we are maintaining our full-year revenue and EPS guidance."" EPS guidance i",11289,380
GPT-feat-inject,ternary,MS,UP,"<reasoning>
Step 1 — EARNINGS SURPRISE  
Morgan Stanley reported record revenues of $17.7 billion and EPS of $2.60, with a strong ROTCE of 23%. Institutional securities revenues were up 28% YoY, equities up 45% YoY to a record $4.1 billion, and asset management revenues up 15% YoY. These figures indicate a clear beat versus prior year and likely consensus, especially given repeated references to ""record"" results and ""exceptional performance.""

Step 2 — GUIDANCE  
Forward guidance was not explici",11574,365
GPT-feat-only,ternary,MS,FLAT,"<reasoning>
Step 1 — EARNINGS SURPRISE  
No specific numbers are mentioned, and the overall transcript tone is neutral with positive and negative language roughly balanced. This suggests that reported figures likely met expectations, with no material beat or miss.

Step 2 — GUIDANCE  
There is no indication of guidance being raised, lowered, or changed. The modal language is mixed confidence, implying that guidance was likely maintained or absent, with no strong forward-looking signal.

Step 3 —",744,226
GPT-speaker-seg,ternary,MS,FLAT,"<reasoning>
Step 1 — EARNINGS SURPRISE  
No specific numbers are provided, and NLP signals do not indicate a material beat or miss. The transcript tone is neutral, suggesting results were in line with expectations.

Step 2 — GUIDANCE  
No explicit mention of raised, lowered, or maintained guidance. The absence of guidance change points to a status quo outlook.

Step 3 — TONE & LANGUAGE  
Management sentiment is neutral (net sentiment +0.0000), with mixed confidence language. Analyst Q&A is also ",723,188
GPT-contrastive,ternary,MS,UP,"<reasoning>
Step 1 — EARNINGS SURPRISE  
Morgan Stanley reported record revenues of $17.7 billion and EPS of $2.60, with a strong ROTCE of 23%. Equities revenues were up 45% YoY to a record $4.1 billion, and institutional securities revenues up 28% YoY. Wealth added $94 billion in net new assets. These results are described as ""record"" and ""very strong,"" indicating a clear beat versus expectations.

Step 2 — GUIDANCE  
No explicit numeric guidance was given, but management repeatedly emphasized ",11933,337
GPT-xgb-inject,ternary,MS,UP,"<reasoning>
Step 1 — EARNINGS SURPRISE  
Morgan Stanley reported record revenues of $17.7 billion and EPS of $2.60, with a strong ROTCE of 23%. Institutional securities revenues were up 28% YoY, equities up 45% YoY to a record $4.1 billion, and asset management revenues up 15% YoY. These results are described as ""record"" and ""exceptional,"" indicating a clear beat versus expectations.

Step 2 — GUIDANCE  
Forward guidance is constructive but not explicitly raised. Management repeatedly emphasizes",11621,327
GPT-feat-inject,ternary,MSFT,UP,"<reasoning>
Step 1 — EARNINGS SURPRISE  
Reported figures beat expectations: Revenue was $70.1B (up 13%), EPS $3.46 (up 18%), operating income up 16%, commercial bookings up 18%, Azure and other cloud services revenue grew 33% (including 16 points from AI), all ahead of expectations. Multiple segments (Productivity, Intelligent Cloud, More Personal Computing) reported results ahead of expectations.

Step 2 — GUIDANCE  
Forward guidance is constructive and maintained: ""Our outlook assumes those t",10338,355
GPT-feat-only,ternary,MSFT,FLAT,"<reasoning>
Step 1 — EARNINGS SURPRISE  
No specific numbers are mentioned. The transcript tone is net positive, but management and analyst sentiment are both neutral, suggesting results likely met expectations rather than a clear beat or miss.

Step 2 — GUIDANCE  
No evidence of guidance being raised or lowered. Modal language is mixed confidence, and no explicit guidance change is indicated, implying guidance was likely maintained or not materially updated.

Step 3 — TONE & LANGUAGE  
Manageme",744,224
GPT-speaker-seg,ternary,MSFT,FLAT,"<reasoning>
Step 1 — EARNINGS SURPRISE  
No specific numbers are quoted in the transcript, and NLP signals do not indicate a material beat or miss. The absence of positive or negative surprise language suggests results were in-line with expectations.

Step 2 — GUIDANCE  
No explicit mention of guidance being raised, maintained, or lowered. The transcript and NLP signals do not highlight any change in outlook, implying guidance was likely maintained or not materially updated.

Step 3 — TONE & LAN",723,222
GPT-contrastive,ternary,MSFT,UP,"<reasoning>
Step 1 — EARNINGS SURPRISE  
Reported revenue was $70.1B (up 13% YoY), EPS $3.46 (up 18% YoY), and operating income up 16%. Amy Hood: ""Results exceeded expectations driven by focused execution... strong demand for our cloud and AI offerings... revenue from our AI business was above expectations."" Segment results: Productivity & Business Processes, Intelligent Cloud, and More Personal Computing all reported revenue ahead of expectations. Azure revenue grew 33% YoY (16 points from AI),",10698,457
GPT-xgb-inject,ternary,MSFT,UP,"<reasoning>
Step 1 — EARNINGS SURPRISE  
Reported figures beat expectations. Amy Hood stated: ""This quarter, revenue was $70.1 billion, up 13%... Gross margin dollars increased 11%... operating income increased 16%... earnings per share was $3.46, an increase of 18%... Results exceeded expectations driven by focused execution... revenue from our AI business was above expectations. Commercial bookings increased 18%... significantly ahead of expectations again this quarter."" Segment results were a",10383,382
GPT-feat-inject,ternary,MU,UP,"<reasoning>
Step 1 — EARNINGS SURPRISE  
Micron delivered fiscal Q2 EPS above the guidance range (""Non-GAAP diluted earnings per share in fiscal Q2 was $1.56, above the high end of the guidance range""), revenue and gross margin within the range (""Total fiscal Q2 revenue was approximately $8.1 billion, down 8% sequentially and up 38% year-over-year""). Gross margin was 37.9%, down sequentially but up year-over-year. Operating margin and EBITDA margin also improved year-over-year. Overall, EPS was ",9941,473
GPT-feat-only,ternary,MU,FLAT,"<reasoning>
Step 1 — EARNINGS SURPRISE  
No specific numbers are provided, and both management and analyst net sentiment are neutral (+0.0000), suggesting results likely met expectations with no material beat or miss.

Step 2 — GUIDANCE  
No evidence of guidance being raised or lowered; modal language is confident but not explicitly tied to guidance changes. Guidance appears to be maintained or absent.

Step 3 — TONE & LANGUAGE  
Overall transcript tone is net positive (+0.0131), with confident ",751,213
GPT-speaker-seg,ternary,MU,FLAT,"<reasoning>
Step 1 — EARNINGS SURPRISE  
No specific figures are quoted in the transcript. There is no evidence of a beat or miss; the absence of surprise language suggests results were in-line with expectations.

Step 2 — GUIDANCE  
No explicit mention of guidance being raised, lowered, or maintained. The transcript does not reference any change in outlook, implying guidance was likely maintained or not materially updated.

Step 3 — TONE & LANGUAGE  
Overall transcript tone is net positive (+0.",730,213
GPT-contrastive,ternary,MU,UP,"<reasoning>
Step 1 — EARNINGS SURPRISE  
Micron delivered fiscal Q2 EPS above the guidance range (""Non-GAAP diluted earnings per share in fiscal Q2 was $1.56, above the high end of the guidance range""), revenue and gross margin within the range. Revenue was $8.1B (down 8% sequentially, up 38% YoY), gross margin 37.9% (down 160bps sequentially), operating margin 24.9% (down 260bps sequentially, up 21pp YoY). The EPS beat is a positive surprise, but gross margin and operating margin were down sequ",10296,500
GPT-xgb-inject,ternary,MU,DOWN,"<reasoning>
Step 1 — EARNINGS SURPRISE  
Micron delivered fiscal Q2 EPS above the guidance range (""Non-GAAP diluted earnings per share in fiscal Q2 was $1.56, above the high end of the guidance range""), revenue and gross margin within the range (""Total fiscal Q2 revenue was approximately $8.1 billion, down 8% sequentially and up 38% year-over-year""). Gross margin was 37.9%, down sequentially but up year-over-year. Operating margin and EBITDA margin also improved year-over-year. Overall, EPS was ",9984,500
GPT-feat-inject,ternary,NEE,UP,"<reasoning>
Step 1 — EARNINGS SURPRISE  
Reported adjusted EPS increased nearly 9% year-over-year; FPL's EPS up $0.07 YoY; Energy Resources adjusted earnings up nearly 10% YoY. No explicit mention of consensus, but ""solid first quarter results"" and ""strong start for the year"" suggest results at least met, likely beat expectations.

Step 2 — GUIDANCE  
Guidance was maintained: ""Our long-term financial expectations remain unchanged. We will be disappointed if we are not able to deliver financial r",10189,301
GPT-feat-only,ternary,NEE,FLAT,"<reasoning>
Step 1 — EARNINGS SURPRISE  
No specific numbers are mentioned. The transcript tone is net positive, but both management and analyst sentiment are neutral, suggesting results likely met expectations rather than a clear beat or miss.

Step 2 — GUIDANCE  
No explicit guidance language is available. The modal language is mixed confidence, implying guidance was likely maintained or not materially changed.

Step 3 — TONE & LANGUAGE  
Management sentiment is neutral (+0.0000), and analyst ",747,207
GPT-speaker-seg,ternary,NEE,FLAT,"<reasoning>
Step 1 — EARNINGS SURPRISE  
No specific figures (revenue, EPS, margins) are quoted. No evidence of a beat or miss; transcript signals are neutral.

Step 2 — GUIDANCE  
No explicit mention of guidance being raised, maintained, or lowered. Guidance language is absent.

Step 3 — TONE & LANGUAGE  
Management and analyst tone are both neutral, with net sentiment at +0.0000. Modal language is mixed confidence, and overall transcript tone is net positive but only slightly (+0.0071). No str",726,192
GPT-contrastive,ternary,NEE,UP,"<reasoning>
Step 1 — EARNINGS SURPRISE  
Reported adjusted EPS increased nearly 9% year-over-year; FPL EPS up $0.07 YoY; Energy Resources adjusted earnings up nearly 10% YoY. No explicit mention of consensus, but ""solid first quarter results"" and ""out of the gate at 9%"" suggest results at least met, possibly modestly beat expectations.

Step 2 — GUIDANCE  
Guidance was maintained: ""Our long-term financial expectations remain unchanged. We will be disappointed if we are not able to deliver financ",10547,353
GPT-xgb-inject,ternary,NEE,UP,"<reasoning>
Step 1 — EARNINGS SURPRISE  
Adjusted EPS increased nearly 9% year-over-year; FPL EPS up $0.07 YoY; Energy Resources adjusted earnings up nearly 10% YoY. No explicit mention of consensus, but the language (""off to a strong start"", ""solid first quarter results"") and analyst reactions suggest results at least met, likely beat expectations.

Step 2 — GUIDANCE  
Guidance is maintained at the high end: ""We will be disappointed if we are not able to deliver financial results at or near the",10231,335
GPT-feat-inject,ternary,NEM,FLAT,"<reasoning>
Step 1 — EARNINGS SURPRISE  
Reported figures: ""record first quarter free cash flow"" ($1.2B), ""adjusted EBITDA of $2.6B"", ""adjusted net income of $1.25 per diluted share"", ""gold all-in sustaining costs remained in line with our full-year guidance at $1,651 per ounce"". No explicit mention of consensus estimates, but results are described as ""strong"" and ""record"", suggesting at least an in-line or modest beat. No evidence of a miss.

Step 2 — GUIDANCE  
Guidance: ""remain on track to de",10226,380
GPT-feat-only,ternary,NEM,FLAT,"<reasoning>
Step 1 — EARNINGS SURPRISE  
No specific numbers are mentioned. The overall transcript tone is neutral, with positive and negative language nearly balanced, suggesting results likely met expectations with no material beat or miss.

Step 2 — GUIDANCE  
No evidence of guidance being raised or lowered. Modal language is mixed, and the transcript does not indicate any change in outlook, implying guidance was likely maintained or absent.

Step 3 — TONE & LANGUAGE  
Management sentiment is",746,209
GPT-speaker-seg,ternary,NEM,FLAT,"<reasoning>
Step 1 — EARNINGS SURPRISE  
No specific figures for revenue, EPS, or margins are provided. The transcript tone and sentiment analysis indicate results were neither strongly positive nor negative, suggesting reported figures likely met expectations.

Step 2 — GUIDANCE  
No explicit mention of forward guidance being raised, maintained, or lowered. The absence of guidance change language implies guidance was likely maintained or not materially updated.

Step 3 — TONE & LANGUAGE  
Manag",725,203
GPT-contrastive,ternary,NEM,FLAT,"<reasoning>
Step 1 — EARNINGS SURPRISE  
Reported figures were strong: ""record first quarter free cash flow"" ($1.2B), ""adjusted EBITDA of $2.6B,"" ""adjusted net income of $1.25 per diluted share."" Production and costs were ""in line with our full-year guidance."" No explicit mention of a beat or miss, but results appear robust and at least in-line.

Step 2 — GUIDANCE  
Guidance was maintained: ""we remain on track to deliver on our full-year commitments,"" ""we remain on track to achieve our 2025 guid",10583,326
GPT-xgb-inject,ternary,NEM,UP,"<reasoning>
Step 1 — EARNINGS SURPRISE  
Reported figures: ""record first quarter free cash flow"", ""generated $2 billion of cash flow from operations and $1.2 billion in free cash flow, both first-quarter records"", ""adjusted EBITDA of $2.6 billion and adjusted net income of $1.25 per diluted share"". Gold production and all-in sustaining costs were ""in line with our full-year guidance"". No explicit mention of consensus estimates, but the language (""record"", ""robust"", ""strong financial results"") an",10270,388
GPT-feat-inject,ternary,NFLX,FLAT,"<reasoning>
Step 1 — EARNINGS SURPRISE  
No explicit numbers quoted in the transcript, but management notes ""we obviously beat a bit in operating income in Q1,"" and ""most of that was timing of spend."" This suggests a mild beat on operating income, but not a major revenue or EPS surprise. UCAN revenue growth decelerated to 9% YoY in Q1 from 15% in Q4, but this is attributed to pricing timing and NFL-related comps, not underlying weakness.

Step 2 — GUIDANCE  
Guidance is maintained: ""we're still ",8248,349
GPT-feat-only,ternary,NFLX,FLAT,"<reasoning>
Step 1 — EARNINGS SURPRISE  
No specific numbers are mentioned, and both management and analyst net sentiment are neutral (+0.0000), suggesting results were in-line with expectations and no material beat or miss.

Step 2 — GUIDANCE  
No evidence of guidance being raised or lowered; modal language is confident but not explicitly tied to guidance changes. Guidance appears to be maintained or absent.

Step 3 — TONE & LANGUAGE  
Overall transcript tone is net positive (+0.0137), with con",750,219
GPT-speaker-seg,ternary,NFLX,FLAT,"<reasoning>
Step 1 — EARNINGS SURPRISE  
No specific figures are quoted in the transcript. Pre-computed signals do not indicate a beat or miss; tone is neutral, suggesting results were in-line with expectations.

Step 2 — GUIDANCE  
No explicit mention of guidance being raised, maintained, or lowered. Management remarks are neutral, implying guidance was likely maintained or not materially changed.

Step 3 — TONE & LANGUAGE  
Overall transcript tone is net positive (+0.0137), but both management",729,202
GPT-contrastive,ternary,NFLX,FLAT,"<reasoning>
Step 1 — EARNINGS SURPRISE  
No explicit numbers quoted in the transcript, but management states: ""we obviously beat a bit in operating income in Q1. But at this point, most of that was...timing of spend, but still spend that we would expect to hit in the full year."" This suggests a mild beat on operating income, but not a material surprise, as the beat is attributed to expense timing rather than underlying business outperformance. UCAN revenue growth decelerated from 15% in Q4 to 9%",8603,384
GPT-xgb-inject,ternary,NFLX,UP,"<reasoning>
Step 1 — EARNINGS SURPRISE  
There is no explicit mention of headline EPS or revenue beats/misses in the transcript, but management notes: ""we obviously beat a bit in operating income in Q1. But at this point, most of that was...timing of spend."" This suggests a modest beat, primarily on expenses rather than revenue. UCAN revenue growth was 9% YoY in Q1, decelerating from 15% in Q4, but this is attributed to pricing timing and NFL-related comps, not underlying weakness.

Step 2 — GUI",8291,396
GPT-feat-inject,ternary,NVDA,UP,"<reasoning>
Step 1 — EARNINGS SURPRISE  
Reported Q4 revenue was $39.3 billion, up 12% sequentially and 78% year on year, and ""above our outlook, of $37.5 billion."" Data center revenue was a record $35.6 billion, up 16% sequentially and 93% year on year. Gross margins were 73% GAAP, 73.5% non-GAAP, ""down sequentially as expected"" due to Blackwell ramp. Overall, results beat expectations, especially on revenue.

Step 2 — GUIDANCE  
Forward guidance: ""Total revenue is expected to be $43 billion. P",9909,413
GPT-feat-only,ternary,NVDA,FLAT,"<reasoning>
Step 1 — EARNINGS SURPRISE  
No specific numbers are mentioned. The transcript tone is net positive, but management and analyst sentiment are both neutral, suggesting results likely met expectations rather than a material beat or miss.

Step 2 — GUIDANCE  
No evidence of guidance being raised or lowered. Modal language is mixed confidence, and management tone is neutral, implying guidance was likely maintained or not materially changed.

Step 3 — TONE & LANGUAGE  
Management sentimen",745,227
GPT-speaker-seg,ternary,NVDA,FLAT,"<reasoning>
Step 1 — EARNINGS SURPRISE  
No specific numbers are provided in the transcript. Pre-computed NLP signals do not indicate any clear beat or miss; sentiment is net positive but not strongly so. No evidence of a material surprise.

Step 2 — GUIDANCE  
No explicit mention of guidance being raised, maintained, or lowered. Management sentiment is neutral, suggesting guidance was likely maintained or not materially changed.

Step 3 — TONE & LANGUAGE  
Management and analyst tone are both n",724,212
GPT-contrastive,ternary,NVDA,UP,"<reasoning>
Step 1 — EARNINGS SURPRISE  
NVIDIA reported Q4 revenue of $39.3 billion, ""above our outlook, of $37.5 billion,"" and up 12% sequentially, 78% year-on-year. Fiscal 2025 revenue was $130.5 billion, up 114% from the prior year. Data center revenue was $35.6 billion, up 16% sequentially and 93% year-on-year. Gross margins were 73% GAAP, 73.5% non-GAAP, ""down sequentially as expected with our first deliveries of the Blackwell architecture."" Overall, results were well above expectations, e",10269,443
GPT-xgb-inject,ternary,NVDA,UP,"<reasoning>
Step 1 — EARNINGS SURPRISE  
NVIDIA reported Q4 revenue of $39.3 billion, up 12% sequentially and 78% year-on-year, and above their outlook of $37.5 billion. Data center revenue was $35.6 billion, up 16% sequentially and 93% year-on-year. Fiscal 2025 revenue was $130.5 billion, up 114% from the prior year. GAAP gross margin was 73%, non-GAAP 73.5%, down sequentially as expected due to Blackwell ramp. These figures represent a clear beat on both revenue and growth metrics.

Step 2 — G",9954,436
GPT-feat-inject,ternary,ORCL,UP,"<reasoning>
Step 1 — EARNINGS SURPRISE  
Oracle reported Q3 total revenues of $14.1 billion, up 8% YoY, and non-GAAP EPS of $1.47, up 4% in USD (7% in constant currency). GAAP EPS was $1.02, up 20% in USD. Gross profit dollars of cloud services and license support grew 10%. Operating margin was 44%, up slightly from last year. RPO (remaining performance obligations) surged to $130 billion, up 63% YoY. The transcript and Q&A repeatedly reference ""remarkable booking strength"" and ""unbelievable boo",7539,500
GPT-feat-only,ternary,ORCL,FLAT,"<reasoning>
Step 1 — EARNINGS SURPRISE  
No specific numbers are mentioned. The overall transcript tone is neutral, with positive and negative language roughly balanced. This suggests that reported figures likely met expectations, with no material beat or miss.

Step 2 — GUIDANCE  
There is no indication of guidance being raised, lowered, or changed. The modal language is mixed confidence, and the overall tone is neutral, implying that guidance was likely maintained or not materially updated.

S",745,236
GPT-speaker-seg,ternary,ORCL,FLAT,"<reasoning>
Step 1 — EARNINGS SURPRISE  
No specific figures for revenue, EPS, or margins are provided. Pre-computed NLP signals and transcript tone indicate results were in-line with expectations, with no evidence of a beat or miss.

Step 2 — GUIDANCE  
No explicit mention of forward guidance being raised, maintained, or lowered. The transcript and NLP signals do not reference any guidance change, suggesting guidance was likely maintained or absent.

Step 3 — TONE & LANGUAGE  
Management sentim",724,215
GPT-contrastive,ternary,ORCL,UP,"<reasoning>
Step 1 — EARNINGS SURPRISE  
Oracle reported Q3 revenue of $14.1 billion, up 8% YoY, and non-GAAP EPS of $1.47, up 4% in USD (7% in constant currency). GAAP EPS was $1.02, up 20% in USD (25% in constant currency). Cloud revenue was up 25% at $6.2 billion, with IaaS up 51%. Gross profit and operating income both grew, with operating margin at 44%, up slightly YoY. These numbers indicate a beat on growth metrics, especially in cloud and AI segments, though EPS growth was modest and aff",7898,471
GPT-xgb-inject,ternary,ORCL,UP,"<reasoning>
Step 1 — EARNINGS SURPRISE  
Oracle reported Q3 total revenues of $14.1 billion, up 8% YoY, and non-GAAP EPS of $1.47, up 4% in USD (7% in constant currency). GAAP EPS was $1.02, up 20% in USD (25% in constant currency). Gross profit dollars of cloud services and license support grew 10%. Operating income grew 9% with a margin of 44%, up slightly YoY. RPO (remaining performance obligations) surged to $130 billion, up 63% YoY. These numbers indicate a clear beat, especially on booking",7586,494
GPT-feat-inject,ternary,PEP,DOWN,"<reasoning>
Step 1 — EARNINGS SURPRISE  
No explicit EPS or revenue figures are quoted in the transcript, but management states: ""We put up 1% as we called out in the prepared remarks because our international quarter is only two months for the first quarter. If we included the third month in the first quarter, we would have grown too. So, we're solidly in the band of top line guidance that we gave back at the beginning of the year."" This suggests results met expectations, with no clear beat or ",8537,365
GPT-feat-only,ternary,PEP,FLAT,"<reasoning>
Step 1 — EARNINGS SURPRISE  
No specific numbers are mentioned. The transcript tone is net positive, but management and analyst sentiment are both neutral, suggesting results likely met expectations rather than a clear beat or miss.

Step 2 — GUIDANCE  
No evidence of guidance being raised or lowered. Modal language is mixed confidence, implying guidance was likely maintained or not materially changed.

Step 3 — TONE & LANGUAGE  
Management sentiment is neutral (+0.0000), and analyst",747,217
GPT-speaker-seg,ternary,PEP,FLAT,"<reasoning>
Step 1 — EARNINGS SURPRISE  
No specific figures are quoted, and there is no evidence of a beat or miss. The transcript signals do not indicate a material surprise; results likely met expectations.

Step 2 — GUIDANCE  
No explicit mention of guidance being raised, lowered, or maintained. Absence of guidance change suggests outlook is in-line.

Step 3 — TONE & LANGUAGE  
Overall transcript tone is net positive (+0.0083), but both management and analyst sentiment are neutral. Modal lan",726,194
GPT-contrastive,ternary,PEP,DOWN,"<reasoning>
Step 1 — EARNINGS SURPRISE  
No explicit mention of EPS or revenue beats/misses in the transcript. However, management states Q1 organic growth was 1% and ""solidly in the band of top line guidance,"" implying results were in line with expectations. No evidence of a material beat or miss.

Step 2 — GUIDANCE  
Guidance was lowered: ""the rationale behind the guidance adjustment that we announced today is really driven by three things... tariffs... heightened macro and consumer uncertaint",8897,279
GPT-xgb-inject,ternary,PEP,DOWN,"<reasoning>
Step 1 — EARNINGS SURPRISE  
No specific EPS or revenue numbers are quoted in the transcript, but management repeatedly references Q1 results as ""solidly in the band of top line guidance"" and ""put up 1% as we called out in the prepared remarks."" There is mention of subdued Frito North America performance and fixed cost deleverage, but no clear beat or miss. The overall tone suggests results were in line with expectations.

Step 2 — GUIDANCE  
Guidance was lowered: ""the rationale behi",8578,343
GPT-feat-inject,ternary,PFE,UP,"<reasoning>
Step 1 — EARNINGS SURPRISE  
Pfizer reported Q1 2025 revenues of $13.7 billion, a decline of 6% operationally, largely due to lower Paxlovid revenues and Medicare Part D redesign. However, adjusted diluted EPS was $0.92, ""ahead of our expectations due to overall strong gross margin and cost management performance."" Adjusted gross margin expanded to ~81%. Cost management and margin improvement were highlighted as outperforming internal targets. Several key products showed robust growt",14734,432
GPT-feat-only,ternary,PFE,FLAT,"<reasoning>
Step 1 — EARNINGS SURPRISE  
No specific numbers are mentioned, and both management and analyst net sentiment are neutral (+0.0000), suggesting results likely met expectations with no material beat or miss.

Step 2 — GUIDANCE  
No evidence of guidance change is present. Modal language is confident, but there is no indication of raised or lowered outlook; guidance appears to be maintained or absent.

Step 3 — TONE & LANGUAGE  
Overall transcript tone is net positive (+0.0059), with co",750,214
GPT-speaker-seg,ternary,PFE,FLAT,"<reasoning>
Step 1 — EARNINGS SURPRISE  
No specific figures are provided for revenue, EPS, or margins. There is no indication of a beat or miss; sentiment is neutral.

Step 2 — GUIDANCE  
No explicit mention of guidance being raised, maintained, or lowered. Guidance appears absent or unchanged.

Step 3 — TONE & LANGUAGE  
Management and analyst tone are both neutral, with no significant positive or negative sentiment. Confident modal language is present, but overall tone is in-line.

Step 4 — O",729,158
GPT-contrastive,ternary,PFE,UP,"<reasoning>
Step 1 — EARNINGS SURPRISE  
Pfizer reported Q1 2025 revenues of $13.7 billion, a decline of 6% operationally, largely due to lower Paxlovid revenues and Medicare Part D redesign. However, adjusted diluted EPS was $0.92, ""ahead of our expectations due to overall strong gross margin and cost management performance."" Adjusted gross margin expanded to ~81%. Operating expenses declined 12% operationally. The quarter exceeded internal expectations on both top-line and bottom-line, and man",15089,391
GPT-xgb-inject,ternary,PFE,DOWN,"<reasoning>
Step 1 — EARNINGS SURPRISE  
Pfizer reported Q1 2025 revenues of $13.7 billion, a decline of 6% operationally, mainly due to lower Paxlovid sales and Medicare Part D redesign. However, adjusted diluted EPS was $0.92, ""ahead of our expectations due to overall strong gross margin and cost management performance."" Gross margin expanded to ~81%. While EPS and margin beat internal expectations, revenue was down and in-line products growth was offset by declines in key products.

Step 2 — ",14777,372
GPT-feat-inject,ternary,PG,FLAT,"<reasoning>
Step 1 — EARNINGS SURPRISE  
Reported Q3 EPS was $1.54, up 1% vs prior year (currency-neutral), and core EPS increased 3%. Organic sales grew 1%. Core gross margin was down 30bps, core operating margin up 90bps. These results are described as ""in line"" with prior year, and there is no mention of a beat or miss versus consensus. The transcript repeatedly references volatility and softness in consumer demand, but also notes market share was held or grew in most categories.

Step 2 — GU",12163,476
GPT-feat-only,ternary,PG,FLAT,"<reasoning>
Step 1 — EARNINGS SURPRISE  
No specific numbers are provided, and there is no evidence of a beat or miss. The neutral tone from both management and analysts suggests results were in line with expectations.

Step 2 — GUIDANCE  
No explicit guidance change is indicated. The transcript features confident modal language but lacks any mention of raised or lowered outlook, implying guidance was likely maintained.

Step 3 — TONE & LANGUAGE  
Overall transcript tone is net positive, with co",752,191
GPT-speaker-seg,ternary,PG,FLAT,"<reasoning>
Step 1 — EARNINGS SURPRISE  
No specific numbers are provided in the transcript, and there is no mention of a beat or miss. The absence of surprise language suggests results were in-line with expectations.

Step 2 — GUIDANCE  
No explicit guidance change is noted. There is no language indicating that forward guidance was raised, maintained, or lowered. This implies guidance was likely maintained or not materially updated.

Step 3 — TONE & LANGUAGE  
Overall transcript tone is net pos",731,208
GPT-contrastive,ternary,PG,FLAT,"<reasoning>
Step 1 — EARNINGS SURPRISE  
Reported Q3 EPS was $1.54, up 1% YoY (core EPS up 3%). Organic sales grew 1%. Core gross margin was down 30bps, core operating margin up 90bps. These results are modest and appear in line with expectations, with no mention of a beat or miss. Management notes ""results...heavily impacted by consumer and retail volatility,"" and that ""volume and mix were in line with the prior year."" No evidence of a material surprise.

Step 2 — GUIDANCE  
Guidance was revise",12518,500
GPT-xgb-inject,ternary,PG,FLAT,"<reasoning>
Step 1 — EARNINGS SURPRISE  
Reported Q3 EPS was $1.54, up 1% YoY (currency-neutral), and core EPS up 3%. Organic sales grew 1%. Core gross margin was down 30bps, but core operating margin increased 90bps. These results are modest and broadly in line with expectations, with no clear evidence of a beat or miss. Management notes ""pleased with the results...in a very challenging and volatile environment,"" suggesting results were not disappointing but not materially above consensus.

Ste",12206,421
GPT-feat-inject,ternary,PH,DOWN,"<reasoning>
Step 1 — EARNINGS SURPRISE  
Reported Q3 adjusted EPS was $6.94, up 7% YoY, with record adjusted segment operating margin of 26.3% (up 160bps), and adjusted EBITDA margin of 27%. Net income was $904M (18.2% ROS). Order rates increased 9%. Management repeatedly described the quarter as ""record-setting"" and ""strong,"" but sales were down 2% YoY, mainly due to divestitures. Organic growth was positive at 1%. No explicit mention of consensus expectations, but analyst reactions (""another n",11695,500
GPT-feat-only,ternary,PH,FLAT,"<reasoning>
Step 1 — EARNINGS SURPRISE  
No specific numbers are mentioned. The transcript tone is net positive, but both management and analyst sentiment are neutral, suggesting results likely met expectations rather than a material beat or miss.

Step 2 — GUIDANCE  
No explicit guidance change is indicated. Hedged modal language (""may"", ""could"", ""might"") dominates, implying management did not raise or lower outlook, and guidance was likely maintained or absent.

Step 3 — TONE & LANGUAGE  
Mana",757,249
GPT-speaker-seg,ternary,PH,FLAT,"<reasoning>
Step 1 — EARNINGS SURPRISE  
No specific figures for revenue, EPS, or margins are provided. No evidence of a beat or miss; transcript signals suggest results were in-line with expectations.

Step 2 — GUIDANCE  
No explicit mention of guidance being raised, maintained, or lowered. Absence of guidance change language implies guidance was likely maintained.

Step 3 — TONE & LANGUAGE  
Overall transcript tone is net positive (+0.0067), but management and analyst sentiment are both neutra",736,187
GPT-contrastive,ternary,PH,UP,"<reasoning>
Step 1 — EARNINGS SURPRISE  
Reported Q3 results were strong: record adjusted segment operating margin of 26.3% (up 160bps), adjusted EBITDA margin of 27% (up 150bps), net income $904M (18.2% ROS), adjusted EPS up 7% to $6.94. Order rates increased to 9%. Aerospace sales up 12% organically, industrial segments delivered record margins despite topline softness. No explicit mention of consensus, but language (""record results"", ""exceeded expectations"", ""another quarter of continued marg",12046,500
GPT-xgb-inject,ternary,PH,UP,"<reasoning>
Step 1 — EARNINGS SURPRISE  
Reported Q3 adjusted EPS up 7% to $6.94, record adjusted segment operating margin of 26.3% (up 160bps), adjusted EBITDA margin of 27% (up 150bps), and net income of $904M (18.2% ROS). Order rates increased 9%. While sales were down 2% YoY (mainly due to divestitures), organic growth was positive at 1%. Margins and EPS growth exceeded expectations, especially given the topline softness. Analyst comments (""congratulations on another nice quarter"") and manag",11731,500
GPT-feat-inject,ternary,PLD,FLAT,"<reasoning>
Step 1 — EARNINGS SURPRISE  
Prologis reported Core FFO per share of $1.42 (including net promotes) and $1.43 (excluding net promotes), ""each ahead of our forecast."" Occupancy ended at 95.2%, down 70bps from year-end but ""better than expected due principally to strong retention."" Net effective rent change was 54%, cash basis 32%. Same-store growth was 5.9% (net effective) and 6.2% (cash). Overall, Q1 results beat expectations.

Step 2 — GUIDANCE  
Management stated: ""we would have ra",8975,438
GPT-feat-only,ternary,PLD,DOWN,"<reasoning>
Step 1 — EARNINGS SURPRISE  
No specific numbers are mentioned. The overall transcript tone is net negative, which suggests the reported figures likely missed expectations or were at least disappointing.

Step 2 — GUIDANCE  
No explicit guidance language is available. The mixed confidence modal language and net negative tone imply that guidance was either maintained with caution or possibly lowered, but not raised.

Step 3 — TONE & LANGUAGE  
Management sentiment is neutral (net sent",747,215
GPT-speaker-seg,ternary,PLD,FLAT,"<reasoning>
Step 1 — EARNINGS SURPRISE  
No specific figures are provided, and NLP signals do not indicate a clear beat or miss. The transcript tone is net negative, suggesting results may have been below expectations or at best in-line.

Step 2 — GUIDANCE  
No explicit mention of guidance being raised, maintained, or lowered. Absence of positive guidance language implies guidance was likely maintained or not updated.

Step 3 — TONE & LANGUAGE  
Management and analyst sentiment are both neutral,",726,207
GPT-contrastive,ternary,PLD,FLAT,"<reasoning>
Step 1 — EARNINGS SURPRISE  
Prologis reported Core FFO of $1.42/$1.43 per share, ""each ahead of our forecast."" Occupancy ended at 95.2%, ""down 70 basis points from year-end, which was better than expected due principally to strong retention."" Net effective rent change was 54%, cash basis 32%. Same-store growth was 5.9% (net effective) and 6.2% (cash). These are strong numbers, beating internal expectations.

Step 2 — GUIDANCE  
Management stated: ""We would have raised our expectatio",9335,437
GPT-xgb-inject,ternary,PLD,DOWN,"<reasoning>
Step 1 — EARNINGS SURPRISE  
Prologis delivered a ""very strong quarter,"" with Core FFO per share ($1.42 including net promotes, $1.43 excluding) ""each ahead of our forecast."" Occupancy ended at 95.2%, ""down 70 basis points from year-end, which was better than expected due principally to strong retention."" Net effective rent change was 54%, cash basis 32%. Same-store growth was 5.9% (net effective) and 6.2% (cash). These results clearly beat internal expectations and likely consensus.",9021,500
GPT-feat-inject,ternary,PLTR,UP,"<reasoning>
Step 1 — EARNINGS SURPRISE  
Reported figures beat expectations. Revenue growth accelerated to 39% year-over-year, exceeding the high end of prior guidance by nearly 350 basis points. US commercial revenue grew 71% year-over-year and 19% sequentially. Adjusted operating margin was 44%, up 800 basis points YoY. Adjusted EPS was $0.13, GAAP EPS $0.08. Rule of 40 score expanded to 83%. These are strong beats across key metrics.

Step 2 — GUIDANCE  
Forward guidance was raised: ""we're ra",7937,369
GPT-feat-only,ternary,PLTR,FLAT,"<reasoning>
Step 1 — EARNINGS SURPRISE  
No specific numbers are mentioned. The overall transcript tone is neutral, with positive and negative language roughly balanced, suggesting results likely met expectations with no material beat or miss.

Step 2 — GUIDANCE  
No evidence of guidance being raised or lowered. Modal language is mixed, and the uncertainty ratio is moderate, indicating guidance was likely maintained or not materially changed.

Step 3 — TONE & LANGUAGE  
Management sentiment is n",748,197
GPT-speaker-seg,ternary,PLTR,FLAT,"<reasoning>
Step 1 — EARNINGS SURPRISE  
No specific figures are provided for revenue, EPS, or margins. The transcript tone and NLP signals do not indicate a material beat or miss; sentiment is neutral, suggesting results were in line with expectations.

Step 2 — GUIDANCE  
No explicit mention of guidance being raised, maintained, or lowered. The absence of guidance change language implies guidance was likely maintained or not materially updated.

Step 3 — TONE & LANGUAGE  
Management sentiment ",727,207
GPT-contrastive,ternary,PLTR,UP,"<reasoning>
Step 1 — EARNINGS SURPRISE  
Palantir reported Q1 revenue growth of 39% year-over-year, exceeding the high end of prior guidance by nearly 350 basis points. US commercial revenue grew 71% year-over-year and 19% sequentially, with adjusted operating margin at 44% (up 800bps YoY). Adjusted EPS was $0.13, GAAP EPS $0.08. These results are well above expectations, with multiple references to ""exceptional first quarter"" and ""outperformance.""

Step 2 — GUIDANCE  
Guidance was raised across",8296,372
GPT-xgb-inject,ternary,PLTR,UP,"<reasoning>
Step 1 — EARNINGS SURPRISE  
Palantir reported Q1 revenue growth of 39% year-over-year, exceeding the high end of prior guidance by nearly 350 basis points. US commercial revenue grew 71% year-over-year and 19% sequentially, surpassing $1 billion annual run rate for the first time. Adjusted operating margin was 44%, up 800 basis points YoY. Adjusted EPS was $0.13, GAAP EPS $0.08. These results are described as ""exceptional"" and ""outperformance,"" indicating a clear beat on both top-li",7977,426
GPT-feat-inject,ternary,PM,UP,"<reasoning>
Step 1 — EARNINGS SURPRISE  
PM delivered a ""very strong start to the year"" with double-digit increases in organic net revenue (+10.2%), operating income (+16%), and adjusted diluted EPS (+17.3% constant currency, +12.7% in dollar terms, $1.69). Gross margin expanded by 670 basis points in smoke-free, surpassing 70%. These results were described as ""stronger than expected,"" indicating a clear beat.

Step 2 — GUIDANCE  
Forward guidance was raised: ""we are raising our 2025 adjusted di",9666,348
GPT-feat-only,ternary,PM,FLAT,"<reasoning>
Step 1 — EARNINGS SURPRISE  
No specific numbers are provided, and both management and analyst net sentiment are neutral (+0.0000). This suggests reported figures likely met expectations, with no material beat or miss.

Step 2 — GUIDANCE  
No evidence of guidance change is present. The transcript features mixed confidence language, but no clear indication of raised or lowered outlook. This implies guidance was likely maintained or not materially updated.

Step 3 — TONE & LANGUAGE  
O",745,224
GPT-speaker-seg,ternary,PM,FLAT,"<reasoning>
Step 1 — EARNINGS SURPRISE  
No specific figures are provided for revenue, EPS, or margins. There is no evidence of a beat or miss; the transcript signals are neutral.

Step 2 — GUIDANCE  
No explicit mention of forward guidance being raised, maintained, or lowered. Guidance language is absent.

Step 3 — TONE & LANGUAGE  
Overall transcript tone is net positive (+0.0159), but both management and analyst sentiment are neutral (+0.0000). Modal language is mixed confidence, and uncertai",724,189
GPT-contrastive,ternary,PM,UP,"<reasoning>
Step 1 — EARNINGS SURPRISE  
PM delivered a ""very strong start to the year"" with double-digit increases in organic net revenue (+10.2%), operating income (+16%), and adjusted diluted EPS (+17.3% constant currency, +12.7% dollar terms, $1.69). Organic gross margin expanded by 670 basis points for smoke-free, now above 70%. These results were described as ""stronger than expected,"" especially for ZYN and smoke-free categories.

Step 2 — GUIDANCE  
Forward guidance was raised: ""we are ra",10026,357
GPT-xgb-inject,ternary,PM,UP,"<reasoning>
Step 1 — EARNINGS SURPRISE  
PM delivered a ""very strong start to the year"" with double-digit increases in organic net revenue (+10.2%), operating income (+16%), and adjusted diluted EPS (+17.3% constant currency, +12.7% in dollar terms, $1.69). Smoke-free business gross profit up +33%, gross margin expansion of +670bps, and overall margin expansion of +250bps. These results are described as ""stronger than expected performance,"" indicating a beat.

Step 2 — GUIDANCE  
Forward guidanc",9712,430
GPT-feat-inject,ternary,PWR,UP,"<reasoning>
Step 1 — EARNINGS SURPRISE  
Reported Q1 2025 results included ""robust double-digit growth in revenue, adjusted EBITDA and adjusted earnings per share,"" with revenue of $6.2 billion, net income of $144 million ($0.96 per diluted share), and adjusted EPS of $1.78. Management described the quarter as ""strong"" and ""record financial metrics,"" but did not explicitly state a beat versus consensus. However, the language and context suggest results were at least in line, possibly modestly ab",9562,379
GPT-feat-only,ternary,PWR,FLAT,"<reasoning>
Step 1 — EARNINGS SURPRISE  
No specific numbers are mentioned. The overall transcript tone is neutral, with positive and negative language roughly balanced, suggesting results likely met expectations with no material beat or miss.

Step 2 — GUIDANCE  
No evidence of guidance being raised or lowered. Modal language is mixed, and the uncertainty ratio is moderate, indicating guidance was likely maintained or not materially changed.

Step 3 — TONE & LANGUAGE  
Management sentiment is n",748,203
GPT-speaker-seg,ternary,PWR,FLAT,"<reasoning>
Step 1 — EARNINGS SURPRISE  
No specific figures are provided for revenue, EPS, or margins. The transcript tone and sentiment analysis indicate results were neither strongly positive nor negative, suggesting reported figures likely met expectations.

Step 2 — GUIDANCE  
No explicit mention of guidance being raised, maintained, or lowered. The absence of guidance change language implies guidance was likely maintained or not materially updated.

Step 3 — TONE & LANGUAGE  
Management se",727,184
GPT-contrastive,ternary,PWR,UP,"<reasoning>
Step 1 — EARNINGS SURPRISE  
Quanta reported ""robust double-digit growth in revenue, adjusted EBITDA and adjusted earnings per share,"" with Q1 revenues of $6.2 billion, net income of $144 million ($0.96 per diluted share), and adjusted EPS of $1.78. Adjusted EBITDA was $504 million (8.1% of revenues). The transcript and tone indicate a beat, as management highlights record backlog and financial metrics, but no explicit mention of consensus estimates or a ""beat"" vs. expectations.

Ste",9921,366
GPT-xgb-inject,ternary,PWR,UP,"<reasoning>
Step 1 — EARNINGS SURPRISE  
Quanta reported ""robust double-digit growth in revenue, adjusted EBITDA and adjusted earnings per share,"" with Q1 revenues of $6.2 billion, net income of $144 million ($0.96 per diluted share), and adjusted EPS of $1.78. Management described the quarter as ""strong"" and ""record backlog of $35.3 billion."" No explicit mention of consensus, but the tone and language (""record financial metrics,"" ""strong first quarter results"") strongly imply a beat.

Step 2 — ",9610,411
GPT-feat-inject,ternary,RTX,UP,"<reasoning>
Step 1 — EARNINGS SURPRISE  
Reported Q1 adjusted sales of $20.3B were up 5% (8% organically), segment operating profit up 18%, segment margin expanded 120bps, adjusted EPS of $1.47 up 10% y/y. All segments showed margin expansion. Analyst comments (""Nice results"") and management language (""strong financial and operational performance"") indicate a beat or at least a solid quarter.

Step 2 — GUIDANCE  
Guidance was maintained, with explicit language: ""Turning to Collins' full year out",11937,366
GPT-feat-only,ternary,RTX,FLAT,"<reasoning>
Step 1 — EARNINGS SURPRISE  
No specific numbers are mentioned. The neutral management and analyst sentiment, combined with mixed confidence language, suggests results were likely in-line with expectations, with no material beat or miss.

Step 2 — GUIDANCE  
No evidence of guidance being raised or lowered. The transcript features mixed confidence language and no strong positive or negative signals, implying guidance was likely maintained or not materially changed.

Step 3 — TONE & LA",743,224
GPT-speaker-seg,ternary,RTX,FLAT,"<reasoning>
Step 1 — EARNINGS SURPRISE  
No specific figures (revenue, EPS, margins) are quoted in the transcript or NLP summary. There is no indication of a beat or miss; results appear to have met expectations.

Step 2 — GUIDANCE  
No explicit mention of forward guidance being raised, maintained, or lowered. Guidance language is absent or unchanged.

Step 3 — TONE & LANGUAGE  
Management and analyst tone are both neutral, with net sentiment scores at +0.0000. The overall transcript tone is net",722,204
GPT-contrastive,ternary,RTX,UP,"<reasoning>
Step 1 — EARNINGS SURPRISE  
Reported Q1 adjusted sales of $20.3B were up 5% (8% organic), segment operating profit up 18%, segment margin expanded 120bps, adjusted EPS of $1.47 up 10% y/y. All segments showed margin expansion. Analyst comments (""Nice results"") and management language (""strong financial and operational performance"") indicate results at least met, possibly modestly beat expectations.

Step 2 — GUIDANCE  
Guidance was maintained, with explicit language: ""Excluding the ",12297,375
GPT-xgb-inject,ternary,RTX,UP,"<reasoning>
Step 1 — EARNINGS SURPRISE  
Reported Q1 results were strong: 8% organic sales growth, 120 bps segment margin expansion, adjusted EPS of $1.47 up 10% YoY, segment operating profit up 18%. Free cash flow improved by $900M YoY. All business segments showed margin expansion. Analyst comments (""Nice results"") and management's repeated emphasis on ""strong performance"" suggest a beat or at least a solid meet.

Step 2 — GUIDANCE  
Guidance was maintained, with explicit language: ""Excluding ",11983,410
GPT-feat-inject,ternary,SBUX,DOWN,"<reasoning>
Step 1 — EARNINGS SURPRISE  
Reported Q2 revenue was $8.8 billion (up 3% YoY), global comparable store sales declined 1%, US comps down 2%, EPS was $0.41 (down 38% YoY), and operating margin contracted to 8.2% (down 450bps YoY). Management repeatedly described results as ""disappointing"" and ""far below our capability,"" indicating a clear miss versus expectations.

Step 2 — GUIDANCE  
No explicit forward guidance was given. New CFO stated: ""it would be premature for me to provide such ",12428,381
GPT-feat-only,ternary,SBUX,FLAT,"<reasoning>
Step 1 — EARNINGS SURPRISE  
No specific numbers are mentioned. The neutral management and analyst sentiment, combined with mixed confidence language, suggests results were likely in-line with expectations, with no clear evidence of a beat or miss.

Step 2 — GUIDANCE  
No explicit guidance change is indicated. The transcript features mixed confidence language and no strong positive or negative signals, implying guidance was likely maintained or not materially changed.

Step 3 — TONE ",746,231
GPT-speaker-seg,ternary,SBUX,FLAT,"<reasoning>
Step 1 — EARNINGS SURPRISE  
No specific numbers or beats/misses are mentioned. The transcript signals do not indicate a material surprise in revenue, EPS, or margins.

Step 2 — GUIDANCE  
No explicit guidance change is noted. There is no language indicating raised, maintained, or lowered outlook.

Step 3 — TONE & LANGUAGE  
Management and analyst tone are both neutral, with net sentiment at +0.0000. The overall transcript tone is net positive (+0.0162), but modal language is mixed c",725,192
GPT-contrastive,ternary,SBUX,DOWN,"<reasoning>
Step 1 — EARNINGS SURPRISE  
Reported Q2 revenue was $8.8 billion (up 3% YoY), global comparable store sales declined 1%, US comps down 2%, EPS was $0.41 (down 38% YoY), and operating margin contracted 450bps to 8.2%. Management repeatedly described results as ""disappointing"" and ""far below our capability,"" indicating a clear miss versus expectations.

Step 2 — GUIDANCE  
No explicit forward guidance was given. New CFO stated, ""it would be premature for me to provide such insights,"" ",12792,349
GPT-xgb-inject,ternary,SBUX,DOWN,"<reasoning>
Step 1 — EARNINGS SURPRISE  
Reported Q2 revenue was $8.8 billion (up 3% YoY in constant currency), but global comparable store sales declined 1%, US comps down 2%, and EPS was $0.41, down 38% YoY. Operating margin contracted 450bps to 8.2%. Management repeatedly described results as ""disappointing"" and ""far below our capability."" This is a clear miss versus expectations.

Step 2 — GUIDANCE  
No explicit quantitative guidance was given. New CFO stated: ""it would be premature for me t",12468,403
GPT-feat-inject,ternary,SCHW,UP,"<reasoning>
Step 1 — EARNINGS SURPRISE  
Reported Q1 2025 revenue grew 18% YoY to $5.6B, adjusted EPS up 41% YoY to $1.04, and record net revenues. Management repeatedly described results as ""record"" and ""strong,"" indicating a clear beat versus expectations. Analyst questions did not challenge the numbers, suggesting consensus was exceeded.

Step 2 — GUIDANCE  
Guidance was constructive but not formally raised: ""We expect strong revenue and earnings expansion in 2025,"" and ""currently tracking ar",10804,331
GPT-feat-only,ternary,SCHW,FLAT,"<reasoning>
Step 1 — EARNINGS SURPRISE  
No specific numbers are mentioned. The transcript tone is net positive, but management and analyst sentiment are both neutral, suggesting results likely met expectations rather than a clear beat or miss.

Step 2 — GUIDANCE  
No evidence of guidance being raised, lowered, or changed. Modal language is mixed, indicating no strong forward-looking statements. Guidance appears to be maintained or absent.

Step 3 — TONE & LANGUAGE  
Management sentiment is neut",747,216
GPT-speaker-seg,ternary,SCHW,FLAT,"<reasoning>
Step 1 — EARNINGS SURPRISE  
No specific figures are provided in the transcript. Pre-computed signals do not indicate a beat or miss; tone is neutral, suggesting results likely met expectations.

Step 2 — GUIDANCE  
No explicit mention of guidance being raised, maintained, or lowered. Absence of guidance change implies no material update.

Step 3 — TONE & LANGUAGE  
Management and analyst sentiment are both neutral (net sentiment +0.0000). Modal language is mixed confidence, with no ",726,178
GPT-contrastive,ternary,SCHW,UP,"<reasoning>
Step 1 — EARNINGS SURPRISE  
Reported Q1 2025 revenue increased 18% year-over-year to $5.6 billion, and adjusted EPS increased 41% over Q1 2024 to $1.04. Management repeatedly described these as ""record"" results and ""strong financial performance."" No mention of missing or merely meeting expectations; the language and numbers strongly imply a beat.

Step 2 — GUIDANCE  
Guidance was maintained at the upper end of the previously outlined range: ""the combination of our strong 1Q '25 resu",11164,340
GPT-xgb-inject,ternary,SCHW,UP,"<reasoning>
Step 1 — EARNINGS SURPRISE  
Reported Q1 2025 results were very strong: year-over-year revenue growth of 18% ($5.6 billion), adjusted EPS up 41% ($1.04), record net revenues, and a 46.2% adjusted pretax profit margin (up 500bps YoY). Management repeatedly described results as ""record,"" ""strong,"" and ""robust,"" and analysts did not challenge the numbers. These figures clearly beat expectations.

Step 2 — GUIDANCE  
Guidance was constructive: ""we expect strong revenue and earnings expan",10852,364
GPT-feat-inject,ternary,SHW,FLAT,"<reasoning>
Step 1 — EARNINGS SURPRISE  
Sherwin-Williams reported adjusted EPS up 3.7% to $2.25/share, gross margin expanded, SG&A decreased, and EBITDA margin improved. Sales were ""within our guided range,"" with Paint Stores Group showing growth but softness in other segments. No explicit mention of a beat or miss, but results appear in-line to modestly positive.

Step 2 — GUIDANCE  
Management ""reaffirmed the full year sales and earnings per share guidance"" provided in January; no raise or cu",11225,309
GPT-feat-only,ternary,SHW,FLAT,"<reasoning>
Step 1 — EARNINGS SURPRISE  
No specific numbers are mentioned. The overall transcript tone is net positive, but both management and analyst sentiment are neutral, suggesting results likely met expectations without a material beat or miss.

Step 2 — GUIDANCE  
No evidence of guidance being raised or lowered. Modal language is mixed confidence, implying guidance was likely maintained or not materially changed.

Step 3 — TONE & LANGUAGE  
Management sentiment is neutral, and analyst to",748,186
GPT-speaker-seg,ternary,SHW,FLAT,"<reasoning>
Step 1 — EARNINGS SURPRISE  
No specific figures (revenue, EPS, margins) are quoted in the transcript. No evidence of a beat or miss; signals suggest results were in-line with expectations.

Step 2 — GUIDANCE  
No explicit mention of guidance being raised, maintained, or lowered. Absence of guidance change language indicates guidance was likely maintained or not materially updated.

Step 3 — TONE & LANGUAGE  
Management and analyst tone are both neutral, with net sentiment at +0.0000",727,188
GPT-contrastive,ternary,SHW,FLAT,"<reasoning>
Step 1 — EARNINGS SURPRISE  
Sherwin-Williams reported Q1 adjusted EPS up 3.7% to $2.25/share, with gross margin and EBITDA margin expanding. Sales were ""within our guided range,"" Paint Stores Group grew, but other segments were soft. No explicit beat or miss; results appear in-line with expectations, with modest EPS growth.

Step 2 — GUIDANCE  
Guidance was reaffirmed: ""we are reaffirming the full year sales and earnings per share guidance we provided in January."" No raise or cut; o",11583,309
GPT-xgb-inject,ternary,SHW,UP,"<reasoning>
Step 1 — EARNINGS SURPRISE  
Sherwin-Williams reported Q1 adjusted EPS up 3.7% to $2.25/share, gross margin expanded, SG&A decreased, and EBITDA margin improved. Sales were ""within our guided range,"" with Paint Stores Group showing growth offset by softness in other segments. No explicit mention of a beat or miss, but results appear in-line to modestly positive, especially on margin and cost control.

Step 2 — GUIDANCE  
Guidance was reaffirmed: ""we are reaffirming the full year sale",11270,361
GPT-feat-inject,ternary,SO,FLAT,"<reasoning>
Step 1 — EARNINGS SURPRISE  
Southern Company reported Q1 2025 adjusted EPS of $1.23 per share, which was $0.03 above their estimate and $0.20 higher than Q1 2024. Management described results as ""above our estimate, with year-over-year growth reflected across all our major businesses."" This is a mild beat, but not a major surprise.

Step 2 — GUIDANCE  
Guidance was maintained: ""Our financial outlook remains strong, and we remain focused on disciplined execution."" No explicit raise o",8445,351
GPT-feat-only,ternary,SO,FLAT,"<reasoning>
Step 1 — EARNINGS SURPRISE  
No specific numbers are mentioned, and the overall transcript tone is neutral with positive and negative language roughly balanced. This suggests reported figures likely met expectations, with no material beat or miss.

Step 2 — GUIDANCE  
There is no indication of guidance being raised, lowered, or changed. The modal language is mixed confidence, and no explicit guidance action is referenced, implying guidance was likely maintained or absent.

Step 3 — T",745,247
GPT-speaker-seg,ternary,SO,FLAT,"<reasoning>
Step 1 — EARNINGS SURPRISE  
No specific figures for revenue, EPS, or margins are provided. There is no indication of a beat or miss; results likely met expectations.

Step 2 — GUIDANCE  
No explicit mention of forward guidance being raised, maintained, or lowered. Guidance appears absent or unchanged.

Step 3 — TONE & LANGUAGE  
Transcript tone is neutral, with positive and negative language roughly balanced. Management and analyst sentiment are both neutral, with mixed confidence l",724,176
GPT-contrastive,ternary,SO,FLAT,"<reasoning>
Step 1 — EARNINGS SURPRISE  
Southern Company reported Q1 2025 adjusted EPS of $1.23, which was $0.03 above their estimate and $0.20 higher than Q1 2024. Management explicitly stated ""we reported adjusted earnings results for the first quarter above our estimate, with year-over-year growth reflected across all our major businesses."" This is a mild beat, but not a large surprise.

Step 2 — GUIDANCE  
Guidance was maintained: ""Our financial outlook remains strong, and we remain focused",8802,345
GPT-xgb-inject,ternary,SO,UP,"<reasoning>
Step 1 — EARNINGS SURPRISE  
Southern Company reported adjusted EPS of $1.23 for Q1 2025, which was $0.03 above their estimate and $0.20 higher than Q1 2024. Management explicitly stated: ""we reported adjusted earnings results for the first quarter above our estimate, with year-over-year growth reflected across all our major businesses."" This is a clear beat.

Step 2 — GUIDANCE  
Guidance was maintained, not raised. Management said: ""Our financial outlook remains strong, and we remai",8495,340
GPT-feat-inject,ternary,SPG,FLAT,"<reasoning>
Step 1 — EARNINGS SURPRISE  
Reported real estate FFO was $2.95 per share vs. $2.91 prior year (modest YoY growth). However, first quarter funds from operation were $2.67 per share vs. $3.56 last year, but last year included $0.81 per share in after-tax net gains from asset sales, so the core result is in-line. Lease income up 5%, occupancy up, rents up, NOI up 3.4% YoY. No clear beat or miss; results appear to have met expectations.

Step 2 — GUIDANCE  
Management reaffirmed full-ye",9067,370
GPT-feat-only,ternary,SPG,FLAT,"<reasoning>
Step 1 — EARNINGS SURPRISE  
No specific numbers are mentioned. The overall transcript tone is neutral, with positive and negative language roughly balanced. This suggests that reported figures likely met expectations, with no material beat or miss.

Step 2 — GUIDANCE  
There is no evidence of guidance being raised or lowered. Hedged modal language dominates, indicating that management may have maintained or provided cautious guidance, but nothing definitive or surprising.

Step 3 — ",757,240
GPT-speaker-seg,ternary,SPG,FLAT,"<reasoning>
Step 1 — EARNINGS SURPRISE  
No specific figures are provided. NLP signals and transcript tone indicate results were in-line with expectations; no evidence of a material beat or miss.

Step 2 — GUIDANCE  
No explicit mention of guidance being raised, lowered, or maintained. Absence of guidance change suggests status quo.

Step 3 — TONE & LANGUAGE  
Management and analyst sentiment are both neutral, with hedged language dominating. No confident or defensive tone; analyst Q&A does not ",736,164
GPT-contrastive,ternary,SPG,FLAT,"<reasoning>
Step 1 — EARNINGS SURPRISE  
Reported real estate FFO was $2.95 per share in Q1 vs. $2.91 prior year (modest growth), but headline FFO was $2.67 per share vs. $3.56 prior year (prior year included $0.81 per share in gains from asset sales). Lease income up 5%, occupancy up, NOI up 3.4% domestically, 3.6% portfolio-wide. Results described as ""exceeded our plan,"" but no explicit beat vs. analyst consensus; sales per square foot and traffic are flat to slightly up. Overall, results are ",9417,403
GPT-xgb-inject,ternary,SPG,FLAT,"<reasoning>
Step 1 — EARNINGS SURPRISE  
Reported real estate FFO was $2.95 per share in Q1, up from $2.91 last year. Domestic and international operations contributed $0.14 of growth, driven by a 5% increase in lease income. Occupancy and rents were up modestly. However, first quarter funds from operation were $2.67 per share, down from $3.56 last year, but last year included $0.81 per share in after-tax net gains from asset sales. Adjusting for these one-offs, results appear in-line to slightl",9107,415
GPT-feat-inject,ternary,SPGI,FLAT,"<reasoning>
Step 1 — EARNINGS SURPRISE  
Reported Q1 results were strong: revenue up 8% YoY, adjusted diluted EPS up 9%, margin expansion of 100bps YoY and 240bps TTM, with growth in all five divisions. Management described results as ""solid"" and ""impressive start to 2025."" No explicit mention of consensus, but the language and numbers suggest a beat or at least a solid meet.

Step 2 — GUIDANCE  
Guidance was modestly lowered for some divisions: ""Given our new debt issuance expectations and the ",13078,424
GPT-feat-only,ternary,SPGI,FLAT,"<reasoning>
Step 1 — EARNINGS SURPRISE  
No specific numbers are mentioned, and both management and analyst net sentiment are neutral (+0.0000). This suggests results were in line with expectations, with no material beat or miss.

Step 2 — GUIDANCE  
No evidence of guidance being raised or lowered. Modal language is mixed confidence, implying guidance was likely maintained or not materially changed.

Step 3 — TONE & LANGUAGE  
Overall transcript tone is net positive (+0.0088), but management and",746,208
GPT-speaker-seg,ternary,SPGI,FLAT,"<reasoning>
Step 1 — EARNINGS SURPRISE  
No specific figures are provided for revenue, EPS, or margins. There is no evidence of a beat or miss; the transcript signals are neutral.

Step 2 — GUIDANCE  
No explicit mention of guidance being raised, maintained, or lowered. Guidance language is absent.

Step 3 — TONE & LANGUAGE  
Management and analyst tone are both neutral, with net sentiment at +0.0000. The overall transcript tone is net positive (+0.0088), but modal language is mixed confidence, ",725,196
GPT-contrastive,ternary,SPGI,FLAT,"<reasoning>
Step 1 — EARNINGS SURPRISE  
Reported figures were strong: Q1 revenue up 8% YoY, adjusted diluted EPS up 9%, margin expansion of 100bps in the quarter and 240bps trailing twelve months, with all five divisions showing growth. Management and CFO repeatedly described results as ""solid,"" ""impressive,"" and ""very strong."" No explicit mention of consensus, but tone and numbers suggest a beat or at least a solid meet.

Step 2 — GUIDANCE  
Guidance was modestly lowered for ratings and indice",13438,433
GPT-xgb-inject,ternary,SPGI,UP,"<reasoning>
Step 1 — EARNINGS SURPRISE  
Reported Q1 revenue increased 8% YoY, adjusted diluted EPS grew 9%, and trailing twelve-month margin expanded 240bps to a record 49.3%. All five divisions showed growth, with indices revenue up 15%, commodity insights up 9%, and mobility up 9%. Management repeatedly described results as ""strong"" and ""impressive,"" and there is no mention of missing expectations. The tone and numbers indicate a beat or at least a solid meet.

Step 2 — GUIDANCE  
Guidance wa",13123,460
GPT-feat-inject,ternary,SRE,FLAT,"<reasoning>
Step 1 — EARNINGS SURPRISE  
Sempra reported Q1 2025 adjusted EPS of $1.44 vs. $1.34 in the prior period, and adjusted earnings of $942M vs. $854M last year. GAAP EPS was $1.39 vs. $1.26 prior. No explicit mention of consensus, but the language (""solid start"", ""favorably to prior period"") and analyst tone suggest results were at least in line, possibly a mild beat.

Step 2 — GUIDANCE  
Management affirmed full-year 2025 adjusted EPS guidance ($4.30–$4.70) and 2026 EPS guidance ($4.80",12729,395
GPT-feat-only,ternary,SRE,FLAT,"<reasoning>
Step 1 — EARNINGS SURPRISE  
No specific numbers are mentioned. The neutral tone from both management and analysts, combined with the absence of strong positive or negative sentiment, suggests results likely met expectations.

Step 2 — GUIDANCE  
No evidence of guidance being raised or lowered. Modal language (""may"", ""could"", ""might"") dominates, indicating hedged or cautious forward-looking statements. Guidance appears to be maintained or absent.

Step 3 — TONE & LANGUAGE  
Overall t",754,232
GPT-speaker-seg,ternary,SRE,FLAT,"<reasoning>
Step 1 — EARNINGS SURPRISE  
No specific figures (revenue, EPS, margins) are quoted. No evidence of a beat or miss; sentiment ratios are neutral, suggesting results likely met expectations.

Step 2 — GUIDANCE  
No explicit mention of guidance being raised, maintained, or lowered. Absence of guidance change implies status quo.

Step 3 — TONE & LANGUAGE  
Management and analyst sentiment are both neutral (+0.0000). Overall transcript tone is net positive (+0.0095), but modal language i",733,194
GPT-contrastive,ternary,SRE,FLAT,"<reasoning>
Step 1 — EARNINGS SURPRISE  
Sempra reported Q1 2025 adjusted EPS of $1.44 vs. $1.34 in the prior period, and adjusted earnings of $942M vs. $854M last year. No explicit mention of consensus, but results are described as ""solid start"" and ""favorably"" compared to prior year, suggesting at least an in-line quarter, possibly a mild beat.

Step 2 — GUIDANCE  
Management ""affirmed"" full-year 2025 adjusted EPS guidance ($4.30–$4.70) and 2026 EPS guidance ($4.80–$5.30). No raise or cut; gui",13078,348
GPT-xgb-inject,ternary,SRE,FLAT,"<reasoning>
Step 1 — EARNINGS SURPRISE  
Sempra reported Q1 2025 adjusted EPS of $1.44 vs. $1.34 in the prior period, and GAAP EPS of $1.39 vs. $1.26 last year. No explicit mention of consensus estimates, but the language (""compares favorably"") and analyst questions suggest results were in line or slightly above expectations, not a material beat.

Step 2 — GUIDANCE  
Management ""affirmed"" full-year 2025 adjusted EPS guidance ($4.30–$4.70) and 2026 EPS guidance ($4.80–$5.30). No raise or cut; gui",12773,344
GPT-feat-inject,ternary,SYK,UP,"<reasoning>
Step 1 — EARNINGS SURPRISE  
Stryker reported Q1 organic sales growth of 10.1% (vs. 10% in Q1 2024, with one fewer selling day), adjusted EPS of $2.84 (up 13.6% YoY), and adjusted gross margin of 65.5% (up 190 bps YoY). Segment growth was strong across MedSurg, Neurotechnology, and Orthopaedics. Analysts repeatedly congratulated management on a ""really nice quarter,"" indicating a clear beat on expectations.

Step 2 — GUIDANCE  
Management raised full-year organic net sales growth gui",13241,387
GPT-feat-only,ternary,SYK,FLAT,"<reasoning>
Step 1 — EARNINGS SURPRISE  
No specific numbers are mentioned. The transcript tone is net positive, but management and analyst sentiment are both neutral, suggesting results likely met expectations rather than a clear beat or miss.

Step 2 — GUIDANCE  
No evidence of guidance being raised or lowered. Modal language is mixed confidence, implying guidance was likely maintained or not materially changed.

Step 3 — TONE & LANGUAGE  
Management sentiment is neutral, and analyst tone is a",746,215
GPT-speaker-seg,ternary,SYK,FLAT,"<reasoning>
Step 1 — EARNINGS SURPRISE  
No specific figures are provided for revenue, EPS, or margins. There is no indication of a beat or miss; the transcript signals are neutral.

Step 2 — GUIDANCE  
No explicit mention of guidance being raised, maintained, or lowered. Guidance language is absent.

Step 3 — TONE & LANGUAGE  
Management and analyst tone are both neutral, with net sentiment at +0.0000. The overall transcript tone is net positive (+0.0071), but modal language is mixed confidence",725,201
GPT-contrastive,ternary,SYK,UP,"<reasoning>
Step 1 — EARNINGS SURPRISE  
Reported Q1 organic sales growth was 10.1% (vs. 10% in Q1 2024, with one fewer selling day), adjusted EPS of $2.84 up 13.6% YoY, and adjusted gross margin up 190 bps to 65.5%. Segment growth was strong across MedSurg, Neurotechnology, Orthopaedics, and Trauma/Extremities. Analysts repeatedly congratulated management on a ""really nice quarter,"" indicating a clear beat.

Step 2 — GUIDANCE  
Full-year organic sales growth guidance was raised to 8.5%–9.5% (pr",13601,363
GPT-xgb-inject,ternary,SYK,UP,"<reasoning>
Step 1 — EARNINGS SURPRISE  
Stryker reported Q1 organic sales growth of 10.1% (vs. 10% in Q1 2024, with one fewer selling day), adjusted EPS of $2.84 up 13.6% YoY, and adjusted gross margin of 65.5% (up 190 bps YoY). Segment growth was strong across MedSurg, Neurotechnology, Orthopaedics, and Trauma/Extremities. Analyst comments (""Congrats on a really nice quarter"", ""impressive quarter"", ""great start to the year"") and management's own remarks indicate a clear beat on expectations.

",13293,436
GPT-feat-inject,ternary,TJX,UP,"<reasoning>
Step 1 — EARNINGS SURPRISE  
TJX reported Q4 sales, profitability, and EPS ""well above our expectations."" Q4 comp sales +5% (driven by transactions), diluted EPS $1.23 (up 10% vs last year's adjusted $1.12), pretax profit margin 11.6% (up 70bps vs last year, above high end of plan), gross margin up 100bps. Full-year EPS $4.26 (up 13% vs $3.76). All divisions showed strong comp sales growth. This is a clear beat.

Step 2 — GUIDANCE  
Full-year fiscal 2026 guidance: comp sales growth 2",11495,463
GPT-feat-only,ternary,TJX,FLAT,"<reasoning>
Step 1 — EARNINGS SURPRISE  
No specific numbers are provided, and both management and analyst net sentiment are neutral (+0.0000). This suggests reported figures likely met expectations, with no material beat or miss.

Step 2 — GUIDANCE  
There is no evidence of guidance being raised or lowered. Modal language is confident, but no explicit guidance change is indicated, implying guidance was likely maintained or not materially updated.

Step 3 — TONE & LANGUAGE  
Overall transcript t",753,241
GPT-speaker-seg,ternary,TJX,FLAT,"<reasoning>
Step 1 — EARNINGS SURPRISE  
No specific figures are provided for revenue, EPS, or margins. There is no indication of a beat or miss; the transcript signals are neutral.

Step 2 — GUIDANCE  
No explicit mention of guidance being raised, maintained, or lowered. The absence of guidance change suggests in-line expectations.

Step 3 — TONE & LANGUAGE  
Overall transcript tone is net positive, but both management and analyst sentiment are neutral. Confident modal language is present, but ",732,191
GPT-contrastive,ternary,TJX,UP,"<reasoning>
Step 1 — EARNINGS SURPRISE  
TJX reported Q4 sales, profitability, and EPS ""well above our expectations."" Q4 comp sales up 5% (driven by transactions), diluted EPS $1.23 (up 10% vs last year's adjusted $1.12), gross margin up 100bps, pretax profit margin up 70bps vs plan. Full-year EPS $4.26, up 13% vs $3.76. All metrics exceeded internal guidance and likely consensus.

Step 2 — GUIDANCE  
Forward guidance for fiscal 2026: comp sales growth of 2–3%, EPS $4.34–$4.43 (up 2–4% vs prior ",11854,418
GPT-xgb-inject,ternary,TJX,FLAT,"<reasoning>
Step 1 — EARNINGS SURPRISE  
Reported Q4 sales, profitability, and EPS were ""well above our expectations."" Q4 comp sales +5% (driven by transactions), pretax profit margin 11.6% (up 70bps vs last year, above high end of plan), gross margin up 100bps, EPS $1.23 (up 10% vs last year, well above plan). Full-year EPS $4.26 (up 13% vs last year, above guidance). All divisions showed strong comp sales growth. This is a clear beat.

Step 2 — GUIDANCE  
Full-year fiscal 2026 guidance: comp s",11536,487
GPT-feat-inject,ternary,TMO,FLAT,"<reasoning>
Step 1 — EARNINGS SURPRISE  
Reported Q1 revenue was $10.36B, adjusted EPS $5.15 (up 1%), and adjusted operating margin 21.9%. Management and CFO both state results were ""ahead of expectations"" and ""clean beat for the quarter"" — organic revenue ~$100M (1%) ahead, adjusted EPS $0.04 ahead. Margins slightly down YoY but productivity offset FX/mix headwinds. Overall, a modest beat.

Step 2 — GUIDANCE  
Guidance was updated: ""Adjusted EPS is a dollar lower at the midpoint than our previo",11547,425
GPT-feat-only,ternary,TMO,FLAT,"<reasoning>
Step 1 — EARNINGS SURPRISE  
No specific numbers are provided. The neutral tone from both management and analysts, combined with the absence of strong positive or negative sentiment, suggests results were in line with expectations (neither a beat nor a miss).

Step 2 — GUIDANCE  
No evidence of guidance being raised, lowered, or changed. The transcript features mixed confidence language and no clear forward-looking statements, implying guidance was likely maintained or not materially",747,226
GPT-speaker-seg,ternary,TMO,FLAT,"<reasoning>
Step 1 — EARNINGS SURPRISE  
No specific figures are provided in the transcript. Pre-computed signals do not indicate a beat or miss; tone is neutral, suggesting results likely met expectations.

Step 2 — GUIDANCE  
No explicit mention of guidance being raised, lowered, or maintained. Absence of guidance change implies no material update.

Step 3 — TONE & LANGUAGE  
Management and analyst tone are both neutral (net sentiment +0.0000), with mixed confidence language and no strong posi",726,168
GPT-contrastive,ternary,TMO,FLAT,"<reasoning>
Step 1 — EARNINGS SURPRISE  
Reported Q1 revenue was $10.36 billion, adjusted EPS grew 1% to $5.15 (GAAP EPS up 15% YoY), and revenue performance was ""ahead of our expectations."" Management and CFO both state Q1 financials were ahead of prior guidance: organic revenue ~$100M or 1% ahead, adjusted EPS $0.04 ahead. Margins were slightly lower YoY (adjusted operating margin 21.9%, down 10 bps), but overall a ""clean beat for the quarter.""

Step 2 — GUIDANCE  
Guidance was updated to refl",11907,413
GPT-xgb-inject,ternary,TMO,UP,"<reasoning>
Step 1 — EARNINGS SURPRISE  
Reported Q1 revenue was $10.36B, adjusted EPS grew 1% to $5.15 (GAAP EPS up 15% YoY), and adjusted operating margin was 21.9%. Management and CFO both stated results were ""ahead of expectations"" and ""clean beat for the quarter,"" with organic revenue ~$100M (1%) and EPS $0.04 above prior guidance. Segment performance was generally positive, with most segments showing low single-digit growth and productivity offsetting mix/FX headwinds.

Step 2 — GUIDANCE  ",11588,500
GPT-feat-inject,ternary,TMUS,UP,"<reasoning>
Step 1 — EARNINGS SURPRISE  
Reported figures were strong: ""best-ever Q1 for total postpaid net additions,"" ""postpaid service revenues once again grew 8% year over year,"" ""overall service revenues grew 5%,"" ""core adjusted EBITDA also grew 8% year over year,"" ""delivered $4.4 billion in adjusted free cash flow, a new Q1 record."" These are all above industry averages and prior year comparisons, suggesting a beat.

Step 2 — GUIDANCE  
Forward guidance was raised: ""We're also increasing o",12946,372
GPT-feat-only,ternary,TMUS,FLAT,"<reasoning>
Step 1 — EARNINGS SURPRISE  
No specific numbers are mentioned. The transcript tone is net positive, but both management and analyst sentiment are neutral, suggesting results likely met expectations without a material beat or miss.

Step 2 — GUIDANCE  
No evidence of guidance being raised or lowered. Modal language is mixed confidence, implying guidance was likely maintained or not materially changed.

Step 3 — TONE & LANGUAGE  
Management sentiment is neutral (+0.0000), and analyst ",747,204
GPT-speaker-seg,ternary,TMUS,FLAT,"<reasoning>
Step 1 — EARNINGS SURPRISE  
No specific figures are provided for revenue, EPS, or margins. There is no indication of a beat or miss; the transcript signals are neutral.

Step 2 — GUIDANCE  
No explicit mention of guidance being raised, maintained, or lowered. Guidance language is absent or unchanged.

Step 3 — TONE & LANGUAGE  
Overall transcript tone is net positive (+0.0077), but both management and analyst sentiment are neutral (+0.0000). Modal language is mixed confidence, sugge",726,188
GPT-contrastive,ternary,TMUS,UP,"<reasoning>
Step 1 — EARNINGS SURPRISE  
T-Mobile US reported ""another really strong quarter,"" with industry-leading customer service, revenue, and EBITDA growth. Specific highlights: best-ever Q1 for total postpaid net additions, postpaid ARPA growth of nearly 4% (highest Q1 in eight years), postpaid service revenues up 8% YoY, overall service revenues up 5% (triple the next closest competitor), core adjusted EBITDA up 8% YoY (double peer average), and $4.4B in adjusted free cash flow (new Q1 r",13306,467
GPT-xgb-inject,ternary,TMUS,UP,"<reasoning>
Step 1 — EARNINGS SURPRISE  
Reported figures were strong: ""best-ever Q1 for total postpaid net additions,"" ""postpaid ARPA growth of nearly 4%, our highest Q1 in eight years,"" ""postpaid service revenues once again grew 8% year over year,"" ""core adjusted EBITDA also grew 8% year over year,"" ""delivered $4.4 billion in adjusted free cash flow, a new Q1 record."" No explicit mention of consensus, but language and metrics indicate a beat.

Step 2 — GUIDANCE  
Guidance was raised: ""we're al",12994,384
GPT-feat-inject,ternary,TSLA,FLAT,"<reasoning>
Step 1 — EARNINGS SURPRISE  
No explicit EPS or revenue figures are quoted in the transcript. However, management notes ""record gross profit for energy storage business in the quarter"" and describes Q1 as ""usually the worst quarter of the year"" due to seasonality. There is mention of ""auto margins declined sequentially primarily due to a reduction in the total number of deliveries, lower fixed cost absorption due to factory change awards and lower regulatory credit revenues,"" offset ",14615,444
GPT-feat-only,ternary,TSLA,FLAT,"<reasoning>
Step 1 — EARNINGS SURPRISE  
No specific numbers are mentioned, and the overall tone is neutral with positive and negative language balanced. This suggests reported figures likely met expectations, with no material beat or miss.

Step 2 — GUIDANCE  
No evidence of guidance being raised or lowered; modal language is confident but not explicitly positive or negative. Guidance appears to be maintained or absent, with no signal of a change.

Step 3 — TONE & LANGUAGE  
Management sentimen",751,211
GPT-speaker-seg,ternary,TSLA,FLAT,"<reasoning>
Step 1 — EARNINGS SURPRISE  
No specific figures are quoted in the transcript. Pre-computed NLP signals and tone analysis indicate results were in-line with expectations, with no evidence of a material beat or miss.

Step 2 — GUIDANCE  
No explicit mention of guidance being raised, lowered, or maintained. The transcript tone and modal language (""will"", ""shall"") suggest confidence but do not indicate a change in outlook.

Step 3 — TONE & LANGUAGE  
Management sentiment is neutral, wit",730,200
GPT-contrastive,ternary,TSLA,FLAT,"<reasoning>
Step 1 — EARNINGS SURPRISE  
No explicit EPS or revenue figures are quoted in the transcript. However, management notes ""record gross profit for energy storage business in the quarter"" and describes Q1 as ""usually the worst quarter of the year"" due to seasonality. There is mention of ""decline of our vehicle deliveries in the first quarter,"" which was previously guided due to factory updates, and ""auto margins declined sequentially primarily due to a reduction in the total number of d",14973,455
GPT-xgb-inject,ternary,TSLA,DOWN,"<reasoning>
Step 1 — EARNINGS SURPRISE  
No explicit EPS or revenue figures are quoted in the transcript, but management acknowledges ""decline of our vehicle deliveries in the first quarter"" and ""auto margins declined sequentially primarily due to a reduction in the total number of deliveries, lower fixed cost absorption due to factory change awards and lower regulatory credit revenues."" Energy storage business hit record gross profit, but overall auto business underperformed. The mention of ""Bi",14654,456
GPT-feat-inject,ternary,TT,UP,"<reasoning>
Step 1 — EARNINGS SURPRISE  
Reported Q1 results were strong: 11% organic revenue growth, 130 basis points of adjusted EBITDA margin expansion, and 26% adjusted EPS growth. Management repeatedly described results as ""strong,"" ""robust,"" and ""industry-leading."" No explicit mention of consensus, but the tone and analyst congratulations suggest a beat.

Step 2 — GUIDANCE  
Guidance was maintained, not raised: ""At this early stage in the year, we are maintaining our prior guidance ranges ",12591,324
GPT-feat-only,ternary,TT,FLAT,"<reasoning>
Step 1 — EARNINGS SURPRISE  
No specific numbers are provided. The transcript tone is net positive, but management and analyst sentiment are both neutral, suggesting results likely met expectations rather than a clear beat or miss.

Step 2 — GUIDANCE  
No evidence of guidance being raised or lowered. Modal language is dominated by hedging (""may"", ""could"", ""might""), indicating that guidance was likely maintained or not materially changed.

Step 3 — TONE & LANGUAGE  
Management sentime",754,228
GPT-speaker-seg,ternary,TT,FLAT,"<reasoning>
Step 1 — EARNINGS SURPRISE  
No specific figures are provided for revenue, EPS, or margins. There is no evidence of a beat or miss; the transcript signals are neutral.

Step 2 — GUIDANCE  
No explicit mention of guidance being raised, maintained, or lowered. The management prepared remarks are neutral, and there is no guidance change indicated.

Step 3 — TONE & LANGUAGE  
Overall transcript tone is net positive (+0.0129), but hedged language dominates, suggesting caution. Both manage",733,188
GPT-contrastive,ternary,TT,UP,"<reasoning>
Step 1 — EARNINGS SURPRISE  
Trane Technologies reported strong Q1 results: 11% organic revenue growth, 130 basis points of adjusted EBITDA margin expansion, and 26% adjusted EPS growth. Bookings were robust (up 4%), backlog increased by $500M, and the book-to-bill ratio was >1 across all segments. Management described results as ""strong financial results"" and ""industry-leading revenue and EPS growth."" No explicit mention of consensus, but the tone and numbers suggest a beat.

Step 2",12942,364
GPT-xgb-inject,ternary,TT,FLAT,"<reasoning>
Step 1 — EARNINGS SURPRISE  
Reported Q1 results were strong: 11% organic revenue growth, 130 bps adjusted EBITDA margin expansion, and 26% adjusted EPS growth. Bookings were robust (up 4%), backlog increased by $500M, and all segments had book-to-bill ratios ≥1. Management repeatedly described results as ""strong"" and ""industry-leading."" No explicit mention of consensus, but the tone and numbers suggest a beat or at least a solid meet.

Step 2 — GUIDANCE  
Guidance was maintained: ""w",12628,380
GPT-feat-inject,ternary,TXN,FLAT,"<reasoning>
Step 1 — EARNINGS SURPRISE  
Reported Q1 revenue was $4.1 billion (+2% sequential, +11% YoY), EPS was $1.28 (including a $0.05 benefit not in original guidance), and gross margin was 57% (down 90bps sequentially). Operating profit up 3% YoY. Management notes ""revenue did better than the midpoint"" and gross margin ""did better than expected,"" but the transcript does not indicate a clear beat versus consensus; results appear roughly in-line with some modest upside.

Step 2 — GUIDANCE  
",9138,410
GPT-feat-only,ternary,TXN,FLAT,"<reasoning>
Step 1 — EARNINGS SURPRISE  
No specific numbers are mentioned. The overall transcript tone is neutral, with positive and negative language balanced, suggesting reported figures likely met expectations and there was no material earnings surprise.

Step 2 — GUIDANCE  
No evidence of guidance being raised or lowered. The tone and modal language are mixed, with no clear indication of a change in outlook. This implies guidance was likely maintained or absent.

Step 3 — TONE & LANGUAGE  
",746,227
GPT-speaker-seg,ternary,TXN,FLAT,"<reasoning>
Step 1 — EARNINGS SURPRISE  
No specific figures are quoted, and there is no indication of a beat or miss. The transcript tone and sentiment ratios suggest results were in-line with expectations.

Step 2 — GUIDANCE  
No explicit mention of guidance being raised, lowered, or maintained. The neutral tone and absence of guidance-related language imply guidance was likely maintained or not materially changed.

Step 3 — TONE & LANGUAGE  
Management sentiment is neutral, with mixed confide",725,193
GPT-contrastive,ternary,TXN,FLAT,"<reasoning>
Step 1 — EARNINGS SURPRISE  
Reported Q1 revenue was $4.1 billion (+2% sequential, +11% YoY), EPS $1.28 (including $0.05 above original guidance), gross margin 57% (down 90bps sequentially but up YoY). Operating profit up 3% YoY. Revenue and EPS both came in above the midpoint of guidance, with gross margin better than expected due to higher revenue and mix. Analysts noted guidance was ""up 7%, that's even better than normal seasonal,"" suggesting a mild beat.

Step 2 — GUIDANCE  
Q2 g",9497,452
GPT-xgb-inject,ternary,TXN,UP,"<reasoning>
Step 1 — EARNINGS SURPRISE  
Reported Q1 revenue was $4.1 billion, up 2% sequentially and 11% year-over-year. EPS was $1.28, including a $0.05 benefit not in original guidance. Gross margin was 57%, with a sequential decrease of 90bps but up from the year-ago quarter. Operating profit and net income were up year-over-year. Management noted revenue and gross margin were above expectations, driven by higher revenue and a greater mix of industrial. Analyst comments (""guidance up 7%, tha",9183,421
GPT-feat-inject,ternary,UBER,FLAT,"<reasoning>
Step 1 — EARNINGS SURPRISE  
No explicit EPS or revenue numbers are quoted in the transcript, but management repeatedly references ""very strong trip growth"" (19% YoY for three quarters), ""all-time margins,"" and ""very strong profit expansion."" Delivery margins expanded 70bps YoY, and grocery/retail is now accretive. No mention of a miss or disappointment; all signals point to a beat or at least a solid in-line quarter.

Step 2 — GUIDANCE  
Management states: ""our Q2 outlook should und",8321,367
GPT-feat-only,ternary,UBER,FLAT,"<reasoning>
Step 1 — EARNINGS SURPRISE  
No specific numbers are mentioned. The overall transcript tone is net positive, but management and analyst sentiment are both neutral, suggesting results likely met expectations rather than a clear beat or miss.

Step 2 — GUIDANCE  
No explicit guidance change is indicated. Hedged language dominates (""may"", ""could"", ""might""), implying that guidance was either maintained or not materially changed.

Step 3 — TONE & LANGUAGE  
Management sentiment is neutral",755,229
GPT-speaker-seg,ternary,UBER,FLAT,"<reasoning>
Step 1 — EARNINGS SURPRISE  
No specific figures are quoted in the transcript. Pre-computed signals do not indicate a beat or miss; tone is neutral, suggesting results likely met expectations.

Step 2 — GUIDANCE  
No explicit mention of guidance being raised, maintained, or lowered. Absence of guidance change implies outlook was likely maintained.

Step 3 — TONE & LANGUAGE  
Management and analyst sentiment are both neutral (net sentiment +0.0000). Hedged language dominates, indicati",734,180
GPT-contrastive,ternary,UBER,UP,"<reasoning>
Step 1 — EARNINGS SURPRISE  
No explicit EPS or revenue numbers are quoted, but management repeatedly references ""all-time margins for the quarter,"" ""very strong trip growth,"" ""delivery margins up 70 BPs versus a year ago,"" and ""incremental margins for delivery in Q1 were 9%."" Analyst questions do not probe for clarification or express concern, suggesting results at least met, and likely beat, expectations.

Step 2 — GUIDANCE  
Management states: ""our Q2 outlook should underscore our",8672,336
GPT-xgb-inject,ternary,UBER,FLAT,"<reasoning>
Step 1 — EARNINGS SURPRISE  
No specific revenue, EPS, or margin numbers are quoted in the transcript. However, management repeatedly references ""all-time margins for the quarter,"" ""very strong trip growth,"" and ""very strong expansion"" in delivery margins. There is mention of ""19% year-over-year trip growth"" for three quarters, and delivery margins up 70bps YoY. No explicit mention of a miss or beat, but tone suggests results were at least in-line or slightly positive.

Step 2 — GUID",8351,376
GPT-feat-inject,ternary,UNH,DOWN,"<reasoning>
Step 1 — EARNINGS SURPRISE  
Reported Q1 performance was below expectations. Management described results as ""frankly unusual and unacceptable,"" and noted ""performance in the quarter was below the standards we expect."" Adjusted EPS outlook for the year was revised to $26–$26.50, which was described as ""extremely disappointed to share."" Medical care ratio (MLR) increased due to higher utilization, and Optum Health revenue/earnings outlook was reduced. No explicit mention of a beat; al",12185,389
GPT-feat-only,ternary,UNH,FLAT,"<reasoning>
Step 1 — EARNINGS SURPRISE  
No specific numbers are provided. The overall transcript tone is net positive, but both management and analyst sentiment are neutral, suggesting results likely met expectations without a material beat or miss.

Step 2 — GUIDANCE  
No explicit guidance change is indicated. The mixed confidence language and neutral management tone imply guidance was likely maintained or not materially updated.

Step 3 — TONE & LANGUAGE  
Management sentiment is neutral (+0.",746,229
GPT-speaker-seg,ternary,UNH,FLAT,"<reasoning>
Step 1 — EARNINGS SURPRISE  
No specific figures are provided, and NLP signals do not indicate a clear beat or miss. The neutral tone from both management and analysts suggests results were in line with expectations.

Step 2 — GUIDANCE  
No explicit mention of guidance being raised, lowered, or maintained. The absence of guidance change language implies guidance was likely maintained.

Step 3 — TONE & LANGUAGE  
Management sentiment is neutral (net sentiment +0.0000), and analyst Q&A",725,183
GPT-contrastive,ternary,UNH,DOWN,"<reasoning>
Step 1 — EARNINGS SURPRISE  
Reported adjusted EPS outlook for the year was revised down to $26–$26.50 (""we're revising our adjusted earnings per share outlook for the year to $26 to $26.50""), which management described as ""frankly unusual and unacceptable."" Medical care ratio (MLR) is now expected to be 87.5% ±50bps, reflecting higher utilization. Optum Health revenue outlook reduced, offset by better-than-expected UnitedHealthcare and Optum Rx revenues. Overall, Q1 performance miss",12545,375
GPT-xgb-inject,ternary,UNH,DOWN,"<reasoning>
Step 1 — EARNINGS SURPRISE  
Reported Q1 performance was below expectations. Management described results as ""unusual and unacceptable,"" and specifically noted ""performance in the quarter was below the standards we expect."" Adjusted EPS outlook for the year was revised to $26–$26.50, which is a reduction from prior guidance. Medical care ratio (MLR) increased due to higher utilization, especially in Medicare Advantage, and Optum Health revenue/earnings outlook was reduced. No mention",12237,406
GPT-feat-inject,ternary,UNP,FLAT,"<reasoning>
Step 1 — EARNINGS SURPRISE  
Reported Q1 2025 EPS was $2.70, net income $1.6B, and operating income $2.4B — all ""essentially flat versus last year"" despite a $0.19 EPS headwind from fuel and leap year. Operating ratio was 60.7%, also flat. Freight revenue grew 1% (4% ex-fuel surcharge). Management repeatedly described results as ""solid"" and ""record first quarter operating performance,"" but there is no evidence of a material beat or miss; results matched expectations.

Step 2 — GUIDAN",14871,396
GPT-feat-only,ternary,UNP,FLAT,"<reasoning>
Step 1 — EARNINGS SURPRISE  
No specific numbers are mentioned. The neutral tone from both management and analysts, combined with the lack of strong positive or negative sentiment, suggests results likely met expectations.

Step 2 — GUIDANCE  
No evidence of guidance being raised or lowered. The transcript features mixed confidence language and no clear directional signal, implying guidance was likely maintained or not materially changed.

Step 3 — TONE & LANGUAGE  
Management and an",745,220
GPT-speaker-seg,ternary,UNP,FLAT,"<reasoning>
Step 1 — EARNINGS SURPRISE  
No specific figures are provided for revenue, EPS, or margins. There is no indication of a beat or miss; the transcript signals are neutral.

Step 2 — GUIDANCE  
No explicit mention of guidance being raised, maintained, or lowered. Guidance language is absent or unchanged.

Step 3 — TONE & LANGUAGE  
Overall transcript tone is net positive (+0.0109), but both management and analyst sentiment are exactly neutral (+0.0000). Modal language is mixed confidenc",724,190
GPT-contrastive,ternary,UNP,FLAT,"<reasoning>
Step 1 — EARNINGS SURPRISE  
Reported Q1 2025 EPS was $2.70, net income $1.6B, and operating income flat vs last year. Operating ratio was 60.7%, also flat. Freight revenue grew 1% (4% ex-fuel surcharge), but overall results were essentially flat, with headwinds from fuel and leap year. No explicit mention of beating or missing consensus, but transcript and commentary indicate results were in line with expectations.

Step 2 — GUIDANCE  
Guidance was maintained: ""we are maintaining th",15231,386
GPT-xgb-inject,ternary,UNP,FLAT,"<reasoning>
Step 1 — EARNINGS SURPRISE  
Reported Q1 2025 EPS was $2.70, net income $1.6B, and operating ratio 60.7% — all ""essentially flat versus last year."" Freight revenue grew 1% (4% ex-fuel surcharge), with record core pricing. Operating income was flat. Management repeatedly cited headwinds from fuel and leap year ($0.19 EPS, 90bps OR impact). No explicit mention of consensus estimates, but results appear in-line, with no material beat or miss.

Step 2 — GUIDANCE  
Guidance was maintained",14918,406
GPT-feat-inject,ternary,V,UP,"<reasoning>
Step 1 — EARNINGS SURPRISE  
Visa reported Q2 net revenue of $9.6 billion, up 9% YoY, and EPS up 10% YoY ($2.76). Management stated EPS was ""better-than-expected, primarily due to stronger operating performance and a lower tax rate than expected."" Value-added services revenue grew 22% in constant dollars, also described as ""better-than-expected."" Client incentives grew 15%, ""lower than expected."" Overall, results were a clear beat.

Step 2 — GUIDANCE  
Forward guidance was maintained",11491,376
GPT-feat-only,ternary,V,FLAT,"<reasoning>
Step 1 — EARNINGS SURPRISE  
No specific numbers are mentioned, and the tone is neutral. There is no evidence of a beat or miss; likely, results met expectations.

Step 2 — GUIDANCE  
No explicit language indicating raised, lowered, or maintained guidance. Hedged modal language (""may"", ""could"", ""might"") dominates, suggesting management avoided strong forward-looking statements and likely maintained or gave cautious guidance.

Step 3 — TONE & LANGUAGE  
Overall transcript tone is net ",752,235
GPT-speaker-seg,ternary,V,FLAT,"<reasoning>
Step 1 — EARNINGS SURPRISE  
No specific figures are provided for revenue, EPS, or margins. There is no evidence of a beat or miss; sentiment is neutral.

Step 2 — GUIDANCE  
No explicit mention of guidance being raised, maintained, or lowered. Guidance language is absent.

Step 3 — TONE & LANGUAGE  
Management and analyst tone are both neutral, with net sentiment at +0.0000. Hedged language dominates, indicating caution rather than confidence. No strong positive or negative signals.",731,162
GPT-contrastive,ternary,V,UP,"<reasoning>
Step 1 — EARNINGS SURPRISE  
Visa reported Q2 net revenue of $9.6 billion, up 9% YoY, and EPS up 10%. Management stated EPS was ""better-than-expected, primarily due to stronger operating performance and a lower tax rate than expected."" Value-added services revenue grew 22% in constant dollars, also described as ""better-than-expected."" Client incentives grew 15%, ""lower than expected."" Overall, results were a clear beat.

Step 2 — GUIDANCE  
Forward guidance was maintained: ""Our full-",11842,365
GPT-xgb-inject,ternary,V,UP,"<reasoning>
Step 1 — EARNINGS SURPRISE  
Visa reported Q2 net revenue of $9.6 billion, up 9% YoY, and EPS up 10%. Management stated: ""EPS was up 10% year-over-year and 11% in constant dollars, better-than-expected, primarily due to stronger operating performance and a lower tax rate than expected."" Value-added services revenue grew 22% in constant dollars, also described as ""better-than-expected."" Client incentives grew 15%, ""lower than expected."" Overall, results beat expectations.

Step 2 — GU",11526,388
GPT-feat-inject,ternary,WELL,UP,"<reasoning>
Step 1 — EARNINGS SURPRISE  
Welltower reported Q1 normalized FFO per share of $1.20, up ~19% YoY, and same-store NOI growth of 12.9%. Senior housing operating portfolio NOI growth exceeded 20% for the 10th consecutive quarter, with occupancy up 400bps YoY and RevPOR up nearly 6%. These results are described as ""better-than-expected,"" indicating a clear beat.

Step 2 — GUIDANCE  
Management raised the midpoint of full-year normalized FFO guidance by $0.10 per share to $4.97 (""raise t",12532,326
GPT-feat-only,ternary,WELL,FLAT,"<reasoning>
Step 1 — EARNINGS SURPRISE  
No specific numbers are mentioned, and both management and analyst net sentiment are neutral (+0.0000). This suggests reported figures likely met expectations, with no material beat or miss.

Step 2 — GUIDANCE  
There is no evidence of guidance being raised or lowered. The confident modal language (""will"", ""shall"") is present, but management tone is neutral, implying guidance was likely maintained or not materially changed.

Step 3 — TONE & LANGUAGE  
Ove",750,236
GPT-speaker-seg,ternary,WELL,FLAT,"<reasoning>
Step 1 — EARNINGS SURPRISE  
No specific figures (revenue, EPS, margins) are quoted. No evidence of a beat or miss; signals suggest results were in-line with expectations.

Step 2 — GUIDANCE  
No explicit mention of guidance being raised, maintained, or lowered. Guidance appears absent or unchanged.

Step 3 — TONE & LANGUAGE  
Management and analyst tone are both neutral, with no significant positive or negative sentiment. Confident modal language is present, but overall sentiment is",729,178
GPT-contrastive,ternary,WELL,UP,"<reasoning>
Step 1 — EARNINGS SURPRISE  
Welltower reported Q1 normalized FFO per share of $1.20, up 18.8% year-over-year, and total portfolio same-store NOI growth of 12.9%. Senior housing operating portfolio NOI growth exceeded 20% for the 10th consecutive quarter, with occupancy up 400bps YoY and RevPOR growth nearly 6%. These results were described as ""better-than-expected,"" indicating a clear beat.

Step 2 — GUIDANCE  
Welltower raised the midpoint of its full-year normalized FFO guidance b",12887,382
GPT-xgb-inject,ternary,WELL,UP,"<reasoning>
Step 1 — EARNINGS SURPRISE  
Welltower reported ""approximately 19% growth in FFO per share,"" ""18.8% year-over-year growth"" in normalized FFO, and ""total portfolio same-store NOI growth of 12.9%."" Senior housing operating portfolio NOI growth exceeded 20% for the 10th consecutive quarter, with occupancy up 400bps YoY and RevPOR up nearly 6%. These results are described as ""better-than-expected,"" indicating a clear beat on operational metrics.

Step 2 — GUIDANCE  
Management ""raised th",12572,383
GPT-feat-inject,ternary,WFC,FLAT,"<reasoning>
Step 1 — EARNINGS SURPRISE  
EPS up 16% YoY; Q1 diluted EPS $1.39, both up from a year ago. Fee-based revenue grew, expenses declined, credit performance improved. However, revenue declined YoY due to lower net interest income (as expected). No explicit mention of consensus beat/miss, but ""solid first quarter results"" and double-digit EPS growth suggest results at least met, possibly modestly beat expectations.

Step 2 — GUIDANCE  
Guidance maintained: ""We've not changed our net inte",14851,366
GPT-feat-only,ternary,WFC,FLAT,"<reasoning>
Step 1 — EARNINGS SURPRISE  
No specific numbers are mentioned. The overall transcript tone is neutral, with positive and negative language roughly balanced, suggesting results likely met expectations with no material beat or miss.

Step 2 — GUIDANCE  
No evidence of guidance being raised or lowered. Modal language is mixed, and the uncertainty ratio is moderate, indicating guidance was likely maintained or absent.

Step 3 — TONE & LANGUAGE  
Management sentiment is neutral (+0.0000 ",748,200
GPT-speaker-seg,ternary,WFC,FLAT,"<reasoning>
Step 1 — EARNINGS SURPRISE  
No specific figures are provided for revenue, EPS, or margins. There is no indication of a beat or miss; the transcript signals are neutral.

Step 2 — GUIDANCE  
No explicit guidance change is mentioned. There is no language indicating raised, lowered, or maintained outlook; guidance appears absent or unchanged.

Step 3 — TONE & LANGUAGE  
Management sentiment is neutral, with mixed confidence language and no strong positive or negative tone. Analyst Q&A ",727,177
GPT-contrastive,ternary,WFC,FLAT,"<reasoning>
Step 1 — EARNINGS SURPRISE  
EPS up 16% YoY; Q1 diluted EPS $1.39, both up from a year ago. Fee-based revenue grew, expenses declined, credit performance improved. Net interest income declined as expected, but overall results described as ""solid."" No explicit mention of consensus beat/miss, but double-digit EPS growth and positive credit/expense trends suggest a mild beat or in-line.

Step 2 — GUIDANCE  
2025 net interest income guidance maintained: ""We have not changed our net inter",15210,361
GPT-xgb-inject,ternary,WFC,UP,"<reasoning>
Step 1 — EARNINGS SURPRISE  
Reported diluted EPS up 16% YoY; Q1 EPS of $1.39, both up from a year ago. Fee-based revenue grew across many businesses, expenses declined, and credit performance improved. No explicit mention of consensus estimates, but double-digit EPS growth and positive commentary suggest a likely beat or at least a solid ""meet"" with positive surprise.

Step 2 — GUIDANCE  
Guidance for 2025 net interest income (NII) maintained: ""We have not changed our net interest i",14898,365
GPT-feat-inject,ternary,WMB,UP,"<reasoning>
Step 1 — EARNINGS SURPRISE  
Reported Q1 2025 adjusted EBITDA was $1.989 billion, up 3% YoY (5% ex-marketing), setting records in Transmission & Gulf and strong rebounds in other segments. Management states: ""this marks the 37th consecutive quarter of meeting or beating consensus,"" and ""our overall first quarter '25 results were basically right on top of our business plan."" No explicit beat, but results are at least in-line, possibly modestly above expectations.

Step 2 — GUIDANCE  
",11769,354
GPT-feat-only,ternary,WMB,FLAT,"<reasoning>
Step 1 — EARNINGS SURPRISE  
No specific numbers are mentioned. The transcript tone is net positive, but both management and analyst sentiment are neutral, suggesting results likely met expectations with no material beat or miss.

Step 2 — GUIDANCE  
No evidence of guidance being raised or lowered; modal language is mixed confidence, implying guidance was likely maintained or not materially changed.

Step 3 — TONE & LANGUAGE  
Management and analyst tone are both neutral, with no div",747,197
GPT-speaker-seg,ternary,WMB,FLAT,"<reasoning>
Step 1 — EARNINGS SURPRISE  
No specific figures (revenue, EPS, margins) are provided. There is no indication of a beat or miss; the transcript signals are neutral.

Step 2 — GUIDANCE  
No explicit mention of guidance being raised, maintained, or lowered. Guidance language is absent.

Step 3 — TONE & LANGUAGE  
Management sentiment is neutral (net sentiment: +0.0000). Analyst Q&A tone is also neutral (net sentiment: +0.0000). Both sides are aligned, with no evidence of confidence or ",726,175
GPT-contrastive,ternary,WMB,UP,"<reasoning>
Step 1 — EARNINGS SURPRISE  
Reported Q1 2025 adjusted EBITDA was $1.989 billion, up 3% YoY, and ""basically right on top of our business plan."" Transmission & Gulf segment set an all-time record, West segment up 8%, Northeast G&P up 2%. Management notes ""37th consecutive quarter of meeting or beating consensus,"" implying at least a meet, possibly a slight beat. Dividend raised 5.3% to $0.50/share.

Step 2 — GUIDANCE  
Guidance was raised: ""raising our adjusted EBITDA guidance midpoin",12127,369
GPT-xgb-inject,ternary,WMB,UP,"<reasoning>
Step 1 — EARNINGS SURPRISE  
Reported Q1 adjusted EBITDA was $1.989 billion, up 3% YoY, and ""basically right on top of our business plan."" Management notes this quarter was expected to be the lowest growth rate of the year, with acceleration expected in subsequent quarters. No explicit mention of a beat or miss, but the phrase ""meeting or beating consensus"" for 37 consecutive quarters and ""eighth time we've raised our guidance"" suggests results at least met, possibly modestly beat, e",11814,385
GPT-feat-inject,ternary,WMT,UP,"<reasoning>
Step 1 — EARNINGS SURPRISE  
Walmart delivered another strong quarter, ""exceeding our sales, profit and earnings expectations."" Q4 sales growth was 5.2%, adjusted operating income up 9.4%, and adjusted EPS up 13%. Gross margin expanded 53 basis points. Management repeatedly states results were above the upper bound of guidance. January was the strongest comp month in the U.S. business. This is a clear beat.

Step 2 — GUIDANCE  
Guidance for FY26: ""consolidated net sales growth of app",12711,386
GPT-feat-only,ternary,WMT,FLAT,"<reasoning>
Step 1 — EARNINGS SURPRISE  
No specific numbers are mentioned. The transcript tone is net positive, but management and analyst sentiment are both neutral, suggesting results likely met expectations rather than a clear beat or miss.

Step 2 — GUIDANCE  
No explicit guidance change is indicated. Hedged language dominates, implying management did not raise or lower guidance, or was non-committal about outlook.

Step 3 — TONE & LANGUAGE  
Management sentiment is neutral (+0.0000), and a",754,210
GPT-speaker-seg,ternary,WMT,FLAT,"<reasoning>
Step 1 — EARNINGS SURPRISE  
No specific numbers are provided for revenue, EPS, or margins. There is no evidence of a beat or miss; the transcript and NLP signals do not indicate any material surprise.

Step 2 — GUIDANCE  
No explicit mention of guidance being raised, maintained, or lowered. The absence of guidance change suggests management did not materially alter outlook.

Step 3 — TONE & LANGUAGE  
Overall transcript tone is net positive (+0.0187), but management and analyst sent",733,200
GPT-contrastive,ternary,WMT,UP,"<reasoning>
Step 1 — EARNINGS SURPRISE  
Walmart delivered another strong quarter, ""exceeding our sales, profit and earnings expectations."" Q4 sales growth was 5.2%, adjusted operating income up 9.4%, adjusted EPS up 13%. Gross margin expanded 53 basis points. All these metrics were above guided ranges and consensus, indicating a clear beat.

Step 2 — GUIDANCE  
Forward guidance for FY26: ""consolidated net sales growth of approximately 3% to 4%,"" ""operating income projected to grow faster than s",13062,391
GPT-xgb-inject,ternary,WMT,UP,"<reasoning>
Step 1 — EARNINGS SURPRISE  
Walmart delivered another strong quarter, ""exceeding our sales, profit and earnings expectations."" Q4 sales grew 5.2%, adjusted operating income up 9.4%, and adjusted EPS up 13%. Gross margin expanded 53 basis points. Management repeatedly states results were above the upper bound of guidance. January was the strongest comp month in the U.S. business. This is a clear beat.

Step 2 — GUIDANCE  
Guidance for FY2026: ""consolidated net sales growth of approxi",12743,418
GPT-feat-inject,ternary,XOM,FLAT,"<reasoning>
Step 1 — EARNINGS SURPRISE  
Reported Q1 earnings were $7.7 billion, up 4% sequentially excluding identified items. Management described the quarter as ""another strong quarter,"" but there is no explicit mention of beating or missing analyst consensus. The transcript and Q&A do not reference a material beat or miss, suggesting results were broadly in-line.

Step 2 — GUIDANCE  
Guidance was maintained. Management reiterated their long-term plan to deliver $20 billion more in earnings a",10624,345
GPT-feat-only,ternary,XOM,FLAT,"<reasoning>
Step 1 — EARNINGS SURPRISE  
No specific numbers are mentioned. The neutral tone from both management and analysts, combined with the absence of strong positive or negative sentiment, suggests that reported figures likely met expectations.

Step 2 — GUIDANCE  
There is no evidence of guidance being raised or lowered. The modal language is mixed confidence, and no explicit guidance change is indicated, implying guidance was likely maintained or not materially updated.

Step 3 — TONE &",746,225
GPT-speaker-seg,ternary,XOM,FLAT,"<reasoning>
Step 1 — EARNINGS SURPRISE  
No specific figures or beats/misses are mentioned. No evidence of a material surprise in revenue, EPS, or margins.

Step 2 — GUIDANCE  
No explicit guidance change is noted. No language indicating raised, lowered, or maintained outlook.

Step 3 — TONE & LANGUAGE  
Management and analyst tone are both neutral, with net sentiment at +0.0000. Modal language is mixed confidence, and overall transcript tone is net positive but not strongly so. No evidence of e",725,182
GPT-contrastive,ternary,XOM,UP,"<reasoning>
Step 1 — EARNINGS SURPRISE  
Reported Q1 earnings were $7.7 billion, up 4% sequentially (excluding identified items), and $13 billion in cash flow from operations, leading all IOCs. No explicit mention of consensus, but the transcript and analyst reactions indicate results were strong and likely at least in-line, possibly a modest beat.

Step 2 — GUIDANCE  
Guidance was maintained: ""our capital allocation priorities remain unchanged,"" ""our ongoing transformation... is driving lower b",10982,300
GPT-xgb-inject,ternary,XOM,UP,"<reasoning>
Step 1 — EARNINGS SURPRISE  
Reported Q1 earnings were $7.7 billion, up 4% sequentially (excluding identified items). Cash flow from operations was $13 billion, leading all IOCs. No explicit mention of consensus estimates, but the tone and context (""delivered another strong quarter"") suggest results at least met, possibly modestly beat expectations. Margins are under pressure due to market conditions, but cost savings and asset sales are offsetting.

Step 2 — GUIDANCE  
Guidance was ",10671,384
